시도명,시군구명,구분,생활인구,2024.01,2024.01,2024.01,2024.01,2024.01,2024.01,2024.01,2024.01,2024.02,2024.02,2024.02,2024.02,2024.02,2024.02,2024.02,2024.02,2024.03,2024.03,2024.03,2024.03,2024.03,2024.03,2024.03,2024.03,2024.04,2024.04,2024.04,2024.04,2024.04,2024.04,2024.04,2024.04,2024.05,2024.05,2024.05,2024.05,2024.05,2024.05,2024.05,2024.05,2024.06,2024.06,2024.06,2024.06,2024.06,2024.06,2024.06,2024.06,2024.07,2024.07,2024.07,2024.07,2024.07,2024.07,2024.07,2024.07,2024.08,2024.08,2024.08,2024.08,2024.08,2024.08,2024.08,2024.08,2024.09,2024.09,2024.09,2024.09,2024.09,2024.09,2024.09,2024.09,2024.10,2024.10,2024.10,2024.10,2024.10,2024.10,2024.10,2024.10,2024.11,2024.11,2024.11,2024.11,2024.11,2024.11,2024.11,2024.11,2024.12,2024.12,2024.12,2024.12,2024.12,2024.12,2024.12,2024.12,2025.01,2025.01,2025.01,2025.01,2025.01,2025.01,2025.01,2025.01,2025.02,2025.02,2025.02,2025.02,2025.02,2025.02,2025.02,2025.02,2025.03,2025.03,2025.03,2025.03,2025.03,2025.03,2025.03,2025.03,2025.04,2025.04,2025.04,2025.04,2025.04,2025.04,2025.04,2025.04,2025.05,2025.05,2025.05,2025.05,2025.05,2025.05,2025.05,2025.05,2025.06,2025.06,2025.06,2025.06,2025.06,2025.06,2025.06,2025.06,2025.07,2025.07,2025.07,2025.07,2025.07,2025.07,2025.07,2025.07,2025.08,2025.08,2025.08,2025.08,2025.08,2025.08,2025.08,2025.08,2025.09,2025.09,2025.09,2025.09,2025.09,2025.09,2025.09,2025.09,2025.10,2025.10,2025.10,2025.10,2025.10,2025.10,2025.10,2025.10,2025.11,2025.11,2025.11,2025.11,2025.11,2025.11,2025.11,2025.11,2025.12,2025.12,2025.12,2025.12,2025.12,2025.12,2025.12,2025.12,2026.01,2026.01,2026.01,2026.01,2026.01,2026.01,2026.01,2026.01,2026.02,2026.02,2026.02,2026.02,2026.02,2026.02,2026.02,2026.02,2026.03,2026.03,2026.03,2026.03,2026.03,2026.03,2026.03,2026.03,
시도명,시군구명,구분,생활인구,계,20세 미만,20대,30대,40대,50대,60대,70세 이상,계,20세 미만,20대,30대,40대,50대,60대,70세 이상,계,20세 미만,20대,30대,40대,50대,60대,70세 이상,계,20세 미만,20대,30대,40대,50대,60대,70세 이상,계,20세 미만,20대,30대,40대,50대,60대,70세 이상,계,20세 미만,20대,30대,40대,50대,60대,70세 이상,계,20세 미만,20대,30대,40대,50대,60대,70세 이상,계,20세 미만,20대,30대,40대,50대,60대,70세 이상,계,20세 미만,20대,30대,40대,50대,60대,70세 이상,계,20세 미만,20대,30대,40대,50대,60대,70세 이상,계,20세 미만,20대,30대,40대,50대,60대,70세 이상,계,20세 미만,20대,30대,40대,50대,60대,70세 이상,계,20세 미만,20대,30대,40대,50대,60대,70세 이상,계,20세 미만,20대,30대,40대,50대,60대,70세 이상,계,20세 미만,20대,30대,40대,50대,60대,70세 이상,계,20세 미만,20대,30대,40대,50대,60대,70세 이상,계,20세 미만,20대,30대,40대,50대,60대,70세 이상,계,20세 미만,20대,30대,40대,50대,60대,70세 이상,계,20세 미만,20대,30대,40대,50대,60대,70세 이상,계,20세 미만,20대,30대,40대,50대,60대,70세 이상,계,20세 미만,20대,30대,40대,50대,60대,70세 이상,계,20세 미만,20대,30대,40대,50대,60대,70세 이상,계,20세 미만,20대,30대,40대,50대,60대,70세 이상,계,20세 미만,20대,30대,40대,50대,60대,70세 이상,계,20세 미만,20대,30대,40대,50대,60대,70세 이상,계,20세 미만,20대,30대,40대,50대,60대,70세 이상,계,20세 미만,20대,30대,40대,50대,60대,70세 이상,
"부산광역시","중구","관심","계","691723","79416","115636","102587","111736","114102","104940","63308","698039","89286","119632","104661","118217","111457","95973","58813","700769","68159","110317","107179","116405","119125","111233","68352","652607","56816","98028","99948","106297","111900","108957","70661","718144","84403","111986","107573","116633","117368","109480","70701","675701","61491","107542","106811","111512","114560","106546","67240","657775","67048","109410","100197","107518","110146","99204","64253","705386","78528","123413","111796","115741","113780","99038","63089","647479","64472","105490","103579","108221","106157","97015","62545","680047","68343","101977","102984","108931","111938","110420","75455","667337","63236","104989","104441","109164","112225","105093","68189","785048","93749","121147","121852","131982","128124","116883","71311","704419","84769","112937","110763","120182","115873","98129","61766","626358","74672","102922","92771","100339","102150","92576","60929","648442","60958","99974","99848","104437","109606","103437","70182","613428","50259","88130","93621","97920","106584","102999","73915","757271","93431","109718","115490","126184","123215","111924","77308","674610","62272","103049","108861","110309","113156","105190","71773","645872","67603","107902","100636","103761","105329","94622","66019","691324","77848","114412","111544","113557","110975","96971","66017","614482","50531","96127","98592","99159","102921","97567","69587","806960","98129","116637","125727","137780","128626","117769","82292","684797","62104","101834","106378","111326","115472","110270","77412","800707","93793","115316","123368","134620","131793","121680","80138","702902","81281","102672","106913","116696","116514","106215","72612","713137","92761","106841","108992","122649","114488","98424","68982","682305","64147","97831","104618","110362","114061","111022","80264",
"부산광역시","중구","관심","주민등록인구","38476","2507","5333","4269","4377","6321","7732","7937","38487","2509","5350","4263","4367","6306","7732","7960","38463","2501","5337","4272","4344","6290","7706","8013","38385","2469","5292","4282","4317","6286","7697","8042","38248","2459","5237","4267","4290","6268","7668","8059","38174","2446","5216","4257","4270","6239","7669","8077","38090","2419","5202","4241","4241","6248","7648","8091","37976","2388","5169","4236","4214","6225","7621","8123","37904","2369","5169","4218","4206","6200","7611","8131","37736","2334","5130","4199","4168","6184","7578","8143","37628","2293","5095","4193","4129","6182","7565","8171","37537","2286","5073","4176","4112","6163","7534","8193","37469","2289","5036","4165","4081","6157","7490","8251","37377","2274","5030","4144","4050","6128","7468","8283","37295","2268","4998","4121","4030","6104","7417","8357","37193","2264","4959","4126","4006","6086","7384","8368","37080","2234","4929","4109","3965","6082","7365","8396","36999","2210","4892","4111","3948","6071","7347","8420","36936","2195","4861","4122","3928","6052","7319","8459","36827","2174","4809","4131","3895","6031","7303","8484","36729","2147","4794","4110","3895","6002","7256","8525","36645","2136","4753","4101","3882","5982","7223","8568","36578","2130","4680","4097","3882","5968","7220","8601","36518","2110","4663","4056","3887","5949","7242","8611","36449","2108","4617","4024","3889","5924","7242","8645","36399","2113","4631","4006","3837","5894","7251","8667","36391","2115","4634","4014","3829","5854","7241","8704",
"부산광역시","중구","관심","체류인구","651057","76598","109690","97669","107055","107637","97096","55314","657511","86579","113702","99751","113546","105010","88129","50794","660242","65467","104389","102254","111749","112695","103409","60280","611974","53998","92130","94999","101671","105473","101146","62557","677763","81698","106166","102638","112019","110961","101701","62580","635351","58809","101722","101858","106916","108181","98765","59101","617434","64354","103570","95265","102949","103754","91444","56099","665183","75892","117612","106872","111193","107405","91304","54904","607363","61879","99679","98667","103687","99808","89291","54352","639991","65763","96120","98085","104437","105605","102732","67250","627409","60703","99187","99537","104713","105897","97417","59955","745117","91128","115367","116973","127542","121813","109240","63054","664585","82164","107186","105910","115769","109575","90529","53452","586709","72158","97195","87942","95949","95885","85000","52581","608930","58466","94317","95046","100062","103369","95911","61759","573792","47579","82478","88820","93567","100367","95504","65477","717873","90897","104103","110722","121863","117001","104445","68841","635316","59776","97473","104093","106007","106953","97731","63283","606603","65090","102340","95866","99472","99151","87191","57493","652220","75420","108892","106771","109296","104817","89558","57466","575445","48137","90592","93837","94891","96792","90201","60997","767869","95704","111042","120984","133532","122514","110435","73658","645847","59729","96341","101643","107076","109374","102938","68745","761809","91446","109835","118679","130352","125711","114326","71461","663892","78784","97201","102263","112424","110460","98862","63899","674355","90393","101379","104380","118427","108467","91062","60247","643540","61796","92355","99991","106161","108078","103667","71492",
"부산광역시","중구","관심","외국인","2190","311","613","649","304","144","112","57","2041","198","580","647","304","141","112","59","2064","191","591","653","312","140","118","59","2248","349","606","667","309","141","114","62","2133","246","583","668","324","139","111","62","2176","236","604","696","326","140","112","62","2251","275","638","691","328","144","112","63","2227","248","632","688","334","150","113","62","2212","224","642","694","328","149","113","62","2320","246","727","700","326","149","110","62","2300","240","707","711","322","146","111","63","2394","335","707","703","328","148","109","64","2365","316","715","688","332","141","110","63","2272","240","697","685","340","137","108","65","2217","224","659","681","345","133","109","66","2443","416","693","675","347","131","111","70","2318","300","686","659","356","132","114","71","2295","286","684","657","354","132","112","70","2333","318","701","648","361","126","112","67","2277","254","711","642","366","127","110","67","2308","247","741","645","373","127","110","65","2446","289","842","642","366","130","111","66","2372","245","813","638","368","130","112","66","2380","237","818","633","381","133","112","66","2561","389","854","626","383","130","111","68","2383","255","831","606","385","127","111","68","2374","236","842","613","372","129","114","68",
"부산광역시","서구","감소","계","465367","41927","56242","58187","73872","87441","85976","61723","496551","54138","63150","62983","82199","90361","83988","59733","465284","41128","59024","59310","73131","86560","85128","61003","477640","39336","58830","60655","74143","89111","89855","65710","511494","49347","62971","64972","80761","93847","92817","66780","498908","43846","62054","64751","79473","92640","91357","64786","476548","46932","60151","61805","76422","86195","83892","61151","512804","54955","68557","68975","82762","90191","86067","61298","494848","49760","65522","66937","80465","88664","83155","60346","490264","45636","60251","63180","76059","89754","89685","65698","475773","43010","61078","63075","75110","86815","84571","62114","481761","44426","60943","63812","75528","88302","85839","62910","493794","54760","61665","66269","80505","89117","81282","60196","436878","41648","53722","55636","68281","79224","78113","60254","453642","39754","55769","59313","70823","82868","81845","63269","449076","38014","54300","57887","68709","82596","82520","65050","505276","54265","62716","67241","79381","89275","85945","66455","465664","41359","56890","61623","72211","84999","83955","64627","474353","48740","57892","63154","74112","84505","81604","64346","502394","52617","64785","69037","78547","88678","83816","64914","453251","38736","56554","59846","69213","82015","81186","65699","526747","57170","65358","71076","84885","92570","87479","68210","471045","42533","56370","61452","72912","85445","84916","67417","463473","40274","54691","59867","71687","85765","84253","66936","451485","41820","51291","58510","70314","82878","81228","65443","479817","52721","57593","63398","77159","85906","79581","63459","458500","39526","52979","59041","69845","82794","84277","70038",
"부산광역시","서구","감소","주민등록인구","103889","11813","12127","10336","13456","16869","19377","19911","103694","11797","12063","10252","13404","16837","19382","19959","103525","11750","11983","10246","13383","16760","19372","20031","103289","11708","11878","10216","13318","16722","19366","20081","103138","11666","11807","10202","13277","16698","19338","20150","102983","11602","11753","10191","13211","16697","19319","20210","102859","11560","11654","10195","13164","16670","19325","20291","102915","11552","11608","10181","13143","16741","19301","20389","103197","11547","11615","10271","13157","16760","19376","20471","103337","11542","11578","10298","13149","16799","19408","20563","103239","11502","11508","10289","13116","16773","19421","20630","103188","11473","11436","10259","13101","16793","19413","20713","103065","11405","11364","10266","13065","16805","19332","20828","102995","11466","11253","10215","13005","16877","19271","20908","102891","11427","11160","10221","12976","16823","19203","21081","102763","11386","11077","10229","12937","16803","19198","21133","102681","11351","10972","10234","12917","16789","19211","21207","102581","11326","10942","10223","12906","16763","19174","21247","102526","11318","10906","10200","12897","16729","19138","21338","102490","11273","10960","10132","12908","16723","19094","21400","102322","11248","10906","10106","12879","16650","19070","21463","102191","11199","10849","10100","12828","16611","19076","21528","102096","11174","10810","10089","12779","16600","19027","21617","101892","11143","10702","10109","12728","16522","18995","21693","101633","11087","10570","10114","12663","16492","18943","21764","101572","11110","10525","10051","12646","16461","18913","21866","101452","11102","10533","10031","12555","16384","18901","21946",
"부산광역시","서구","감소","체류인구","359358","29850","43315","47404","60176","70410","66456","41748","390611","41978","50268","52275","68558","73361","64461","39711","359500","29022","46197","48613","59504","69639","65617","40908","372100","27292","46087","50000","60583","72228","70346","45564","405984","37268","50275","54321","67242","76985","73330","46564","393524","31844","49378","54100","66018","75782","71893","44508","371277","34978","47557","51146","63018","69365","64419","40794","407462","43014","55998","58323","69376","73288","66622","40842","389211","37830","52939","56192","67067","71738","63638","39808","384486","33743","47676","52411","62668","72785","70138","45064","370049","31175","48528","52313","61748","69864","65010","41411","376044","32616","48431","53081","62181","71329","66280","42125","388210","43033","49220","55532","67196","72134","61799","39296","331353","29844","41396","44953","55030","62166","58689","39275","348236","28010","43532","48622","57602","65865","62490","42114","343754","26311","42085","47199","55530","65619","63169","43841","399945","42516","50594","56554","66220","72309","66583","45171","360391","29635","44786","50924","59056","68063","64624","43303","369112","37047","45794","52479","60959","67594","62307","42932","397151","40968","52600","58423","65383","71775","64567","43435","348180","27129","44414","49254","56073","65190","61962","44156","421814","45638","53247","60497","71795","75782","68253","46603","366111","31014","44224","50868","59871","68669","65742","45723","358733","28799","42633","49255","58699","69070","65107","45170","346993","30411","39360","47888","57379","66216","62133","43605","375264","41192","45693","52829","64242","69273","60517","41518","354071","28013","41062","48493","57020","66240","65226","48017",
"부산광역시","서구","감소","외국인","2120","264","800","447","240","162","143","64","2246","363","819","456","237","163","145","63","2259","356","844","451","244","161","139","64","2251","336","865","439","242","161","143","65","2372","413","889","449","242","164","149","66","2401","400","923","460","244","161","145","68","2412","394","940","464","240","160","148","66","2427","389","951","471","243","162","144","67","2440","383","968","474","241","166","141","67","2441","351","997","471","242","170","139","71","2485","333","1042","473","246","178","140","73","2529","337","1076","472","246","180","146","72","2519","322","1081","471","244","178","151","72","2530","338","1073","468","246","181","153","71","2515","317","1077","470","245","180","152","74","2559","317","1138","459","242","174","153","76","2650","398","1150","453","244","177","151","77","2692","398","1162","476","249","173","157","77","2715","375","1192","475","256","182","159","76","2753","376","1225","482","256","180","155","79","2749","359","1234","486","261","175","154","80","2742","333","1262","479","262","177","150","79","2838","345","1336","495","262","176","147","77","2848","332","1356","503","260","173","151","73","2859","322","1361","508","272","170","152","74","2981","419","1375","518","271","172","151","75","2977","411","1384","517","270","170","150","75",
"부산광역시","동구","감소","계","607113","54961","94665","91465","98229","112002","96535","59255","628984","65898","101848","93904","104255","112199","93236","57646","606637","39907","89134","96257","99353","115111","103383","63493","620606","38618","86169","99196","101693","118468","107936","68526","665327","49448","93580","103572","107517","123545","113782","73883","674017","48969","98193","109082","109878","124641","112317","70937","651251","54033","109766","102134","104443","116622","100708","63546","680526","61278","126378","110447","107249","116712","98001","60461","669864","53809","104006","113449","111546","120083","102564","64407","701547","49327","105871","115967","112866","127977","115483","74056","703286","49218","109657","118825","113618","127895","113223","70851","708243","54357","112620","118701","112403","128705","112227","69230","703595","72884","116052","113409","113016","122768","101634","63831","698554","68893","114825","104315","106171","121582","111530","71237","657508","42769","99321","109005","105409","122290","108392","70323","637714","36553","87933","106470","103896","121703","108612","72546","738384","60082","114192","121438","117091","132003","115800","77777","688376","46478","106295","115714","109327","126090","110734","73738","696972","58735","116030","114097","110540","123171","104513","69886","749578","65971","140546","129275","115512","124489","105285","68501","670526","39586","102171","116440","108313","122303","108858","72856","728348","61760","112105","124710","117888","127971","109838","74076","703199","47810","107147","121435","112189","126686","112814","75118","702498","51430","105198","118255","112634","127474","112981","74527","700840","67275","107683","113185","111162","124764","106173","70597","712740","76624","115206","115062","115010","123556","100263","67018","671840","43286","95144","113426","106779","124107","111923","77175",
"부산광역시","동구","감소","주민등록인구","87619","8594","9312","10954","11345","14186","16040","17188","87460","8513","9267","10947","11271","14193","16026","17243","87275","8446","9227","10931","11223","14141","16025","17282","87170","8423","9188","10928","11182","14138","16000","17311","86973","8360","9138","10932","11147","14096","15984","17316","86820","8333","9112","10892","11121","14037","15965","17360","86719","8329","9039","10886","11119","14008","15947","17391","86497","8281","8968","10863","11083","13981","15905","17416","86308","8255","8926","10856","11001","13956","15862","17452","86151","8238","8851","10864","10986","13896","15814","17502","86087","8209","8819","10892","10965","13866","15784","17552","85911","8188","8755","10860","10928","13828","15764","17588","85857","8184","8714","10867","10912","13844","15686","17650","85755","8186","8697","10849","10904","13813","15619","17687","85559","8152","8626","10845","10857","13752","15508","17819","85214","8144","8544","10772","10794","13716","15414","17830","84897","8129","8447","10764","10732","13647","15364","17814","84653","8110","8393","10736","10673","13618","15276","17847","84431","8081","8335","10687","10653","13609","15227","17839","84327","8062","8267","10688","10641","13587","15190","17892","84160","8015","8207","10644","10615","13563","15177","17939","83997","8007","8158","10614","10574","13524","15139","17981","83894","8002","8098","10609","10543","13500","15111","18031","83851","7990","8048","10620","10529","13458","15098","18108","83765","7941","7980","10614","10494","13503","15043","18190","83553","7874","7929","10549","10457","13493","15053","18198","83530","7868","7873","10559","10422","13467","15042","18299",
"부산광역시","동구","감소","체류인구","517336","46160","85018","79935","86462","97562","80251","41947","539398","57183","92265","82381","92563","97760","76963","40285","517237","31259","79578","84757","87711","100726","87116","46091","531275","29994","76635","87689","90088","104082","91692","51095","576185","40884","84096","92064","95947","109200","97552","56442","585026","40434","88730","97618","98332","110352","96106","53454","562327","45494","100368","90675","92888","102359","84514","46030","591825","52784","117048","99007","95737","102479","81851","42919","581342","45332","94707","102022","100125","105870","86458","46828","613154","40864","96641","104527","101452","113819","99423","56428","614936","40778","100458","107351","102221","113767","97191","53171","620059","45939","103489","107256","101036","114616","96213","51510","615485","64472","106963","101970","101675","108653","85703","46048","610533","60484","105753","92884","94829","107497","95666","53419","569680","34395","90311","97568","94118","108271","92644","52374","550208","28186","78999","95103","92655","107721","92962","54581","651185","51729","105355","110070","105911","118090","100203","59826","601420","38141","97518","104374","98206","112201","95227","55753","610177","50428","107284","102790","99429","109290","89048","51908","662894","57686","131862","117969","104417","110634","89857","50470","584023","31359","93547","105187","97241","108469","93442","54779","641996","53532","103532","113484","106850","114179","94463","55956","616968","39591","98633","110214","101191","112921","97475","56943","616271","43217","96719","107012","101647","113751","97654","56272","614694","59117","99263","101937","100213","111003","90899","52261","626811","68534","106825","103892","104104","109798","84983","48674","585928","35204","86805","102255","95901","110373","96661","58729",
"부산광역시","동구","감소","외국인","2158","207","335","576","422","254","244","120","2126","202","316","576","421","246","247","118","2125","202","329","569","419","244","242","120","2161","201","346","579","423","248","244","120","2169","204","346","576","423","249","246","125","2171","202","351","572","425","252","246","123","2205","210","359","573","436","255","247","125","2204","213","362","577","429","252","245","126","2214","222","373","571","420","257","244","127","2242","225","379","576","428","262","246","126","2263","231","380","582","432","262","248","128","2273","230","376","585","439","261","250","132","2253","228","375","572","429","271","245","133","2266","223","375","582","438","272","245","131","2269","222","384","592","434","267","240","130","2292","223","390","595","447","266","236","135","2302","224","390","604","448","266","233","137","2303","227","384","604","448","271","231","138","2364","226","411","620","458","272","238","139","2357","223","417","618","454","268","238","139","2343","212","417","609","457","271","239","138","2355","221","415","612","464","268","236","139","2337","217","416","612","455","265","228","144","2376","223","431","623","458","265","229","147","2381","217","440","634","455","258","231","146","2376","216","452","621","449","265","227","146","2382","214","466","612","456","267","220","147",
"부산광역시","영도구","감소","계","413186","48031","56461","59022","68903","73144","65733","41893","453769","61547","62961","64390","79592","77939","65658","41683","431299","42337","63763","64678","70593","75506","70119","44304","419615","42114","56294","61872","66833","74381","71295","46826","474950","56437","66676","69093","77099","81521","75536","48587","456385","44925","59768","67651","75747","83318","76970","48006","431099","48731","60944","63645","72073","74898","66950","43859","483689","61170","71365","75046","82593","80854","68931","43731","458315","56312","63070","70072","78346","78136","68385","43995","435490","51763","55775","63435","70592","75113","71544","47268","414460","44121","54692","59699","67635","74007","68745","45562","438252","49793","60243","66631","72950","76038","68014","44582","458777","63852","59517","66130","79687","79404","66719","43468","378565","46293","50193","51531","62987","66236","59580","41746","397946","40085","52573","57955","64545","71237","66048","45503","389335","39461","49921","56017","60910","69396","66171","47460","478736","62662","61102","70678","80122","81369","72420","50382","433788","43393","53888","63705","69736","78812","73923","50331","422733","48787","58113","62768","68203","73600","65387","45875","448790","55814","61557","70231","75800","76293","64275","44820","381216","36281","52360","58375","61110","66688","61568","44835","517610","71555","66428","77814","89202","86059","74394","52159","410843","39952","52315","60607","66614","73891","68639","48825","403070","43811","51922","59509","65813","71520","64345","46151","402931","49134","50144","58106","67236","70958","62291","45062","443781","60649","56579","63385","76284","76743","63886","46255","381217","35697","47430","56542","60597","68386","64995","47571",
"부산광역시","영도구","감소","주민등록인구","106335","10974","9674","9627","13494","17762","21945","22859","106233","10940","9641","9550","13471","17782","21926","22923","106108","10885","9629","9550","13404","17703","21954","22983","105864","10838","9535","9488","13372","17672","21946","23013","105668","10806","9489","9476","13286","17621","21922","23068","105434","10754","9447","9446","13211","17614","21838","23124","105136","10686","9380","9363","13144","17601","21775","23187","104914","10630","9324","9337","13060","17602","21714","23247","104661","10595","9262","9318","12984","17547","21623","23332","104278","10502","9196","9219","12933","17472","21568","23388","103970","10455","9169","9137","12857","17429","21488","23435","103737","10388","9103","9112","12781","17377","21433","23543","103503","10340","9016","9061","12707","17379","21387","23613","103268","10305","8945","8984","12664","17320","21329","23721","103032","10284","8890","8946","12602","17251","21151","23908","102819","10234","8871","8948","12542","17199","21052","23973","102719","10191","8882","9007","12450","17171","20975","24043","102509","10105","8862","8994","12378","17131","20895","24144","102367","10079","8849","8972","12313","17100","20821","24233","102209","10032","8812","8975","12253","17062","20733","24342","102070","9970","8859","8926","12212","16990","20688","24425","101964","9948","8845","8916","12153","16965","20612","24525","101774","9910","8813","8916","12122","16892","20563","24558","101580","9888","8745","8884","12081","16827","20514","24641","101252","9810","8615","8842","11964","16814","20476","24731","100944","9766","8518","8735","11894","16794","20424","24813","100733","9734","8403","8742","11855","16665","20408","24926",
"부산광역시","영도구","감소","체류인구","304689","36882","46205","48728","55075","55173","43657","18970","345401","50442","52766","54171","65781","59946","43603","18693","322990","31293","53529","54454","56838","57593","48032","21252","311547","31117","46159","51708","53106","56499","49216","23742","367074","45479","56584","58943","63455","63691","53471","25450","348728","34034","49715","57522","62167","65494","54984","24812","323746","37900","50980","53590","58560","57088","45027","20602","376556","50403","61459","65011","69165","63041","47065","20413","351395","45582","53198","60046","64990","60379","46610","20591","328905","41127","45923","53510","57277","57441","49819","23808","308188","33536","44867","49862","54393","56376","47098","22057","332212","39278","50486","56820","59777","58458","46423","20969","352958","53369","49856","56364","66582","61826","45178","19783","273014","35847","40634","41840","49924","48719","38098","17953","292677","29665","43098","48318","51542","53788","44741","21525","284232","29070","40431","46383","47974","51996","44961","23418","373752","52317","51615","60989","67281","63999","51283","26267","329031","33136","44436","54024","56968","61485","52867","26115","318114","38556","48684","53094","55495","56304","44414","21567","344372","45639","52200","60562","63145","59033","43392","20401","276839","26153","42902","48737","48485","49498","40729","20336","413369","61453","57015","68172","76641","68895","53633","27561","306810","29895","42925","50978","54091","56801","47929","24191","299197","33773","42584","49908","53323","54494","43682","21434","299400","39176","40946","48542","54871","53939","41671","20255","340604","50741","47509","53939","63985","59745","43319","21366","278177","25812","38414","47081","48333","51525","44444","22569",
"부산광역시","영도구","감소","외국인","2162","175","582","667","334","209","131","64","2135","165","554","669","340","211","129","67","2201","159","605","674","351","210","133","69","2204","159","600","676","355","210","133","71","2208","152","603","674","358","209","143","69","2223","137","606","683","369","210","148","70","2217","145","584","692","369","209","148","70","2219","137","582","698","368","211","152","71","2259","135","610","708","372","210","152","72","2307","134","656","706","382","200","157","72","2302","130","656","700","385","202","159","70","2303","127","654","699","392","203","158","70","2316","143","645","705","398","199","154","72","2283","141","614","707","399","197","153","72","2237","136","585","691","401","198","156","70","2284","157","619","686","394","201","158","69","2265","154","605","682","391","199","162","72","2248","152","590","687","390","196","161","72","2252","152","580","702","395","196","152","75","2209","143","545","694","402","198","150","77","2307","158","599","712","413","200","151","74","2277","154","568","726","408","199","149","73","2259","147","577","713","401","198","147","76","2293","150","593","717","409","199","149","76","2279","148","583","722","401","205","144","76","2233","142","552","711","405","204","143","76","2307","151","613","719","409","196","143","76",
"부산광역시","금정구","관심","계","782350","85510","119945","99508","120263","142807","130992","83326","861113","108607","131392","110927","138798","155443","132199","83747","842160","92371","123692","106550","131683","155019","141655","91190","828174","88190","118600","105881","128791","151941","141935","92835","907446","109877","132743","113830","140175","161805","150174","98842","826647","87164","118768","106085","128454","153342","141832","91002","790731","89309","115111","100099","121635","144545","133362","86670","797852","87829","119204","102978","123788","147104","132141","84809","865131","102861","129011","115988","140138","154435","134932","87765","836422","90773","116627","106290","130652","154313","143079","94689","847983","91711","123093","109423","131920","155115","142712","94009","828588","90285","118450","105142","127140","151725","142502","93344","840906","104210","122994","111948","134419","149949","130813","86573","762796","87749","111731","94428","114354","139543","128196","86795","816434","92497","116677","103096","125472","148810","136490","93392","796396","82300","108973","101189","122769","146641","137876","96648","870013","105442","120847","111402","134065","154566","142362","101328","792514","83261","109771","101242","119749","145089","137455","95947","765990","87085","107405","97298","116211","139382","128691","89917","778678","86858","113032","100605","117880","141366","128814","90122","768272","83412","106346","98047","116847","138435","130830","94356","886520","109008","123294","116428","141962","158313","138311","99205","831991","88087","115157","105745","127297","153002","141731","100971","811092","89204","111412","101725","121970","147667","139483","99632","772321","86034","107028","99378","115862","140230","129677","94113","843676","106774","118072","109682","131536","152417","131083","94112","804931","89177","108342","102022","121257","145695","137277","101162",
"부산광역시","금정구","관심","주민등록인구","214642","25693","27922","21718","28036","36094","39611","35568","214168","25580","27799","21553","27911","35967","39619","35739","213976","25534","27816","21545","27750","35835","39599","35897","213602","25427","27696","21557","27606","35692","39651","35973","213399","25313","27670","21551","27501","35610","39639","36115","212892","25126","27577","21458","27395","35534","39559","36243","212340","24992","27403","21377","27253","35463","39563","36289","212012","24883","27333","21326","27094","35391","39534","36451","211783","24749","27338","21251","26995","35311","39556","36583","210905","24483","27191","21076","26849","35145","39482","36679","210377","24315","27094","21008","26706","35000","39433","36821","209932","24242","26935","20979","26558","34863","39402","36953","209326","24129","26582","20952","26401","34786","39301","37175","209514","24336","26723","20883","26285","34714","39204","37369","209085","24235","26569","20893","26135","34524","39013","37716","208770","24121","26458","20892","26038","34422","38921","37918","208475","24016","26394","20873","25929","34384","38791","38088","208216","23928","26303","20847","25898","34330","38711","38199","207955","23781","26188","20842","25835","34242","38726","38341","207642","23653","26123","20754","25787","34132","38688","38505","207438","23568","26088","20715","25700","34075","38621","38671","207197","23452","25980","20761","25603","33980","38586","38835","206908","23359","25860","20744","25526","33878","38557","38984","206588","23272","25753","20681","25428","33724","38637","39093","206039","23160","25449","20624","25257","33660","38552","39337","205932","23240","25386","20558","25137","33568","38544","39499","206033","23341","25495","20525","25036","33373","38539","39724",
"부산광역시","금정구","관심","체류인구","563320","59402","89485","77051","91964","106507","91216","47696","642913","82650","101356","88659","110619","119268","92415","47946","623990","66433","93520","84287","103660","118969","101891","55230","610054","62281","88305","83602","100911","116033","102123","56798","689577","84109","102493","91564","112399","125977","110375","62660","609329","61599","88668","83892","100778","117592","102110","54690","574095","63903","85304","77981","94099","108865","93633","50310","581793","62574","89672","80917","96409","111494","92439","48289","648823","77686","99070","93985","112857","118905","95208","51111","620760","65766","86686","84477","103524","118948","103421","57939","632793","66872","93201","87677","104930","119901","103099","57113","613887","65508","88771","83435","100289","116648","102920","56316","626914","79572","93746","90260","107730","114950","91334","49322","548879","62939","82565","72821","87775","104622","88806","49351","602922","67792","87624","81491","99047","114077","97293","55598","582782","57615","79737","79566","96430","112013","98770","58651","656631","80862","91625","89795","107832","119972","103384","63160","579472","58801","80699","79658","93536","110549","98562","57667","553283","62804","78500","75721","90055","104928","89781","51493","566563","62751","84416","79121","91771","107026","89943","51534","555754","59270","77301","76577","90828","104146","92029","55604","674217","84981","94327","94907","116043","124123","99547","60290","619815","64140","86191","84221","101451","118908","102996","61907","599232","65309","82584","80262","96225","113724","100670","60459","561082","62274","78564","77961","90292","106353","90945","54694","632970","83003","89991","88362","106085","118636","92362","54531","593793","65229","79901","80723","95910","112112","98561","61358",
"부산광역시","금정구","관심","외국인","4388","415","2538","739","263","206","165","62","4032","377","2237","715","268","208","165","62","4194","404","2356","718","273","215","165","63","4518","482","2599","722","274","216","161","64","4470","455","2580","715","275","218","160","67","4426","439","2523","735","281","216","163","69","4296","414","2404","741","283","217","166","71","4047","372","2199","735","285","219","168","69","4525","426","2603","752","286","219","168","71","4757","524","2750","737","279","220","176","71","4813","524","2798","738","284","214","180","75","4769","535","2744","728","293","214","180","75","4666","509","2666","736","288","213","178","76","4403","474","2443","724","294","207","186","75","4427","470","2484","712","290","209","184","78","4844","564","2778","731","301","206","185","79","4907","564","2828","734","304","210","187","80","4826","532","2769","737","315","210","182","81","4752","500","2717","735","321","212","184","83","4473","454","2493","730","322","208","183","83","5080","574","2957","755","319","214","180","81","5106","575","2987","760","316","210","178","80","5268","588","3106","780","320","216","178","80","5272","623","3075","782","317","219","176","80","5200","600","3015","793","313","217","180","82","4774","531","2695","762","314","213","177","82","5105","607","2946","774","311","210","177","80",
"대구광역시","서구","감소","계","549229","50050","62898","77135","89730","113705","96786","58925","613853","69709","73088","87044","104443","122610","98220","58740","551967","47864","63755","78106","89276","114825","98174","59967","563386","48241","64266","80549","90147","116647","101463","62073","615741","59795","70825","88013","101273","124465","105993","65377","589495","54304","66988","85770","94297","120499","103801","63837","555070","52924","62875","79158","88889","113454","97545","60226","542247","52159","62132","78094","86521","110058","94891","58392","601603","66189","70022","88785","99727","118445","98278","60157","540921","48215","59837","77721","84667","110625","98201","61656","546212","50111","60766","79429","86580","110977","97684","60665","564244","53064","62633","81218","88291","114313","102382","62343","610852","70779","70317","89388","100417","119384","99468","61099","523307","47965","57876","74282","81244","106384","95086","60469","545174","48397","60174","78841","84489","110586","98524","64162","520893","44126","56906","75536","80427","106090","95477","62330","559736","54716","62854","81621","88429","111059","97536","63520","527581","47179","58339","76095","81507","106285","96033","62143","533264","50832","58642","76954","82346","106835","95545","62110","541086","53211","60576","79571","83354","106253","95490","62632","530615","45905","57466","76957","80829","106835","97914","64709","611719","68678","68675","91853","98357","117853","100960","65344","535477","48767","57683","78601","82058","106917","97069","64383","559823","50966","59162","80917","86280","112303","103672","66524","543504","51259","57971","78961","83108","107307","98864","66034","598765","69469","66640","87431","95306","114370","99572","65977","534491","46659","56346","77232","80374","105452","99604","68824",
"대구광역시","서구","감소","주민등록인구","164513","16493","17191","18574","20387","30472","33171","28225","164734","16505","17146","18669","20405","30419","33220","28370","164457","16431","17009","18696","20317","30217","33281","28506","164069","16371","16875","18619","20211","30070","33355","28568","163606","16302","16691","18560","20070","29972","33350","28661","163359","16277","16552","18530","20042","29863","33330","28765","162903","16177","16441","18466","19927","29735","33316","28841","162557","16103","16321","18449","19851","29560","33332","28941","163463","16351","16255","18936","19894","29576","33338","29113","163741","16376","16167","19126","19873","29571","33388","29240","163545","16350","16044","19152","19816","29478","33372","29333","163135","16297","15852","19081","19693","29342","33412","29458","162815","16265","15653","19041","19598","29272","33379","29607","162411","16209","15458","19028","19544","29078","33359","29735","162083","16161","15367","19017","19417","28857","33268","29996","161712","16123","15212","18993","19388","28676","33209","30111","161318","16069","15051","18960","19304","28548","33176","30210","161058","16065","14896","18934","19250","28456","33178","30279","160919","16046","14743","18941","19230","28402","33163","30394","161155","16127","14649","19034","19238","28398","33150","30559","162529","16341","14770","19291","19390","28633","33346","30758","163395","16508","14804","19467","19448","28765","33460","30943","163689","16575","14739","19565","19512","28731","33501","31066","163956","16616","14674","19694","19507","28685","33579","31201","164018","16674","14556","19677","19512","28700","33562","31337","163987","16641","14539","19626","19525","28616","33587","31453","163853","16602","14374","19637","19503","28391","33678","31668",
"대구광역시","서구","감소","체류인구","382341","33387","45204","57896","68945","82890","63408","30611","446735","53038","55432","67707","83638","91849","64791","30281","385107","31260","46235","58733","68556","84272","64682","31369","396868","31697","46869","61236","69516","86241","67897","33412","449601","43313","53578","68740","80775","94147","72424","36624","423578","37843","49879","66513","73823","90295","70247","34979","389587","36566","45872","59964","68528","83370","63997","31291","377110","35875","45249","58919","66236","80147","61329","29355","435524","49653","53193","69115","79393","88515","64708","30947","374511","31654","43076","57853","64346","80688","64578","32317","379981","33574","44112","59528","66316","81134","64082","31235","398401","36574","46163","61379","68148","84607","68742","32788","445319","54316","54041","69587","80374","89749","65861","31391","358159","31551","41788","54495","61254","76939","61498","30633","380356","32022","44183","59062","64634","81360","65025","34069","356409","27778","41057","55766","60605","77053","62030","32119","395661","38419","47174","61892","68687","82153","64123","33212","363752","30884","42786","56396","61815","77485","62620","31766","369566","34557","43237","57244","62681","78085","62145","31617","377149","36854","45255","59763","63684","77515","62105","31974","365286","29327","42021","56887","61003","77866","64329","33853","445533","51940","53197","71613","78470","88749","67262","34303","368960","31955","42242","58264","62103","77846","63333","33218","393015","34103","43771","60442","66326","83284","69863","35227","376591","34331","42682","58485","63148","78276","65067","34602","431902","52576","51370","67003","75342","85423","65756","34432","367737","29803","41220","56800","60426","76729","65697","37062",
"대구광역시","서구","감소","외국인","2375","170","503","665","398","343","207","89","2384","166","510","668","400","342","209","89","2403","173","511","677","403","336","211","92","2449","173","522","694","420","336","211","93","2534","180","556","713","428","346","219","92","2558","184","557","727","432","341","224","93","2580","181","562","728","434","349","232","94","2580","181","562","726","434","351","230","96","2616","185","574","734","440","354","232","97","2669","185","594","742","448","366","235","99","2686","187","610","749","448","365","230","97","2708","193","618","758","450","364","228","97","2718","198","623","760","445","363","228","101","2737","205","630","759","446","367","229","101","2735","214","624","762","438","369","231","97","2772","225","637","777","434","361","238","100","2757","228","629","769","438","358","237","98","2771","230","657","765","442","344","235","98","2779","229","662","769","435","348","237","99","2782","230","672","774","432","340","235","99","2800","237","675","779","436","336","239","98","2791","230","674","773","439","339","238","98","2828","237","702","772","443","340","235","99","2852","247","717","781","447","334","230","96","2895","254","733","799","448","331","235","95","2876","252","731","802","439","331","229","92","2901","254","752","795","445","332","229","94",
"대구광역시","남구","감소","계","593419","53737","88254","81886","89986","108924","97386","73247","634044","66072","94737","88198","100413","115623","97458","71543","603048","52753","90469","85416","90977","109554","98916","74964","613958","52509","89353","86900","92803","112351","101854","78188","628367","60081","89707","88038","95782","113552","102291","78916","609815","54616","87153","86139","92438","111359","100835","77275","599258","61372","82997","82472","91709","108142","97239","75328","599239","62496","83716","83132","93451","107727","95537","73179","626223","64102","89025","89538","97612","113510","97585","74851","599198","54811","82802","84078","90863","109678","99341","77625","586996","52535","82902","82958","89311","107343","96725","75223","608443","56091","85724","86781","91772","110725","100265","77086","627245","66455","89269","91027","97221","113457","96567","73248","556884","50087","76475","78520","82976","102540","93106","73179","587969","52199","81026","84877","87488","106644","97392","78343","564310","46699","76097","80559","84384","103365","95253","77954","602584","58520","81834","86426","90885","108237","96759","79923","565911","47940","75668","80612","84320","103971","94952","78448","573455","58546","73339","81063","86778","103044","93718","76966","578771","59136","76599","82586","87778","103233","93453","75986","559433","46761","73405","78774","82667","103329","95470","79027","634916","66342","84167","92072","97680","114199","99503","80954","586042","52486","78159","84417","87403","106628","97004","79943","601031","54756","79096","85856","89461","109714","100797","81350","570118","53853","75257","82307","84034","103559","94021","77088","610683","66180","82611","89633","92726","108932","94163","76438","588109","52534","77230","85943","85428","105143","98137","83692",
"대구광역시","남구","감소","주민등록인구","138806","14011","17974","16208","17916","23385","24237","25075","138480","13921","17820","16166","17834","23366","24258","25115","138140","13817","17689","16170","17726","23297","24238","25203","137566","13707","17534","16064","17587","23246","24223","25205","137147","13626","17438","15978","17498","23158","24187","25262","136893","13528","17357","15977","17412","23154","24138","25327","136582","13467","17245","15978","17296","23094","24108","25394","136311","13399","17197","15957","17158","23074","24068","25458","135957","13284","17068","15912","17025","23066","24068","25534","135510","13178","16935","15827","16937","23016","24045","25572","135561","13169","16900","15923","16914","22967","24048","25640","136263","13336","16874","16178","17003","22987","24100","25785","136642","13439","16770","16320","17044","23059","24085","25925","136898","13538","16750","16396","17026","23092","24061","26035","136848","13546","16648","16430","17028","23022","23945","26229","136703","13503","16559","16446","16954","22964","23929","26348","136603","13460","16455","16446","16926","22960","23905","26451","136559","13427","16388","16558","16879","22928","23871","26508","136417","13372","16356","16494","16861","22899","23851","26584","136292","13345","16313","16496","16799","22848","23838","26653","135984","13265","16193","16504","16701","22821","23765","26735","135692","13203","16037","16503","16639","22719","23741","26850","135713","13190","15990","16527","16657","22708","23705","26936","135542","13138","15892","16559","16598","22628","23733","26994","136497","13288","15913","16937","16679","22721","23792","27167","137746","13632","16048","17177","16882","22827","23863","27317","138546","13756","16123","17442","16920","22888","23928","27489",
"대구광역시","남구","감소","체류인구","452634","39581","69658","65305","71798","85305","72918","48070","493619","52011","76320","71661","82307","92026","72970","46324","462928","38795","72163","68871","72975","86027","74441","49657","474376","38661","71177","70458","74936","88871","77391","52882","489184","46318","71622","71678","77997","90161","77861","53547","470885","40951","69153","69768","74746","87970","76454","51843","460611","47767","65103","66098","74125","84807","72884","49828","460858","48965","65870","66777","76002","84407","71221","47615","488200","50686","71310","73229","80294","90196","73273","49212","461614","41495","65229","67851","73631","86411","75050","51947","449346","39231","65350","66629","72097","84131","72435","49474","470090","42625","68200","70191","74469","87491","75925","51190","488521","52885","71866","74298","79871","90147","72245","47208","417900","36411","59092","61720","65641","79200","68808","47027","449035","38517","63753","68037","70145","83373","73215","51995","425503","33051","58918","63703","67108","80151","71089","51484","463868","44915","64751","69569","73635","85032","72615","53351","427209","34360","58637","63633","67115","80806","70841","51817","434865","45012","56337","64139","69588","79901","69632","50255","440293","45632","59631","65659","70648","80139","69379","49205","421218","33312","56546","61837","65627","80264","71467","52165","496979","52953","67455","75137","80697","91239","75525","53974","447992","39072","61454","67446","70396","83679","73068","52875","463033","41297","62473","68853","72503","86848","76834","54224","431114","40224","58597","64907","67003","80605","69996","49783","470518","52237","65853","72003","75496","85877","70066","48986","447009","38368","60359","68044","68155","82031","73984","56066",
"대구광역시","남구","감소","외국인","1979","145","622","373","272","234","231","102","1945","140","597","371","272","231","230","104","1980","141","617","375","276","230","237","104","2016","141","642","378","280","234","240","101","2036","137","647","382","287","233","243","107","2037","137","643","394","280","235","243","105","2065","138","649","396","288","241","247","106","2070","132","649","398","291","246","248","106","2066","132","647","397","293","248","244","105","2074","138","638","400","295","251","246","106","2089","135","652","406","300","245","242","109","2090","130","650","412","300","247","240","111","2082","131","633","409","306","251","237","115","2086","138","633","404","309","248","237","117","2086","136","625","410","315","249","232","119","2104","145","620","410","322","250","235","122","2113","145","628","411","324","245","239","121","2143","153","643","421","326","237","240","123","2173","162","646","430","329","244","235","127","2186","159","655","431","331","246","236","128","2231","184","666","433","339","244","238","127","2245","186","675","432","344","241","237","130","2337","224","715","444","350","241","231","132","2456","321","731","444","360","238","230","132","2507","341","747","463","352","233","233","138","2419","311","710","453","348","228","234","135","2554","410","748","457","353","224","225","137",
"대구광역시","군위군","감소","계","140315","12842","10459","16105","23127","34637","28482","14663","182651","19925","16420","21304","31221","44529","33207","16046","183277","12538","11617","19840","30984","49640","39448","19211","205180","13705","12237","21497","33564","55087","45661","23429","232023","19197","15156","25568","40268","60485","47628","23720","215867","14785","14089","23300","36946","58651","46356","21739","192712","*","13546","21470","32182","49994","40202","*","231456","*","19109","27063","38991","57866","45296","*","248848","*","19923","29152","41408","62346","49357","*","242520","*","14515","26406","40969","62664","52314","*","219389","*","15008","23325","36358","58041","47940","*","160411","*","11685","18500","25795","39900","34632","*","178106","*","16783","22573","29562","39051","31152","*","132275","10975","10094","13990","20373","32486","28801","15555","176294","11623","11448","18653","28348","46210","39397","20615","185504","9819","11061","19301","29146","49557","43617","23002","236331","22795","16382","28371","39103","56107","48285","25290","197472","13365","12939","22199","31549","50609","44524","22287","189032","15880","13515","21178","30224","46826","41202","20204","213432","20107","15968","25181","34548","51676","44370","21581","189855","10119","11535","19767","29072","49422","46017","23924","267467","26244","21028","32053","43467","62937","54015","27723","208078","12629","13599","23059","32984","52851","47813","25145","143226","*","9638","15714","21568","34909","33451","*","132975","*","9915","15040","20280","30030","28846","*","174431","19691","15558","20956","27879","39459","33486","17402","170949","9807","10294","17619","26312","43619","41378","21919",
"대구광역시","군위군","감소","주민등록인구","22930","1415","1128","1198","1792","3982","6047","7368","22872","1416","1104","1191","1779","3955","6053","7374","22818","1401","1083","1184","1753","3934","6064","7399","22794","1393","1063","1181","1743","3908","6106","7400","22752","1378","1045","1188","1719","3894","6123","7405","22707","1364","1034","1189","1711","3873","6126","7410","22649","1352","1001","1179","1713","3859","6121","7424","22573","1340","988","1165","1709","3821","6135","7415","22558","1342","978","1162","1700","3812","6127","7437","22499","1335","972","1160","1686","3775","6124","7447","22455","1335","954","1164","1667","3758","6121","7456","22463","1330","949","1165","1668","3719","6156","7476","22414","1317","939","1166","1651","3688","6151","7502","22430","1314","937","1166","1650","3705","6137","7521","22444","1303","926","1147","1655","3702","6136","7575","22428","1291","933","1146","1646","3678","6133","7601","22405","1288","928","1134","1643","3659","6130","7623","22394","1270","930","1139","1632","3651","6149","7623","22390","1264","933","1141","1626","3635","6160","7631","22345","1261","916","1127","1617","3611","6165","7648","22350","1263","913","1116","1624","3583","6188","7663","22332","1257","905","1117","1623","3536","6202","7692","22335","1250","899","1112","1633","3517","6224","7700","22452","1262","904","1132","1637","3514","6267","7736","22536","1256","914","1139","1637","3540","6276","7774","22567","1251","924","1138","1635","3519","6307","7793","22587","1251","914","1141","1632","3498","6328","7823",
"대구광역시","군위군","감소","체류인구","116931","11416","9199","14705","21283","30622","22418","7288","159346","18495","15184","19919","29401","40545","27137","8666","160021","11123","10403","18461","29188","45675","33366","11806","181935","12298","11034","20121","31774","51148","39537","16023","208813","17807","13971","24175","38502","56560","41488","16309","192669","13410","12908","21893","35177","54745","40212","14323","169542","14349","12394","20065","30396","46098","34063","12175","208346","20608","17963","25674","37201","54006","39144","13751","225749","21346","18787","27761","39626","58495","43215","16519","219471","17996","13375","25019","39199","58851","46176","18855","196376","12974","13876","21932","34610","54244","41805","16936","137416","10877","10562","17110","24060","36147","28460","10199","155173","21749","15673","21188","27853","35327","24983","8401","109337","9652","8978","12614","18673","28746","22647","8026","153344","10311","10346","17295","26645","42471","33243","13033","162563","8519","9956","17941","27444","45839","37468","15395","213376","21496","15274","27010","37391","52408","42138","17661","174530","12083","11838","20833","29845","46915","38358","14658","166076","14604","12410","19801","28519","43146","35026","12567","190500","18832","14869","23815","32848","48020","38189","13926","166929","8844","10449","18411","27365","45796","39811","16254","244560","24977","19947","30700","41758","59359","47795","20024","185168","11368","12522","21708","31269","49294","41571","17438","120214","8733","8549","14347","19863","31357","27167","10197","109895","11421","8821","13666","18580","26457","22554","8395","151325","18430","14456","19581","26184","35909","27163","9602","147805","8546","9196","16229","24617","40091","35035","14090",
"대구광역시","군위군","감소","외국인","454","11","132","202","52","33","17","7","433","14","132","194","41","29","17","6","438","14","131","195","43","31","18","6","451","14","140","195","47","31","18","6","458","12","140","205","47","31","17","6","491","11","147","218","58","33","18","6","521","*","151","226","73","37","18","*","537","*","158","224","81","39","17","*","541","*","158","229","82","39","15","*","550","*","168","227","84","38","14","*","558","*","178","229","81","39","14","*","532","*","174","225","67","34","16","*","519","*","171","219","58","36","18","*","508","9","179","210","50","35","17","8","506","9","176","211","48","37","18","7","513","9","172","214","56","40","16","6","550","11","180","227","69","40","17","6","548","12","171","227","72","43","17","6","566","12","172","236","79","45","16","6","587","14","183","239","83","45","16","7","576","12","173","240","83","43","18","7","575","10","176","236","86","42","18","7","575","11","178","239","82","40","18","7","560","*","185","235","68","38","17","*","544","*","180","235","63","33","16","*","539","10","178","237","60","31","16","7","557","10","184","249","63","30","15","6",
"인천광역시","동구","관심","계","223889","24504","22698","30714","39448","45375","38029","23121","239195","27888","25361","32530","42797","47663","39336","23620","223873","23642","23120","29872","38860","45803","38731","23846","213870","22448","22082","28814","36996","43425","37128","22978","230989","25870","23473","30933","40203","46199","39883","24428","219073","23538","22292","29560","38023","44658","37939","23063","216428","23427","21486","29136","37514","44403","37362","23101","217555","23847","22227","29467","37375","44463","37322","22854","238930","29018","25845","32346","41804","47404","38814","23700","227757","23480","23511","30703","38811","45927","40294","25030","223798","25333","22807","30103","38645","45103","38103","23704","222219","24575","22848","30242","37928","44188","38252","24185","232797","30164","24129","32099","40528","45312","36993","23572","206332","21340","20365","27944","35258","41599","36261","23564","221275","24199","22252","29481","37087","44277","38910","25068","215957","21831","21635","29000","36774","43868","38039","24810","228532","25602","23071","30471","38569","44989","39991","25840","231700","24132","22859","31086","38516","45805","41940","27361","216628","22931","21105","29397","36680","44108","38014","24393","213182","22343","20834","29322","35403","43149","37668","24463","224473","23355","22136","30392","37292","44924","40421","25953","238626","27487","24999","32098","40397","47024","40787","25833","223085","23270","21988","30199","37371","44994","39655","25608","222653","23042","21539","30499","36905","44724","39986","25959","208600","22606","19748","28614","34906","41469","36832","24425","230927","27066","23151","32368","39347","45150","38404","25442","223276","23179","21648","30460","36739","44189","40123","26937",
"인천광역시","동구","관심","주민등록인구","59325","7417","6004","6526","8945","9902","10212","10319","59178","7338","5973","6498","8892","9882","10248","10347","59073","7292","5959","6509","8828","9861","10236","10388","58931","7234","5927","6473","8763","9872","10231","10431","58856","7200","5902","6476","8725","9858","10223","10472","58761","7183","5877","6466","8689","9840","10205","10501","58666","7144","5871","6446","8656","9845","10193","10511","58612","7124","5863","6404","8618","9873","10194","10536","58549","7078","5847","6396","8603","9861","10197","10567","58456","7031","5818","6377","8570","9856","10206","10598","58382","6993","5792","6353","8546","9837","10214","10647","58296","6970","5761","6333","8527","9824","10204","10677","58162","6927","5735","6295","8475","9793","10200","10737","57893","6863","5666","6260","8413","9746","10169","10776","57738","6810","5638","6259","8343","9704","10117","10867","57536","6773","5597","6232","8293","9661","10094","10886","57369","6719","5568","6200","8274","9641","10079","10888","57260","6696","5509","6201","8236","9622","10083","10913","57125","6659","5465","6186","8168","9636","10065","10946","56938","6601","5407","6162","8118","9631","10035","10984","56764","6557","5371","6155","8063","9607","10011","11000","56662","6527","5322","6188","7992","9595","9991","11047","56574","6500","5294","6170","7972","9581","9977","11080","56477","6484","5256","6147","7925","9591","9961","11113","56469","6469","5220","6177","7880","9623","9921","11179","57033","6567","5235","6351","7986","9692","9942","11260","57603","6620","5289","6533","8023","9774","10003","11361",
"인천광역시","동구","관심","체류인구","163249","16973","16512","23851","30276","35290","27621","12726","178707","20440","19207","25699","33675","37599","28891","13196","163475","16241","16975","23026","29799","35765","28292","13378","153582","15100","15959","21995","27997","33376","26689","12467","170769","18554","17375","24104","31243","36165","29454","13874","158927","16237","16213","22741","29094","34639","27526","12477","156362","16167","15415","22330","28617","34373","26960","12501","157534","16606","16164","22703","28508","34402","26924","12227","178969","21821","19799","25591","32951","37357","28413","13038","167894","16330","17499","23967","29993","35883","29887","14334","164009","18218","16824","23390","29852","35077","27691","12957","162522","17486","16898","23549","29156","34174","27853","13405","173237","23120","18215","25449","31805","35326","26593","12729","147036","14359","14517","21327","26597","31660","25893","12682","162129","17270","16434","22867","28494","34378","28592","14093","157018","14936","15864","22414","28229","34014","27745","13816","169757","18762","17327","23915","30045","35154","29710","14845","173028","17315","17170","24526","30035","35984","31659","16338","158075","16148","15455","22853","28260","34271","27754","13334","154805","15614","15237","22799","27028","33325","27439","13363","166271","16669","16577","23876","28969","35129","30213","14838","180523","20832","19488","25552","32143","37241","30599","14667","165072","16640","16502","23675","29138","35227","29482","14408","164737","16434","16085","24004","28718","34943","29830","14724","150676","16009","14326","22091","26758","31655","26715","13122","172423","20368","17715","25668","31080","35269","28270","14054","164185","16426","16154","23578","28434","34221","29925","15446",
"인천광역시","동구","관심","외국인","1315","114","182","337","227","183","196","76","1310","110","181","333","230","182","197","77","1325","109","186","337","233","177","203","80","1357","114","196","346","236","177","208","80","1364","116","196","353","235","176","206","82","1385","118","202","353","240","179","208","85","1400","116","200","360","241","185","209","89","1409","117","200","360","249","188","204","91","1412","119","199","359","250","186","204","95","1407","119","194","359","248","188","201","98","1407","122","191","360","247","189","198","100","1401","119","189","360","245","190","195","103","1398","117","179","355","248","193","200","106","1403","118","182","357","248","193","199","106","1408","119","180","355","250","195","201","108","1403","122","174","354","252","193","200","108","1406","121","176","356","250","194","202","107","1412","121","180","359","245","199","198","110","1428","124","185","358","252","201","195","113","1439","128","190","361","257","193","194","116","1438","129","188","361","260","188","197","115","1441","128","189","358","262","188","197","119","1439","130","192","354","261","186","196","120","1439","124","198","348","262","190","195","122","1455","128","202","346","268","191","196","124","1471","131","201","349","281","189","192","128","1488","133","205","349","282","194","195","130",
"인천광역시","강화군","감소","계","470643","55626","49520","60729","71433","93940","91863","47532","527670","68260","58509","69478","81918","101186","97486","50833","556059","51941","49250","69555","83171","115423","122773","63946","677145","60647","48504","76542","96241","145490","161097","88624","692376","79784","56244","83551","102595","137742","143975","88486","658902","68969","56658","86589","100276","133150","138617","74643","514079","63182","51039","67034","77520","100379","100704","54220","642642","88979","67850","87820","99884","119733","116915","61463","708030","83331","71101","102247","108653","132438","135909","74350","784070","80159","61985","97675","118014","155623","167709","102905","598062","55996","49689","76936","92167","120554","128341","74377","446202","43561","45094","62233","65533","87079","92264","50437","522726","69834","58766","73753","80518","96283","94182","49390","406953","51801","42527","50459","59666","75266","81135","46098","525430","50480","44671","65607","76928","105259","116957","65529","514426","43557","37301","58015","70835","103506","123489","77724","713447","86189","57362","86276","104549","135487","149730","93854","602479","58672","49384","78064","89378","118286","132452","76242","473796","60536","42920","59257","70434","89486","96139","55023","605575","80671","57076","77536","91557","114046","119157","65531","533880","45366","42607","67377","77792","106007","121437","73294","797407","90327","65922","100988","119067","148315","165732","107057","597173","52265","43984","71636","88733","120434","135875","84247","404886","36115","39084","52301","57389","78546","88784","52667","458408","55400","47389","59868","68102","86666","89942","51042","543073","73857","57935","73750","82901","96334","100190","58107","517377","45844","41952","64105","74193","100830","118798","71656",
"인천광역시","강화군","감소","주민등록인구","69013","7201","4514","4849","7150","11195","16164","17940","68925","7163","4496","4815","7107","11162","16197","17985","68941","7146","4455","4814","7078","11140","16234","18074","68918","7119","4438","4819","7054","11086","16282","18120","68881","7084","4409","4807","7062","11041","16293","18185","68772","7034","4390","4795","7041","11009","16281","18222","68771","7000","4381","4788","7031","11015","16293","18263","68752","6966","4367","4796","6982","10984","16320","18337","68891","6968","4334","4796","6997","11010","16377","18409","69152","6960","4351","4844","7015","11023","16499","18460","69299","6975","4318","4868","7020","11024","16557","18537","69402","6960","4317","4879","7013","11009","16622","18602","69439","6952","4302","4880","7025","10998","16580","18702","69487","6980","4246","4877","7036","10985","16570","18793","69442","6908","4216","4904","7002","10947","16538","18927","69467","6905","4200","4895","6984","10900","16551","19032","69501","6902","4194","4900","6964","10885","16579","19077","69562","6906","4172","4885","6967","10872","16624","19136","69600","6882","4194","4882","6939","10889","16641","19173","69636","6856","4184","4869","6930","10881","16674","19242","69664","6827","4160","4867","6938","10852","16684","19336","69617","6809","4151","4843","6920","10812","16693","19389","69672","6787","4163","4856","6921","10778","16719","19448","69698","6783","4144","4861","6923","10725","16735","19527","69698","6771","4136","4841","6936","10709","16691","19614","69677","6776","4088","4840","6934","10635","16706","19698","69615","6725","4079","4835","6889","10590","16712","19785",
"인천광역시","강화군","감소","체류인구","400498","48398","44677","55515","64166","82600","75596","29546","457601","61070","53678","64292","74696","89882","81184","32799","485927","44766","44440","64357","75975","104140","106429","45820","607029","53500","43702","71339","89071","134262","144701","70454","622291","72672","51471","78357","95416","126559","127566","70251","588930","61910","51905","81402","93120","122000","122223","56370","444087","56152","46290","61852","70368","89224","84294","35906","572632","81983","63094","82623","92778","108606","100477","43073","637870","76332","66378","97045","101530","121283","119412","55889","713642","73170","57237","92426","110870","144458","151088","84393","527494","48991","44985","71662","85017","109388","111662","55787","375523","36570","40393","56943","58392","75927","75520","31777","452008","62850","54075","68466","73366","85142","77478","30631","336158","44789","37873","45170","52500","64143","64436","27246","454657","43540","40036","60285","69797","94173","100288","46539","443618","36618","32689","52686","63720","92464","106808","58634","642595","79252","52758","80935","97452","124455","133024","74719","531553","51732","44794","72736","82273","107269","115700","57048","402816","53615","38306","53924","63353","78459","79367","35791","534555","73776","52478","72206","84486","103030","102350","46228","462829","38500","38026","62053","70708","95023","104621","53898","726393","83472","61353","95685","111998","137370","148910","87606","526098","45428","39397","66331","81658","109522","119025","64738","333778","29281","34513","46990","50308","67689","71917","33080","387293","48578","42822","54575","61003","75825","73122","31369","471985","67032","53424","68450","75804","85568","83357","38351","446340","39074","37449","58803","67138","90108","101958","51811",
"인천광역시","강화군","감소","외국인","1132","27","329","365","117","145","103","46","1144","27","335","371","115","142","105","49","1191","29","355","384","118","143","110","52","1198","28","364","384","116","142","114","50","1204","28","364","387","117","142","116","50","1200","25","363","392","115","141","113","51","1221","30","368","394","121","140","117","51","1258","30","389","401","124","143","118","53","1269","31","389","406","126","145","120","52","1276","29","397","405","129","142","122","52","1269","30","386","406","130","142","122","53","1277","31","384","411","128","143","122","58","1279","32","389","407","127","143","124","57","1308","32","408","412","130","138","129","59","1331","32","419","418","129","139","131","63","1341","34","412","434","131","142","130","58","1351","35","410","441","133","147","127","58","1364","34","418","443","138","145","128","58","1380","39","420","451","142","138","131","59","1384","39","414","461","141","135","133","61","1387","39","421","457","146","132","132","60","1397","46","418","460","149","133","129","62","1403","50","424","449","154","134","131","61","1410","51","427","450","158","132","132","60","1417","51","431","452","163","132","129","59","1411","49","423","460","163","131","127","58","1422","45","424","467","166","132","128","60",
"인천광역시","옹진군","감소","계","180620","19791","30399","27752","30432","32689","27930","11627","190139","22179","31337","30813","33072","32729","27942","12066","196864","14769","28349","32823","33834","37554","34862","14674","246433","17675","29103","38632","42240","48547","49214","21021","283740","24992","33051","43173","49538","55077","54148","23760","303947","28559","36153","48425","53319","58278","55645","23567","221551","*","31774","34870","37157","39077","35704","*","309100","*","43539","48740","52582","53724","49282","*","321755","*","38214","54120","61410","62315","54427","*","312991","*","33398","49239","59735","63845","57956","*","245584","*","30552","40397","46140","49340","43687","*","194761","*","31489","34507","32781","33915","31773","*","186006","*","30658","30452","31192","31631","27579","*","154728","18338","25541","24121","26159","25665","23648","11258","188750","14133","25811","30702","31140","34988","35962","16013","207761","12434","24557","32103","33604","40195","43930","20939","297413","29570","32571","43671","50026","54235","59511","27829","277698","24977","31260","42258","46430","51842","55983","24948","237404","27550","31673","35144","40006","41978","41942","19112","285806","35785","36972","42700","47639","50384","50375","21953","255485","15563","27831","40133","47459","51044","50511","22945","324771","31228","35113","48921","58759","62002","60690","28057","224279","14293","26000","34200","40520","45598","43761","19908","160799","*","24640","26900","26111","28174","28188","*","162503","*","26190","25514","26488","27406","25821","*","176312","21350","28082","28561","28960","29106","26918","13336","188825","13196","24918","29576","30904","34907","37333","17992",
"인천광역시","옹진군","감소","주민등록인구","20347","1690","2456","1745","2179","3293","4805","4179","20287","1654","2435","1742","2169","3291","4821","4175","20212","1637","2403","1733","2149","3284","4821","4185","20202","1627","2358","1737","2144","3296","4839","4201","20169","1617","2352","1712","2129","3302","4833","4224","20174","1608","2347","1697","2134","3298","4845","4245","20192","1598","2362","1696","2127","3296","4837","4276","20162","1589","2353","1678","2114","3302","4834","4292","20129","1573","2351","1665","2102","3288","4840","4310","20072","1550","2325","1677","2088","3260","4848","4324","20020","1531","2323","1673","2078","3230","4838","4347","19996","1525","2328","1681","2061","3193","4848","4360","19902","1514","2296","1650","2027","3185","4852","4378","19799","1470","2296","1632","1998","3164","4838","4401","19796","1471","2265","1642","1981","3165","4812","4460","19820","1463","2253","1655","1985","3165","4806","4493","19776","1455","2252","1645","1976","3133","4798","4517","19736","1450","2206","1664","1973","3123","4798","4522","19718","1441","2173","1664","1966","3124","4809","4541","19698","1422","2173","1657","1945","3136","4806","4559","19668","1417","2181","1644","1932","3115","4785","4594","19648","1403","2164","1633","1930","3112","4792","4614","19644","1407","2173","1638","1919","3112","4773","4622","19636","1398","2183","1642","1904","3095","4778","4636","19559","1404","2161","1623","1882","3076","4759","4654","19455","1370","2129","1601","1862","3062","4740","4691","19425","1378","2106","1595","1850","3047","4723","4726",
"인천광역시","옹진군","감소","체류인구","159913","18096","27780","25900","28223","29374","23104","7436","169464","20520","28717","28954","30876","29416","23101","7879","176226","13126","25743","30958","31656","34246","30022","10476","225793","16041","26533","36759","40069","45228","44356","16806","263130","23370","30482","41323","47383","51752","49296","19523","283327","26946","33586","46588","51159","54958","50781","19308","200895","25949","29184","33027","35004","35758","30846","11126","288462","39290","40954","46909","50440","50399","44427","16043","301137","27222","35629","52293","59279","59004","49567","18144","292419","22653","30829","47407","57615","60560","53087","20270","225056","15852","27980","38569","44029","46087","38825","13715","174256","14665","28913","32668","30686","30700","26902","9722","165592","20401","28109","28645","29131","28425","22705","8175","134396","16863","22974","22328","24127","22480","18790","6836","168405","12657","23263","28898","29125","31800","31128","11533","187382","10966","22017","30284","31584","37006","39100","16426","277077","28110","30034","41862","48013","51079","54687","23292","257399","23522","28773","40426","44418","48696","51159","20405","217111","26103","29210","33315","38003","38828","37103","14550","265535","34356","34508","40878","45661","47222","45538","17374","235243","14139","25356","38327","45492","47902","45697","18331","304540","29820","32646","47121","56795","58864","55870","23423","204067","12881","23529","32401","38569","42461","38961","15266","140601","11826","22160","25101","24175","25055","23381","8903","142398","16954","23738","23739","24575","24307","21034","8051","156288","19975","25648","26806","27065","26021","22149","8625","168795","11813","22476","27824","29019","31836","32581","13247",
"인천광역시","옹진군","감소","외국인","360","5","163","107","30","22","21","12","388","5","185","117","27","22","20","12","426","6","203","132","29","24","19","13","438","7","212","136","27","23","19","14","441","5","217","138","26","23","19","13","446","5","220","140","26","22","19","14","464","*","228","147","26","23","21","*","476","*","232","153","28","23","21","*","489","*","234","162","29","23","20","*","500","*","244","155","32","25","21","*","508","*","249","155","33","23","24","*","509","*","248","158","34","22","23","*","512","*","253","157","34","21","22","*","533","5","271","161","34","21","20","21","549","5","283","162","34","23","22","20","559","5","287","164","35","24","24","20","560","5","285","164","37","23","26","20","563","5","281","168","39","23","26","21","575","6","290","165","37","26","30","21","573","7","291","165","33","26","31","20","574","7","294","162","35","27","29","20","583","5","303","167","34","26","28","20","568","5","298","161","32","25","27","20","562","*","297","157","32","24","29","*","546","*","291","152","31","23","28","*","569","5","305","154","33","23","29","20","605","5","336","157","35","24","29","19",
"광주광역시","동구","관심","계","699185","99016","147337","94180","95371","105520","90454","67306","734906","116191","159087","99875","102900","106766","85632","64456","698901","95542","151073","97473","95650","103384","88025","67754","672294","86180","143291","95010","92074","100629","87195","67915","771523","123219","162792","105166","104610","111051","92947","71739","694644","94204","149752","99143","94669","102372","87285","67219","684329","101775","143694","94830","91984","99980","84892","67174","688234","100129","148927","98013","93677","100014","83775","63699","711626","98380","157047","105155","98896","104166","84051","63931","740180","111912","151057","105938","100399","107766","92324","70784","694418","95192","149557","98787","92851","102630","87985","67415","728785","113636","154132","101527","96704","104845","89860","68082","714464","110787","151905","103171","98699","104194","83495","62214","676518","102140","139140","92313","88368","98855","88152","67550","678082","92685","142877","98485","90535","98940","85528","69032","651261","80787","134443","95210","87827","97277","85296","70420","780641","126864","161292","111215","105707","110282","91498","73783","687185","92808","144586","100775","93103","99609","86071","70232","682064","105760","143807","96997","89319","96606","82059","67516","746287","114540","159359","112684","102109","104829","85098","67668","657841","83777","136926","96407","87486","97313","85830","70102","802779","131773","161724","119373","111531","112936","92431","73010","693499","97464","141773","101068","91852","101666","88153","71523","737720","116019","148623","106919","97992","104402","90700","73066","690211","104783","139516","99011","90164","99944","87109","69684","729142","118193","147942","104856","98856","105253","85391","68652","697062","96151","138942","101412","92561","101032","90361","76603",
"광주광역시","동구","관심","주민등록인구","107152","14858","14861","14286","14586","16028","15727","16806","107021","14793","14798","14213","14591","16016","15764","16846","106855","14762","14752","14159","14539","15966","15753","16924","106690","14690","14703","14141","14453","15963","15787","16953","106593","14677","14647","14125","14410","15971","15752","17011","106462","14623","14583","14169","14390","15922","15727","17048","106388","14614","14514","14156","14328","15966","15729","17081","106286","14600","14458","14158","14297","15928","15719","17126","106354","14591","14437","14213","14278","15925","15716","17194","106413","14590","14444","14252","14241","15887","15736","17263","106413","14566","14405","14286","14231","15854","15761","17310","106203","14487","14311","14265","14221","15810","15764","17345","105910","14412","14133","14199","14228","15790","15729","17419","105787","14396","14105","14107","14242","15761","15687","17489","105482","14368","13901","14111","14200","15697","15598","17607","105151","14308","13812","14122","14106","15645","15514","17644","105043","14271","13784","14086","14075","15644","15488","17695","104868","14249","13685","14087","14072","15574","15469","17732","104942","14266","13660","14052","14122","15565","15436","17841","105034","14231","13642","14103","14095","15618","15447","17898","105032","14211","13600","14136","14078","15626","15409","17972","105148","14220","13549","14206","14080","15600","15436","18057","105054","14203","13518","14202","14065","15552","15414","18100","104888","14220","13401","14230","14059","15475","15401","18102","104794","14182","13331","14194","14051","15460","15417","18159","104794","14209","13332","14131","14064","15437","15423","18198","104740","14205","13258","14199","14028","15318","15466","18266",
"광주광역시","동구","관심","체류인구","590515","84024","131788","79596","80661","89367","74623","50455","626428","101272","143643","85373","88185","90631","69760","47565","590538","80626","135668","83020","80983","87298","72159","50784","564040","71312","127908","80570","77492","84547","71300","50911","663377","108369","147471","90741","90069","94961","77089","54678","586651","79414","134509","84675","80152","86330","71453","50118","576383","86985","128512","80365","77530","83893","69059","50039","580354","85341","133791","83534","79250","83968","67952","46518","603700","83606","141942","90626","84485","88127","68231","46683","632136","97113","135914","91366","86024","91763","76488","53468","586357","80419","134449","84170","78483","86658","72126","50051","620900","98919","139109","86926","82348","88916","73999","50684","606889","96157","137057","88638","84341","88285","67670","44742","569085","87523","124338","77871","73996","82978","72369","50010","570917","78079","128252","84042","76202","83135","69834","51373","544432","66257","119899","80752","73594","81520","69686","52723","673913","112369","146771","96797","91498","94528","75916","56034","580648","78349","130165","86362","78897","83925","70506","52443","575469","91289","129410","82635","75062","80932","66523","49618","639605","100102","144994","98272","87874","89101","69550","49712","551183","69378","122604","81967","73268","81577","70317","52072","695946","117333","147416","104870","97313","97228","76889","54896","586707","83021","127464","86568","77650","86008","72634","53362","631087","101562","134420","92395","83797","88821","75190","54903","583664","90368","125370","84527","75978","84378","71579","51464","622639","103755","133817","90448","84659","89713","69856","50392","590542","81691","124850","86933","78401","85613","74780","58274",
"광주광역시","동구","관심","외국인","1518","134","688","298","124","125","104","45","1457","126","646","289","124","119","108","45","1508","154","653","294","128","120","113","46","1564","178","680","299","129","119","108","51","1553","173","674","300","131","119","106","50","1531","167","660","299","127","120","105","53","1558","176","668","309","126","121","104","54","1594","188","678","321","130","118","104","55","1572","183","668","316","133","114","104","54","1631","209","699","320","134","116","100","53","1648","207","703","331","137","118","98","54","1682","230","712","336","135","119","97","53","1665","218","715","334","130","119","96","53","1646","221","697","335","130","116","96","51","1683","238","724","332","133","108","96","52","1678","222","732","336","127","112","96","53","1685","224","737","332","134","110","94","54","1669","210","736","326","134","110","96","57","1653","205","737","310","135","109","100","57","1648","207","723","309","140","110","101","58","1626","188","722","304","140","110","104","58","1685","220","759","297","138","108","106","57","1738","240","791","298","137","106","105","61","1745","237","802","294","136","106","109","61","1753","233","815","290","135","106","113","61","1709","229","793","277","133","103","112","62","1780","255","834","280","132","101","115","63",
"대전광역시","동구","관심","계","814789","97038","146085","108877","125408","146090","118020","73272","904997","124133","164636","120788","143062","158141","120541","73695","866675","99191","159476","117187","131198","154996","126619","78009","891494","99068","155902","121655","133561","161266","134732","85311","943940","116254","169322","127808","141475","167079","135490","86513","904588","102163","163398","123736","136217","161808","133577","83690","850120","100167","159204","114435","127410","150138","121192","77574","899349","113080","172548","121319","131979","155693","126290","78440","941202","118151","176712","133255","143674","161522","127788","80100","913904","107685","165505","126255","133230","160015","134978","86235","924835","104018","167468","129660","137227","163614","137096","85752","910859","106861","167392","125755","134176","160058","133139","83477","937783","126960","173483","133335","142042","158275","124331","79356","880852","112989","171192","117430","126001","151417","122015","79809","915244","104118","174027","129763","131766","158766","130983","85821","895582","93416","165140","128454","129089","155816","134002","89665","975305","120621","186176","138223","140184","162988","136558","90556","912686","100728","174539","130981","130114","156054","132329","87940","885535","108524","172172","124104","126451","148703","123251","82330","958053","126113","192045","135039","134406","156127","129298","85024","886224","95156","168844","128698","126939","151319","128812","86455","1006799","132315","188282","146484","146918","166793","135647","90360","934443","104079","172704","135011","133080","161055","137162","91353","934539","109349","175025","132570","132572","160535","135109","89379","920928","113313","175050","131587","130213","155958","128596","86212","988940","140259","187337","139721","143892","164684","127174","85873","936125","106375","175225","134120","131380","159780","135897","93348",
"대전광역시","동구","관심","주민등록인구","217079","30734","28500","23804","31059","36406","35082","31494","217024","30829","28412","23679","30933","36473","35122","31576","216872","30760","28464","23616","30750","36398","35124","31760","216533","30605","28391","23588","30557","36429","35098","31865","216244","30431","28351","23549","30382","36421","35071","32039","215936","30277","28328","23524","30277","36387","34974","32169","215809","30197","28220","23559","30161","36367","34987","32318","216741","30273","28334","23964","30245","36386","35054","32485","218016","30473","28487","24451","30325","36477","35132","32671","218640","30482","28532","24724","30406","36489","35204","32803","218595","30400","28464","24685","30406","36491","35211","32938","218513","30329","28291","24715","30243","36545","35347","33043","219439","30391","28202","25200","30316","36650","35389","33291","220762","30866","28398","25446","30389","36710","35459","33494","220580","30746","28274","25551","30212","36615","35396","33786","220360","30633","28216","25555","30081","36555","35402","33918","220067","30426","28199","25523","29983","36447","35429","34060","219570","30216","28089","25455","29869","36353","35396","34192","219436","30054","28163","25446","29708","36361","35398","34306","219501","29937","28319","25414","29593","36371","35413","34454","219546","29860","28379","25473","29544","36347","35339","34604","219500","29732","28307","25475","29519","36391","35307","34769","219271","29602","28208","25457","29478","36329","35310","34887","218664","29479","27959","25397","29307","36231","35276","35015","218109","29276","27678","25285","29163","36310","35194","35203","218169","29471","27579","25185","29030","36319","35224","35361","218319","29631","27544","25299","28837","36209","35244","35555",
"대전광역시","동구","관심","체류인구","591554","65607","114170","84272","93897","109263","82659","41687","682107","92675","133030","96305","111679","121246","85143","42028","643458","67736","127444","92739","99992","118174","91217","46157","668589","67747","123918","97249","102555","124413","99351","53357","721286","85119","137331","103439","110646","130237","100132","54383","682319","71225","131461","99386","105498","125002","98318","51430","627968","69309","127390","90034","96803","113347","85924","45161","676295","82141","140654","96515","101288","118883","90953","45861","716554","86932","144463","107950","112889","124616","92372","47332","688556","76396","133152","100715","102362","123106","99491","53333","699402","72805","135052","104156","106365","126710","101602","52712","685512","75723","135170","100215","103473","123103","97498","50329","711504","95792","141334","107292","111264","121222","88642","45957","653149","81308","138795","91131","95144","114314","86247","46211","687364","72446","141545","103335","101083","121751","95274","51930","668115","61876","132869","102031","98546","118862","98293","55638","748070","89241","153902","111842","109730","126148","100825","56383","686034","69603","142424","104660","99764","119317","96631","53634","659026","77582","139966","97795","96260","111961","87552","47910","731527","95327","159676","108778","104327","119379","93585","50454","659082","64275","136045","102355","96901","114589","93176","51740","780078","101556","155856","120191","116922","130020","100046","55487","707785","73479","140200","108726","103126","124341","101555","56359","708522","78876","142813","106336","102787","123917","99538","54255","695465","83097","143076","105464","100570","119258","93107","50894","763543","109852","155587","113703","114380","127974","91648","50399","710211","75658","143265","108000","102064","123192","100353","57679",
"대전광역시","동구","관심","외국인","6156","697","3415","801","452","421","279","91","5866","629","3194","804","450","422","276","91","6345","695","3568","832","456","424","278","92","6372","716","3593","818","449","424","283","89","6410","704","3640","820","447","421","287","91","6333","661","3609","826","442","419","285","91","6343","661","3594","842","446","424","281","95","6313","666","3560","840","446","424","283","94","6632","746","3762","854","460","429","284","97","6708","807","3821","816","462","420","283","99","6838","813","3952","819","456","413","283","102","6834","809","3931","825","460","410","294","105","6840","777","3947","843","462","403","300","108","6941","815","3999","853","468","393","309","104","7300","926","4208","877","471","400","313","105","7107","907","4055","868","462","399","307","109","7168","954","4075","858","471","393","304","113","7082","909","4026","866","481","384","302","114","7073","888","4043","863","483","381","301","114","7025","849","4050","847","486","377","300","116","7596","1021","4420","870","494","383","297","111","7221","1027","4119","818","477","382","294","104","7387","998","4296","828","476","385","297","107","7353","994","4253","837","478","387","295","109","7354","940","4296","838","480","390","295","115","7228","936","4171","833","482","391","302","113","7595","1086","4416","821","479","379","300","114",
"대전광역시","중구","관심","계","980288","129630","186656","136662","149057","160186","129924","88173","1070501","163377","203187","150740","166604","168465","130540","87586","1059989","141567","202823","159105","163500","167293","134578","91123","1086694","160212","203394","165532","163926","166239","134343","93048","1146780","188151","218066","168747","172658","170433","134987","93738","1065996","140027","210406","160744","163612","166719","133193","91295","1049736","145860","217787","148137","155805","163551","129003","89592","1127581","165256","236459","161435","167566","171687","133944","91233","1108715","161161","214415","169069","169577","170549","132644","91300","1068580","169275","184221","161022","159011","163214","135183","96653","1022935","137447","187552","153981","155402","163117","133019","92417","1039662","139203","201423","149312","152878","166364","136060","94421","1059021","153793","206879","155511","160745","164945","127895","89255","1010871","149796","205551","140309","144135","155087","126177","89815","1084246","140374","216385","168826","159812","167022","135387","96440","1089652","143433","207275","174130","165075","166470","134850","98418","1248301","201399","246761","199166","186150","176558","138462","99805","1108829","142611","219926","178676","167464","168532","134352","97267","1129360","163911","236161","168502","165448","167962","131988","95388","1237210","192562","265887","190561","181482","175459","135050","96208","1098970","144237","210916","175788","162952","166558","136521","102000","1231910","196865","223789","203269","189728","178989","138771","100499","1089403","140253","203665","172562","160287","170267","139367","103002","1107736","145288","217489","169219","159673","171349","140456","104263","1079090","147442","219849","163838","153449","163990","131768","98753","1142893","178181","228954","172759","166068","168144","130971","97815","1125115","146693","222187","181455","164203","168083","137757","104738",
"대전광역시","중구","관심","주민등록인구","222919","31387","27432","23851","31983","38790","35383","34093","222690","31248","27301","23746","31957","38783","35434","34221","223076","31337","27187","23931","31911","38812","35445","34453","223581","31452","27058","24246","31818","38881","35540","34586","223462","31441","26865","24316","31694","38895","35503","34748","223304","31370","26733","24330","31659","38849","35435","34928","223100","31271","26579","24342","31605","38812","35435","35056","223899","31542","26483","24621","31723","38843","35497","35190","224279","31635","26376","24773","31694","38922","35525","35354","224532","31620","26340","24896","31680","38918","35581","35497","224687","31635","26238","25032","31629","38907","35630","35616","225008","31734","26081","25232","31600","38927","35694","35740","224881","31691","25982","25213","31490","38970","35630","35905","224116","31442","25816","25080","31287","38845","35627","36019","223610","31236","25643","25147","31107","38695","35470","36312","223529","31157","25575","25276","31018","38619","35447","36437","224869","31497","25597","25840","31163","38688","35500","36584","225910","31754","25587","26165","31369","38762","35486","36787","226131","31747","25543","26204","31400","38821","35510","36906","225986","31606","25499","26229","31319","38769","35509","37055","226046","31558","25450","26288","31292","38726","35550","37182","226133","31548","25364","26309","31305","38723","35581","37303","225988","31475","25250","26364","31224","38700","35558","37417","225645","31439","25108","26361","31098","38579","35552","37508","225423","31283","25063","26326","30957","38622","35470","37702","225250","31103","25057","26241","30800","38666","35500","37883","224992","30954","24909","26262","30672","38516","35532","38147",
"대전광역시","중구","관심","체류인구","755367","98143","158866","112358","116751","121082","94196","53971","845839","132032","175539","126540","134327","129372","94771","53256","834918","110128","175286","134711","131265","128175","98791","56562","861111","128655","175981","140831","131777","127055","98464","58348","921328","156604","190866","143974","140628","131241","99141","58874","840709","108550","183340","135958","131619","127567","97422","56253","824646","114484","190881","123331","123865","124437","93228","54419","901685","133609","209654","136355","135498","132536","98110","55922","882408","129417","187695","143834","137537","131318","96784","55823","842011","137542","157540","135675","126983","123976","99267","61027","796199","105699","160968","128490","123433","123885","97055","56669","812614","107356","174995","123619","120947","127115","100032","58549","832115","121991","180559","129848","128921","125650","91933","53215","784716","118240","179397","114776","112516","115913","90215","53658","858612","109022","190397","143234","128380","128008","99585","59986","864118","112162","181364","148412","133732","127535","99071","61841","1021433","169785","220826","172894","154653","137558","102641","63076","880915","110746","194000","152072","135760","129449","98549","60338","901231","132053","210273","141852","133714","128831","96167","58341","1009229","160844","240034","163891","149830","136381","99232","59016","870887","112563","185100","149057","131317","127518","100658","64676","1003732","165198","198055","176521","158080","139949","102878","63051","861351","108659","178039","145765","128714","131245","103491","65438","880022","113731","192005","142427","128218","132448","104588","66606","851574","116038","194409","137072","122126","125045","95983","60900","915552","146958","203516","146080","134900","129155","95157","59785","898008","115611","196876","154755","133168","129241","101919","66439",
"대전광역시","중구","관심","외국인","2002","100","358","453","323","314","345","109","1972","97","347","454","320","310","335","109","1995","102","350","463","324","306","342","108","2002","105","355","455","331","303","339","114","1990","106","335","457","336","297","343","116","1983","107","333","456","334","303","336","114","1990","105","327","464","335","302","340","117","1997","105","322","459","345","308","337","121","2028","109","344","462","346","309","335","123","2037","113","341","451","348","320","335","129","2049","113","346","459","340","325","334","132","2040","113","347","461","331","322","334","132","2025","111","338","450","334","325","332","135","2039","114","338","453","332","329","335","138","2024","116","345","445","325","319","332","142","2005","114","336","442","325","316","332","140","1999","117","338","432","334","312","321","145","2004","111","339","439","335","321","317","142","1998","111","345","446","334","310","311","141","1995","112","354","441","333","309","309","137","2037","116","366","443","343","314","313","142","2045","119","370","439","343","317","312","145","2064","119","376","433","349","322","318","147","2069","118","376","431","357","322","316","149","2093","121","377","440","366","323","315","151","2091","120","381","438","368","323","314","147","2115","128","402","438","363","326","306","152",
"대전광역시","대덕구","관심","계","617606","65122","86522","91287","106616","127318","91261","49480","672662","81798","94867","100516","117673","134296","93104","50409","648755","65843","92536","96678","110410","133826","97242","52220","693267","73694","100770","100284","115032","140741","104928","57818","760320","90734","108096","108997","125649","151599","113187","62058","703228","73625","98173","99738","116263","144969","110480","59980","624982","65461","85215","88824","104631","130705","96783","53364","627322","66218","85469","89206","105262","131213","97304","52649","676473","75644","93650","98442","114016","137160","101624","55937","654243","62063","88151","92232","107678","138986","106795","58339","644196","62493","89543","92196","107804","134539","101724","55897","625546","62686","86999","89456","103908","129836","98294","54368","640322","77911","88368","95338","109048","127246","90877","51534","575692","59067","78046","81946","95248","119882","89683","51820","615759","61096","85321","89008","101797","127187","96048","55300","607522","56419","82459","87159","99720","126378","98406","56980","648044","69327","88408","92603","105559","132059","101996","58092","621375","59515","82788","88517","100271","129922","102767","57595","602954","61119","79937","87612","99354","124650","95776","54505","612418","63415","81950","88741","100241","125968","96937","55166","614150","54723","82987","89921","100000","127995","100763","57759","680573","75695","92119","101894","113009","135527","103386","58944","634485","59822","85811","93646","103465","130780","102560","58401","620713","60639","83535","90747","100735","127924","99878","57255","593085","61431","77862","87983","96316","121888","92765","54840","635304","75178","85765","95168","105423","126124","92497","55148","606279","58428","81694","89169","97558","124392","97077","57962",
"대전광역시","대덕구","관심","주민등록인구","169583","23260","21302","19279","23525","33028","28476","20713","169558","23204","21185","19251","23439","33065","28631","20783","169899","23103","21174","19478","23321","33121","28785","20917","170196","23040","21224","19573","23244","33195","28928","20992","170090","22968","21078","19595","23155","33193","29019","21082","170090","22846","21000","19620","23109","33232","29078","21205","169938","22753","20943","19606","23039","33183","29086","21328","169534","22596","20791","19614","22899","33084","29146","21404","169171","22439","20646","19622","22746","33012","29180","21526","168708","22269","20551","19538","22623","32850","29241","21636","168435","22163","20481","19532","22553","32729","29261","21716","168217","22062","20386","19605","22345","32636","29338","21845","167785","21869","20269","19504","22180","32647","29313","22003","167290","21743","20004","19391","22040","32576","29387","22149","166720","21596","19792","19299","21930","32358","29412","22333","166435","21509","19695","19285","21826","32201","29464","22455","166098","21387","19572","19240","21725","32143","29478","22553","166628","21488","19515","19431","21786","32183","29554","22671","166691","21436","19479","19522","21740","32174","29581","22759","166550","21360","19331","19587","21648","32142","29608","22874","166344","21287","19230","19590","21616","31986","29632","23003","166191","21226","19095","19593","21551","31918","29714","23094","165902","21110","18990","19552","21446","31859","29753","23192","165535","20984","18891","19539","21331","31729","29752","23309","165221","20820","18768","19502","21206","31720","29715","23490","165010","20757","18636","19428","21089","31710","29742","23648","164790","20668","18544","19417","20966","31561","29797","23837",
"대전광역시","대덕구","관심","체류인구","445247","41621","64259","71373","82782","93969","62572","28671","500376","58370","72742","80634","93925","100915","64264","29527","476081","42527","70392","76550","86777","100392","68242","31201","520135","50359","78534","80043","91461","107232","75782","36724","587266","67469","85997","88732","102162","118093","83940","40873","530070","50428","76107","79447","92816","111425","81171","38676","451972","42365","63198","68548","81249","97209","67465","31939","454752","43340","63600","68922","82016","97809","67922","31142","504195","52931","71853","78133","90930","103828","72214","34306","482258","39456","66356","71995","84707","105824","77320","36601","472568","40043","67845","71962","84898","101512","72229","34079","454066","40257","65397","69149","81211","96906","68725","32422","469166","55624","66847","75115","86514","94302","61335","29429","405071","36959","56799","61822","72852","87009","60063","29567","445709","39139","64270","68977","79517","94535","66406","32863","437491","34366","61435","67134","77541","93875","68717","34422","478460","47484","67522","72628","83486","99613","72293","35434","451254","37583","61946","68348","78137","97439","72984","34817","432615","39149","59071","67354","77261","92174","65967","31638","442219","41557","61207","68403","78247","93523","67096","32186","444140","32974","62315","69566","78033","95706","70893","34651","510636","53972","71540","81537","91104","103310","73432","35742","464855","38264","65328","73320","81657","98617","72569","35100","451341","39089","63157","70437","79042","95890","69888","33838","424007","40073","57565","67715","74740","89867","62803","31244","466587","53990","65610","74997","83970","94116","62508","31395","437526","37161","61555","69004","76230","92528","67031","34018",
"대전광역시","대덕구","관심","외국인","2776","241","961","635","309","321","213","96","2728","224","940","631","309","316","209","99","2775","213","970","650","312","313","215","102","2936","295","1012","668","327","314","218","102","2964","297","1021","670","332","313","228","103","3068","351","1066","671","338","312","231","99","3072","343","1074","670","343","313","232","97","3036","282","1078","670","347","320","236","103","3107","274","1151","687","340","320","230","105","3277","338","1244","699","348","312","234","102","3193","287","1217","702","353","298","234","102","3263","367","1216","702","352","294","231","101","3371","418","1252","719","354","297","229","102","3331","365","1243","733","356","297","233","104","3330","361","1259","732","350","294","230","104","3596","544","1329","740","353","302","225","103","3486","456","1314","735","348","303","225","105","3493","444","1327","738","348","300","229","107","3648","534","1387","736","353","302","228","108","3649","498","1412","751","346","303","233","106","3666","462","1442","765","351","303","238","105","3746","497","1484","764","354","299","240","108","3728","448","1493","774","362","304","238","109","3837","566","1487","771","362","305","238","108","3857","538","1529","766","370","301","247","106","3707","431","1519","743","364","298","247","105","3963","599","1595","748","362","303","249","107",
"경기도","동두천시","관심","계","264566","31132","38662","35470","42042","48916","40507","27837","295194","37711","43813","40744","47691","53485","42850","28901","284410","30913","39758","37492","45449","53806","45085","31908","303784","33811","41062","39285","47472","56373","48881","36901","320114","39481","41695","41577","50999","59396","50332","36633","316306","37312","41133","41913","50229","58343","50289","37087","285633","32417","37876","37712","45310","53707","45440","33172","331769","41808","42680","45202","53746","59956","51070","37308","327742","40041","43977","44369","51889","60530","50102","36833","330004","38805","40240","41266","50371","60680","55118","43523","316425","33309","39609","39361","48380","58724","53737","43304","278834","29948","40092","38111","43192","51741","44699","31052","287865","37413","41128","40674","45286","51611","42188","29566","250394","29224","34060","32971","38345","45913","40316","29563","278560","29803","37205","36569","43327","51684","45480","34492","284737","30162","36263","37596","43892","52955","47054","36815","325621","42724","39611","42919","51932","57999","50618","39818","301242","33605","37100","39816","47691","55899","49033","38098","296860","34431","36896","40168","47014","54119","47726","36506","318127","38899","39045","43978","50393","56747","50212","38853","277165","28125","35002","35824","42377","52383","46906","36547","344310","44327","42330","46558","53692","61326","54075","42003","313112","32946","37033","39834","46864","56762","54289","45385","270392","28604","35828","36243","40643","49651","45444","33980","254897","30985","32524","33863","38575","46220","41170","31560","293232","37733","37016","40888","46267","52143","45193","33992","275476","28245","33963","35717","41864","50778","46753","38156",
"경기도","동두천시","관심","주민등록인구","88539","12228","9600","8856","12144","16086","14972","14653","88255","12136","9516","8743","12108","16021","15014","14717","87875","12026","9450","8645","12039","15962","15028","14725","87725","11954","9412","8616","11948","15975","15050","14770","87563","11870","9376","8579","11872","15969","15085","14812","87499","11821","9350","8557","11829","15942","15120","14880","87321","11737","9286","8518","11787","15948","15108","14937","87157","11681","9223","8459","11716","15955","15127","14996","87099","11640","9170","8466","11674","15961","15133","15055","86927","11556","9116","8433","11618","15936","15144","15124","86889","11506","9097","8428","11574","15880","15213","15191","86838","11463","9072","8422","11502","15876","15275","15228","86807","11396","9042","8405","11467","15906","15278","15313","86685","11374","8983","8379","11427","15887","15310","15325","86646","11312","8906","8417","11377","15904","15264","15466","86695","11281","8887","8407","11349","15921","15306","15544","86885","11248","8862","8445","11360","15958","15368","15644","86950","11226","8849","8459","11383","15936","15419","15678","86875","11197","8769","8445","11348","15935","15445","15736","86872","11156","8746","8410","11360","15901","15480","15819","86830","11128","8700","8397","11353","15850","15510","15892","86660","11074","8629","8388","11304","15813","15502","15950","86601","11039","8577","8387","11269","15792","15523","16014","86438","10987","8525","8350","11196","15765","15554","16061","86331","10939","8456","8335","11133","15776","15592","16100","86299","10894","8413","8333","11099","15749","15612","16199","86326","10859","8399","8331","11046","15709","15717","16265",
"경기도","동두천시","관심","체류인구","172425","18538","28336","25695","29297","32317","25198","13044","203318","25185","33585","31074","34976","36956","27495","14048","192862","18483","29575","27911","32802","37336","29709","17047","212354","21457","30904","29720","34912","39886","33483","21993","228795","27194","31545","32049","38514","42914","34898","21680","225028","25082","31005","32388","37787","41883","34816","22067","194458","20261","27779","28217","32904","37230","29978","18090","240757","29713","32662","35765","41397","43471","35588","22162","236749","27991","34001","34902","39577","44041","34609","21627","239040","26771","30253","31843","38109","44211","39607","28245","225499","21327","29634","29951","36166","42309","38151","27960","187925","18010","30132","28703","31039","35335","29044","15663","196961","25536","31195","31280","33155","35168","26533","14095","159489","17311","24149","23592","26240","29493","24623","14079","187675","17971","27359","27136","31265","35251","29829","18864","193812","18362","26445","28169","31861","36512","31359","21104","234433","30935","29801","33438","39871","41517","34860","24011","210021","21855","27322","30337","35599","39441","33213","22254","205746","22745","27205","30702","34950","37664","31879","20601","227005","27252","29381","34527","38317","40329","34336","22863","186050","16519","25359","26371","30302","36015","31000","20483","253300","32755","32727","37111","41665","44994","38170","25879","222161","21396","27483","30395","34873","40459","38356","29200","179641","17119","26340","26856","28717","33380","29483","17747","164282","19560","23112","24491","26723","29939","25174","15283","202682","26355","27661","31524","34450","35896","29179","17617","184861","16892","24598","26353","30100","34573","30634","21711",
"경기도","동두천시","관심","외국인","3602","366","726","919","601","513","337","140","3621","390","712","927","607","508","341","136","3673","404","733","936","608","508","348","136","3705","400","746","949","612","512","348","138","3756","417","774","949","613","513","349","141","3779","409","778","968","613","518","353","140","3854","419","811","977","619","529","354","145","3855","414","795","978","633","530","355","150","3894","410","806","1001","638","528","360","151","4037","478","871","990","644","533","367","154","4037","476","878","982","640","535","373","153","4071","475","888","986","651","530","380","161","4097","481","891","989","664","537","377","158","4220","539","928","1000","678","533","383","159","4239","520","940","1016","685","529","387","162","4230","519","931","1020","682","522","389","167","4303","541","948","1036","701","524","390","163","4271","524","929","1020","709","522","401","166","4239","489","922","1021","716","520","402","169","4250","491","918","1041","716","517","396","171","4285","478","943","1056","722","518","396","172","4350","498","974","1059","723","519","403","174","4350","511","973","1052","722","511","410","171","4313","498","963","1037","730","506","407","172","4284","486","956","1037","719","505","404","177","4251","484","942","1031","718","498","402","176","4289","494","966","1033","718","496","402","180",
"경기도","포천시","관심","계","698653","73049","91564","100941","111939","141941","122974","56245","809547","92513","108022","117277","132802","162417","134958","61558","864450","73205","101655","117203","148791","193064","159058","71475","969047","76952","99851","125308","167224","219134","186839","93738","1054515","95762","106923","136260","182570","233770","196099","103129","1019891","92644","107703","137012","180360","228545","187957","85670","883184","89092","96865","117050","152905","195163","160511","71598","1105402","133291","120235","153867","195444","230458","188383","83723","1076898","103571","120203","149129","183350","232803","196561","91282","1207632","101596","111672","153420","202026","267816","245428","125675","976134","79862","103512","126391","165484","217998","190272","92614","717325","64270","92856","100282","113743","147920","133294","64959","731416","87604","94749","108014","116429","140570","124625","59424","627059","63170","80080","83331","98772","129111","115539","57055","802395","66001","89016","104416","133072","180103","155139","74648","839912","59103","85931","105815","138271","190605","169312","90877","1067042","101778","102996","136288","181143","230929","202904","111005","969597","84226","97424","127109","165590","214854","187739","92655","910147","93380","95459","120154","155225","197397","168580","79952","1033217","117475","107512","139052","178514","218965","186274","85424","882619","64269","90217","112136","146428","200646","179523","89399","1222057","124427","119052","157007","201598","254505","237707","127761","937464","72363","94143","117373","154838","210792","190590","97365","667945","58091","85620","92277","102297","134338","128105","67217","686989","73520","83941","99844","107329","132744","125522","64090","807048","93380","98310","115293","129064","157471","141469","72060","821697","64157","88298","106684","134081","182976","162514","82987",
"경기도","포천시","관심","주민등록인구","143157","17036","16007","13778","17210","27936","29291","21899","142797","16922","15869","13649","17104","27890","29421","21942","142542","16752","15779","13638","16993","27776","29567","22037","142545","16708","15706","13658","16908","27757","29668","22140","142429","16633","15583","13633","16860","27695","29759","22266","142365","16563","15553","13615","16762","27692","29808","22372","142135","16467","15422","13616","16695","27608","29866","22461","141958","16424","15279","13610","16595","27507","29942","22601","141825","16373","15181","13614","16545","27433","29957","22722","141587","16268","15087","13640","16459","27336","29967","22830","141572","16210","15035","13639","16398","27271","30046","22973","141463","16143","14944","13689","16287","27132","30155","23113","141444","16117","14856","13726","16247","27055","30165","23278","141262","16056","14722","13719","16195","26925","30246","23399","141286","16007","14682","13760","16113","26849","30196","23679","141186","15953","14616","13745","16044","26803","30261","23764","141215","15903","14563","13820","15988","26714","30322","23905","141167","15866","14504","13800","15945","26685","30327","24040","140971","15794","14407","13770","15858","26610","30378","24154","140867","15723","14320","13783","15764","26554","30456","24267","140741","15660","14243","13816","15718","26450","30479","24375","140645","15595","14201","13819","15682","26334","30547","24467","140501","15509","14148","13799","15672","26216","30616","24541","140452","15450","14063","13813","15641","26112","30744","24629","140461","15437","13977","13834","15552","26076","30749","24836","140355","15380","13895","13824","15465","26021","30781","24989","140428","15291","13855","13909","15373","25887","30905","25208",
"경기도","포천시","관심","체류인구","541164","55493","70588","81860","93194","112924","92999","34106","652510","75078","87231","98338","114162","133469","104851","39381","707509","55943","80904","98198","130225","164237","128804","49199","811933","59725","79076","106225","148751","190327","156475","71353","897337","78585","86133","117211","164124","205018","165646","80618","862664","75526","86865","117948","162018","199794","157456","63057","726007","72079","76022","97930","134637","166486","129957","48896","948219","116320","99437","134684","177284","201867","157745","60881","919699","86648","99435","129873","165230","204294","165903","68317","1050424","84718","90750","134163","184020","239416","214762","102596","818833","63038","82550","107137","147521","189674","159523","69389","560024","47504","71963","80927","95874","119737","102428","41590","574131","70868","73974","88582","98604","112471","93740","35891","469936","46484","59491","63860","80983","101150","84569","33398","645181","49351","68471","84863","115351","152218","124221","50706","682569","42471","65339","86221","120597","162771","138330","66842","909582","85193","82481","116555","163490","203184","171854","86826","811981","67673","76956","107241","147943","187138","156689","68341","752672","76910","75056","100276","137650","169770","137486","55524","875809","101069","87196","119156","161006","191394","155107","60880","725396","47913","70056","92216","128960","173177","148329","64744","1065115","108104","99147","137066","184166","227165","206447","103020","780577","56107","74236","97447","137413","183570","159258","72546","511071","41907","65784","72301","84902","107221","96647","42309","529977","57322","64164","79781","90014","105668","94054","38975","650242","77240","78700","95260","111825","130451","109972","46793","664814","48096","68777","86546","116910","156098","130884","57503",
"경기도","포천시","관심","외국인","14332","520","4969","5303","1535","1081","684","240","14240","513","4922","5290","1536","1058","686","235","14399","510","4972","5367","1573","1051","687","239","14569","519","5069","5425","1565","1050","696","245","14749","544","5207","5416","1586","1057","694","245","14862","555","5285","5449","1580","1059","693","241","15042","546","5421","5504","1573","1069","688","241","15225","547","5519","5573","1565","1084","696","241","15374","550","5587","5642","1575","1076","701","243","15621","610","5835","5617","1547","1064","699","249","15729","614","5927","5615","1565","1053","703","252","15838","623","5949","5666","1582","1051","711","256","15841","619","5919","5706","1578","1044","720","255","15861","630","5867","5752","1594","1036","724","258","15928","643","5863","5793","1608","1036","722","263","16157","679","5976","5849","1630","1031","721","271","16245","682","5952","5913","1665","1031","728","274","16449","687","5964","6068","1702","1031","723","274","16504","676","5996","6108","1717","1017","716","274","16541","683","5996","6113","1744","1017","711","277","16482","696","5918","6104","1750","1019","715","280","16297","728","5704","6122","1750","1006","713","274","16386","747","5759","6127","1753","1006","716","278","16422","734","5773","6163","1754","1005","714","279","16551","761","5800","6229","1763","1000","719","279","16451","760","5715","6209","1774","999","716","278","16455","770","5666","6229","1798","991","725","276",
"경기도","연천군","감소","계","186857","21890","33660","21574","26886","32159","30459","20229","224897","30139","38297","25919","34067","39395","35072","22007","242715","26595","35503","26329","36098","44506","44494","29190","267712","27548","36156","28971","40122","50485","50137","34293","304642","39905","37764","33895","48222","55076","54211","35569","286784","33781","37200","32705","45247","54018","51980","31854","240345","28941","35468","25741","35499","45978","42924","25795","290215","37928","41212","33531","44360","53320","50262","29602","312754","36237","43775","36343","47145","58076","57405","33773","367601","37092","41773","40133","52968","70081","75964","49590","258958","28727","35400","28806","39575","48302","47647","30502","187223","20526","32185","21534","27363","33184","32161","20271","199212","27616","34980","24313","29973","33927","30227","18177","170191","19632","30342","18238","23951","30239","29034","18755","209389","22417","30652","23096","30579","38955","38935","24755","224869","21448","31109","24036","31989","42776","44070","29440","322948","46586","38395","38968","51226","53832","56339","37602","265135","30128","34524","29559","40148","49031","49954","31790","238255","27962","33793","26127","33977","43618","44484","28294","268007","33085","36480","30632","39744","49045","48967","30054","235856","22184","32274","24753","33046","44635","47931","31033","355772","40859","40654","38673","50742","64214","71622","49008","240039","26089","31616","26136","35722","44091","45337","31048","174092","18071","28121","19713","24643","30721","31746","21077","169546","20705","28274","19811","24381","29057","28486","18831","209735","28413","32236","25029","31491","36649","33988","21929","207200","21568","28919","22647","29967","38884","39076","26139",
"경기도","연천군","감소","주민등록인구","41487","4876","4480","3951","4292","6564","8643","8681","41342","4801","4470","3911","4256","6530","8684","8690","41236","4772","4433","3902","4211","6506","8703","8709","41111","4743","4370","3876","4179","6500","8717","8726","41081","4709","4360","3868","4160","6508","8718","8758","41091","4716","4328","3875","4161","6497","8712","8802","41035","4690","4333","3879","4117","6490","8718","8808","40950","4681","4262","3878","4095","6461","8733","8840","40894","4657","4241","3880","4088","6436","8742","8850","40863","4642","4221","3863","4090","6397","8760","8890","40804","4631","4182","3862","4076","6361","8777","8915","40866","4611","4184","3906","4073","6340","8780","8972","40894","4598","4193","3894","4061","6349","8794","9005","40974","4579","4194","3906","4064","6357","8837","9037","41000","4576","4150","3925","4055","6351","8801","9142","41027","4568","4128","3930","4047","6352","8803","9199","41066","4564","4125","3959","4032","6345","8803","9238","41063","4556","4105","3982","4036","6325","8791","9268","41030","4546","4077","3965","4043","6311","8786","9302","41017","4529","4051","3965","4047","6298","8786","9341","41027","4534","4029","3963","4051","6276","8813","9361","41347","4551","4066","4008","4077","6343","8879","9423","41978","4567","4213","4070","4144","6452","9016","9516","42340","4606","4278","4135","4183","6474","9069","9595","42475","4620","4273","4162","4203","6482","9083","9652","42578","4635","4271","4175","4210","6469","9115","9703","42684","4624","4296","4172","4226","6459","9144","9763",
"경기도","연천군","감소","체류인구","144200","16977","28811","17242","22462","25476","21723","11509","182373","25300","33445","21627","29678","32747","26296","13279","200286","21783","30685","22042","31750","37886","35699","20441","225284","22761","31388","24652","35763","43869","41326","25525","262180","35149","33004","29548","43860","48453","45397","26769","244232","29014","32456","28308","40872","47401","43172","23010","197826","24196","30715","21332","31157","39370","34111","16946","247783","33187","36515","29139","40046","46740","41436","20720","270364","31519","39094","31947","42834","51520","48568","24882","325258","32387","37114","35758","48668","63564","67106","40661","216797","24033","30779","24494","35347","41823","38772","21550","145012","15849","27574","17177","23148","26727","23279","11259","156963","22953","30356","19972","25765","27459","21330","9129","127861","14987","25715","13885","19741","23764","20093","9676","167046","17774","26076","18723","26383","32484","30034","15572","182370","16814","26546","19588","27753","36303","35164","20201","280266","41950","33815","34415","46961","47366","47436","28323","222424","25499","29957","24970","35870","42583","41065","22479","195579","23345","29270","21545","29686","37184","35600","18949","225342","28481","31986","26052","35451","42623","40080","20669","193198","17576","27811","20174","28757","38239","39014","21627","312856","36231","36167","34077","46455","57750","62637","39539","196626","21440","26984","21567","31420","37525","36208","21482","130309","13374","23432","15076","20298","24132","22566","11431","125616","15996","23583","15140","20017","22462","19289","9128","165689","23686","27549","20334","27118","30069","24757","12176","163008","16848","24207","17930","25569","32314","29819","16321",
"경기도","연천군","감소","외국인","1170","37","369","381","132","119","93","39","1182","38","382","381","133","118","92","38","1193","40","385","385","137","114","92","40","1317","44","398","443","180","116","94","42","1381","47","400","479","202","115","96","42","1461","51","416","522","214","120","96","42","1484","55","420","530","225","118","95","41","1482","60","435","514","219","119","93","42","1496","61","440","516","223","120","95","41","1480","63","438","512","210","120","98","39","1357","63","439","450","152","118","98","37","1345","66","427","451","142","117","102","40","1355","65","431","447","147","119","103","43","1356","66","433","447","146","118","104","42","1343","67","426","448","141","120","100","41","1472","66","435","518","189","121","103","40","1616","72","455","594","233","121","100","41","1648","73","462","607","242","123","98","43","1646","71","446","617","248","123","98","43","1648","75","443","615","246","124","101","44","1631","74","434","616","238","120","104","45","1569","77","421","588","210","121","106","46","1435","82","419","499","158","114","113","50","1443","91","411","502","162","115","111","51","1455","89","418","509","161","113","114","51","1468","92","416","520","163","111","116","50","1508","96","416","545","172","111","113","55",
"경기도","가평군","감소","계","550492","97302","99223","96493","87195","77463","62668","30148","607411","109203","105756","102332","98329","88205","69407","34179","695298","94238","114526","113451","112087","122084","96536","42376","848795","91149","109838","136216","140101","161621","139756","70114","961242","127789","136879","148346","154877","170914","146216","76219","1062943","126461","172040","181120","170691","185780","157028","69824","1034359","158224","212329","165804","149416","158994","132048","57545","1499151","235263","322094","250108","225734","219718","172587","73645","967739","110334","168464","179702","153542","162242","131852","61603","973459","101002","112180","157513","163468","186312","168241","84742","831959","89159","112753","136047","136268","156300","136641","64791","572296","73939","95833","107264","89552","89657","77772","38280","583278","101097","101225","107093","91642","80533","67827","33861","524088","98296","88057","85129","81180","73336","64550","33539","654452","93782","97365","105053","106458","111162","93567","47066","747503","72406","92171","113057","114526","145321","136254","73769","1044452","147303","143774","160710","167568","178752","159905","86440","966640","115937","142797","162887","154472","168664","149193","72690","1048037","162959","195744","169222","154930","159777","141079","64328","1269139","200453","254284","220214","189796","183275","152058","69059","756401","70561","111904","133808","119326","136405","121424","62973","962714","117780","117249","157894","157700","170893","156821","84378","780983","78218","97776","125940","126309","148501","135384","68855","508173","63369","79967","93365","78458","79286","74222","39505","520306","89174","86060","92064","80135","73070","65045","34759","612089","105922","99703","106966","96435","86357","75751","40955","619208","82052","89946","97100","95489","108007","96450","50163",
"경기도","가평군","감소","주민등록인구","62274","7074","5674","5454","7402","10856","13643","12171","62249","7018","5656","5421","7365","10866","13694","12229","62245","6985","5615","5456","7319","10867","13708","12295","62281","6962","5620","5466","7253","10894","13754","12332","62389","6953","5610","5491","7241","10904","13777","12413","62393","6935","5586","5521","7207","10889","13784","12471","62445","6929","5584","5508","7183","10894","13823","12524","62511","6973","5557","5512","7156","10853","13875","12585","62492","6925","5541","5511","7128","10828","13891","12668","62497","6887","5531","5520","7108","10817","13915","12719","62505","6876","5526","5506","7095","10797","13918","12787","62527","6856","5548","5518","7066","10744","13935","12860","62472","6811","5506","5503","7053","10735","13881","12983","62309","6770","5424","5469","7019","10697","13871","13059","62234","6741","5400","5462","6977","10662","13794","13198","62181","6731","5383","5450","6953","10609","13794","13261","62143","6691","5349","5432","6949","10589","13817","13316","62177","6675","5345","5438","6933","10587","13834","13365","62230","6663","5351","5418","6935","10591","13847","13425","62276","6689","5327","5412","6917","10559","13870","13502","62229","6665","5306","5394","6904","10534","13847","13579","62224","6639","5301","5390","6918","10484","13868","13624","62200","6599","5305","5375","6863","10487","13870","13701","62125","6559","5267","5390","6789","10487","13881","13752","62026","6512","5251","5359","6750","10480","13862","13812","62030","6486","5230","5299","6749","10480","13874","13912","61963","6452","5185","5318","6723","10413","13889","13983",
"경기도","가평군","감소","체류인구","486652","90136","93280","90707","79574","66302","48781","17872","543620","102099","99842","96586","90741","77038","55467","21847","631475","87148","108642","107668","104551","110917","82578","29971","784930","84080","103955","130428","132625","150427","125745","57670","897268","120730","131013","142528","147406","159711","132182","63696","998953","119424","166177","175272","163253","174591","142994","57243","970291","151194","206450","159969","141996","147802","117968","44913","1434999","228184","316243","244263","218339","208566","158445","60957","903593","103302","162614","173861","146177","151114","117692","48833","909295","94005","106334","151665","156127","175195","154045","71923","767784","82171","106920","130213","128934","145206","122436","51904","508102","66971","89970","101419","82246","78623","63551","25323","519104","94176","95389","101250","84346","69504","53658","20781","460087","91419","82313","79318","73917","62347","50389","20383","590531","86931","91639","99254","99240","100214","79482","33772","683621","65568","86462","107268","107329","134423","122165","60407","980610","140506","138101","154934","160376","167878","145795","73020","902764","109159","137126","157105","147300","157791","135065","59218","984091","156189","190069","163451","147753","148897","126939","50795","1205150","193658","248636","214449","182636","172430","137894","55447","692437","63791","106264","128052","112176","125592","107278","49284","898763","111039","111611","152139","150540","160131","142659","70645","717052","71516","92128","120201","119205","137742","121211","55049","444298","56705","74351","87611","71422","68525","60038","25645","456536","82559","80462","86344","73136","62321","50878","20837","548347","99329","94149","101315","89432","75616","61577","26929","555490","75476","84420","91423","88511","97335","82261","36063",
"경기도","가평군","감소","외국인","1566","92","269","332","219","305","244","105","1542","86","258","325","223","301","246","103","1578","105","269","327","217","300","250","110","1584","107","263","322","223","300","257","112","1585","106","256","327","230","299","257","110","1597","102","277","327","231","300","250","110","1623","101","295","327","237","298","257","108","1641","106","294","333","239","299","267","103","1654","107","309","330","237","300","269","102","1667","110","315","328","233","300","281","100","1670","112","307","328","239","297","287","100","1667","112","315","327","240","290","286","97","1702","110","330","340","243","294","288","97","1692","107","320","342","244","292","290","97","1687","110","326","337","241","286","291","96","1701","107","326","339","244","289","295","101","1699","106","324","344","243","285","293","104","1699","103","326","344","239","286","294","107","1716","107","324","353","242","289","293","108","1713","106","321","353","243","286","294","110","1735","105","334","362","246","279","299","110","1727","102","337","365","242","278","294","109","1731","103","343","364","241","272","303","105","1750","105","349","364","247","274","303","108","1744","103","347","361","249","269","305","110","1712","107","324","352","254","261","300","114","1755","124","341","359","255","259","300","117",
"강원특별자치도","강릉시","관심","계","1158955","171522","206764","158729","186262","202895","154036","78747","1125260","176022","202064","154038","188818","193129","138040","73151","1024468","111508","165565","151472","167022","191809","153841","83250","1070824","99529","153055","151821","165924","205137","183643","111715","1171546","143014","171453","163290","187266","215743","181834","108947","1253804","136268","198404","188410","199411","230894","194030","106386","1235053","171077","212591","183799","204186","214432","161312","87656","1632994","232852","298361","256188","267487","277962","200200","99945","1158696","133401","187259","182912","185345","206588","170069","93122","1175980","118984","156189","162827","182181","226724","206436","122639","1017202","104035","148759","143554","160972","196803","167973","95107","1060201","119801","187173","158869","164578","193164","153220","83395","1268389","182590","225742","189138","201994","218972","164848","85104","1051622","156773","181790","137940","166986","183707","143369","81058","1006720","103773","154084","149669","159144","190650","157878","91523","1008384","85020","135348","141001","147699","194260","184432","120625","1326775","166836","187817","191593","210683","239074","205658","125115","1241098","128249","190695","187399","192186","229835","199094","113638","1352893","182217","228782","207126","218480","232440","182132","101715","1685751","243202","294659","270260","275413","285030","209112","108076","857498","80216","130263","130260","128413","158464","141874","88008","1230957","154453","171987","181821","194205","220182","191527","116782","1051987","105648","149702","154109","163231","199038","174727","105532","1092635","126171","185686","170405","166769","194107","157865","91632","1245896","175559","206094","182302","195293","218935","172962","94751","1232169","195593","207704","181649","200531","205437","152882","88372","962236","95519","143743","147894","148425","178798","152647","95211",
"강원특별자치도","강릉시","관심","주민등록인구","209174","28657","22453","20277","29484","36582","37263","34458","208939","28506","22312","20176","29391","36656","37298","34600","208800","28317","22229","20238","29186","36628","37392","34810","208627","28184","22162","20214","29049","36653","37428","34937","208565","28071","22094","20275","28908","36676","37493","35048","208434","27966","22009","20270","28840","36678","37497","35174","208251","27897","21892","20259","28751","36669","37500","35283","208101","27829","21791","20227","28682","36617","37535","35420","208161","27804","21719","20289","28639","36612","37559","35539","207988","27738","21589","20296","28565","36569","37572","35659","207737","27632","21511","20273","28415","36558","37563","35785","207731","27619","21391","20387","28251","36556","37585","35942","207543","27543","21176","20396","28092","36645","37535","36156","207419","27457","21070","20348","28026","36659","37481","36378","207274","27307","20957","20407","27896","36616","37357","36734","207108","27239","20844","20415","27794","36613","37355","36848","207069","27201","20776","20384","27780","36605","37339","36984","206904","27132","20674","20382","27671","36647","37313","37085","206901","27069","20596","20385","27639","36693","37319","37200","206881","27029","20520","20443","27552","36668","37361","37308","206942","27012","20458","20482","27541","36656","37320","37473","206780","26950","20350","20494","27443","36582","37338","37623","206492","26849","20243","20508","27309","36486","37323","37774","206237","26771","20130","20541","27149","36413","37384","37849","205966","26634","19989","20546","27003","36494","37326","37974","205895","26558","19985","20522","26896","36431","37415","38088","205891","26475","19986","20602","26755","36256","37522","38295",
"강원특별자치도","강릉시","관심","체류인구","946383","142432","183260","137664","156384","165944","116512","44187","912999","147112","178715","133088","159035","156109","100493","38449","812189","82740","142233","130442","137433","154815","116187","48338","858650","70898","129768","130804","136451","168120","145944","76665","959387","114500","148216","142192","157930","178694","144071","73785","1041740","107885","175220","167303","170130","193837","156267","71097","1023123","142754","189497","162689","174990","177387","123550","52256","1421199","204591","275343","235126","238355","240968","162408","64409","946875","105194","164311","161791","156256","169600","132251","57472","964263","90837","133310","141700","153158","189788","168602","86868","805699","75996","125923","122440","132108","159879","130147","59207","848690","91745","164446","137655","135877","156249","115380","47337","1057044","154587","203233","167911","173454","181971","127054","48833","840377","128835","159392","116748","138514","146687","105637","44565","795550","75973","131785","128396","130775","153679","120269","54674","797313","57270","113141","119718","119416","157288","146821","83660","1115688","139092","165669","170333","182409","202109","168064","88013","1030178","100582","168632","166140","164028","192828","161532","76434","1141892","154615","206733","185843","190354","195390","144559","64397","1474769","215646","272666","248933","247383","247999","171499","70644","646432","52680","108292","108909","100405","121444","104295","50407","1020095","127003","150162","160466","166289","183230","153921","79024","841425","78306","127946","132768","135462","162195","137127","67621","882306","98889","164038","149023","139157","157347","120206","53646","1035853","148416","184596","160923","167820","182102","135355","56641","1022241","168548","186224","160293","173170","168666","115190","50149","752187","68534","122183","126448","121194","142197","114852","56780",
"강원특별자치도","강릉시","관심","외국인","3398","433","1051","788","394","369","261","102","3322","404","1037","774","392","364","249","102","3479","451","1103","792","403","366","262","102","3547","447","1125","803","424","364","271","113","3594","443","1143","823","428","373","270","114","3630","417","1175","837","441","379","266","115","3679","426","1202","851","445","376","262","117","3694","432","1227","835","450","377","257","116","3660","403","1229","832","450","376","259","111","3729","409","1290","831","458","367","262","112","3766","407","1325","841","449","366","263","115","3780","437","1336","827","450","359","255","116","3802","460","1333","831","448","356","259","115","3826","481","1328","844","446","361","251","115","3896","493","1342","866","473","355","252","115","3963","511","1363","868","489","359","256","117","4018","543","1372","876","494","360","255","118","4016","535","1389","877","487","360","249","119","4100","533","1453","898","487","357","254","118","4101","527","1473","884","478","363","252","124","4124","524","1513","869","467","364","259","128","4082","500","1475","861","473","370","268","135","4070","493","1513","833","460","357","277","137","4092","511","1518","841","463","347","275","137","4077","509","1509","833","470","339","281","136","4033","487","1495","834","465","340","277","135","4158","510","1574","844","476","345","273","136",
"강원특별자치도","동해시","관심","계","300593","39573","36422","35992","52078","61343","49623","25563","312292","46797","39052","38577","57033","60306","46003","24522","298241","32103","33569","36054","51241","62781","53807","28685","314741","30070","32138","36254","50439","66030","63363","36447","350231","39015","38200","39649","57022","73059","66561","36723","383830","39439","40860","45707","62557","82992","74984","37290","359624","49050","45087","47331","63423","69592","55460","29682","459485","67966","58514","63028","81227","87564","67786","33399","348334","41912","43027","46093","58820","69340","58175","30967","338884","31315","34242","38076","52669","72405","70731","39447","307452","31956","33408","35663","49526","64980","58799","33120","286659","31789","35206","36039","47389","59186","49418","27633","349234","51040","44924","45214","59905","67742","52278","28131","273712","36097","32654","31977","45873","55103","45634","26375","294397","31040","34659","37042","47950","61325","52135","30246","293714","26280","31716","34137","44425","60825","59709","36622","382970","43528","41176","46457","61388","78547","70942","40934","412130","38671","44301","51610","62815","87439","83198","44097","386086","50669","48588","52458","64429","73969","62048","33924","469152","66770","61687","67242","79748","86979","70190","36536","296915","26395","37346","38733","45403","60046","56298","32695","395279","49714","45705","49626","62292","76883","70465","40594","311329","30403","34824","37639","47059","63990","61005","36409","293479","30881","39935","38793","45078","58964","50094","29735","341513","43762","51265","44186","52789","64713","54017","30780","380958","55346","62103","51636","62365","68441","51291","29776","310023","31243","43390","41923","48300","61654","51910","31604",
"강원특별자치도","동해시","관심","주민등록인구","88591","13641","8476","8242","13194","15945","15345","13748","88377","13528","8381","8208","13132","15953","15363","13812","88181","13429","8320","8203","13033","15951","15369","13876","88094","13358","8286","8172","12969","15995","15379","13935","88016","13331","8247","8176","12897","16008","15390","13967","87988","13286","8261","8177","12848","16008","15359","14049","87852","13232","8224","8167","12778","15988","15353","14110","87780","13168","8193","8156","12726","16018","15378","14141","87724","13145","8146","8158","12680","16026","15374","14195","87737","13155","8100","8164","12673","16024","15349","14272","87716","13126","8074","8171","12648","16019","15348","14330","87675","13099","8075","8173","12560","16041","15319","14408","87571","13034","8072","8149","12474","16075","15276","14491","87305","12913","7960","8151","12394","16081","15260","14546","87138","12843","7907","8138","12302","16045","15227","14676","86997","12811","7847","8104","12272","16021","15224","14718","86931","12765","7817","8105","12221","16032","15206","14785","86854","12731","7775","8124","12179","16027","15203","14815","86796","12694","7739","8140","12132","16038","15207","14846","86717","12642","7700","8111","12119","16005","15221","14919","86602","12599","7653","8112","12056","15994","15239","14949","86575","12584","7642","8100","11997","15989","15235","15028","86450","12572","7614","8089","11965","15962","15191","15057","86333","12537","7588","8076","11893","15953","15193","15093","86225","12471","7576","8040","11853","15949","15177","15159","86062","12410","7525","8027","11815","15913","15176","15196","85875","12331","7417","8035","11756","15847","15215","15274",
"강원특별자치도","동해시","관심","체류인구","211006","25898","27705","27473","38743","45262","34180","11746","222944","33236","30437","30101","43760","44221","30539","10648","209049","18640","25006","27574","38065","46689","38333","14741","225647","16678","23619","27808","37322","49893","47881","22446","261242","25650","29737","31208","43970","56910","51073","22692","294862","26119","32373","37269","49559","66838","59525","23178","270775","35784","36625","38905","50494","53456","40007","15505","370705","54764","50087","54605","68355","71394","52309","19190","259614","28730","34658","37666","45987","53164","42705","16704","250147","18122","25912","29640","39841","56234","55291","25108","218730","18790","25098","27223","36723","48816","43358","18722","198013","18651","26904","27601","34689","43005","34006","13158","260695","37969","36624","36802","47294","51528","36907","13571","185439","23149","24456","23574","33337","38885","30278","11761","206302","18161","26519","28655","35506","45143","36816","15502","205763","13435","23631","25783","32010","44666","44403","21835","295102","30729","33124","38104","49026","62376","55658","26087","324326","25905","36285","43237","50488","71271","67919","29222","298336","37939","40607","44071","52145","57789","46765","19019","381480","54088","53744","58889","67475","70835","54890","21559","209357","13755","29457","30379","33187","43913","40981","17686","307741","37084","37827","41284","50135","60755","55152","25504","223928","17785","26982","29304","34931","47893","45741","21292","206192","18299","32111","30468","33026","42878","34827","14584","254332","31246","43454","35895","40774","48634","38765","15563","293944","42890","54346","43352","50391","52397","36044","14524","223196","18865","35734","33640","36383","45677","36625","16273",
"강원특별자치도","동해시","관심","외국인","996","34","241","277","141","136","98","69","971","33","234","268","141","132","101","62","1011","34","243","277","143","141","105","68","1000","34","233","274","148","142","103","66","973","34","216","265","155","141","98","64","980","34","226","261","150","146","100","63","997","34","238","259","151","148","100","67","1000","34","234","267","146","152","99","68","996","37","223","269","153","150","96","68","1000","38","230","272","155","147","91","67","1006","40","236","269","155","145","93","68","971","39","227","265","140","140","93","67","968","37","228","263","137","139","95","69","968","35","238","252","142","137","96","68","957","36","233","249","142","137","92","68","954","34","238","250","143","138","82","69","937","34","235","248","141","139","78","62","950","35","241","249","148","141","76","60","954","36","242","247","152","142","76","59","955","40","243","242","154","139","79","58","956","41","236","242","160","139","78","60","963","46","236","242","160","139","78","62","951","46","228","246","163","135","73","60","954","45","236","249","159","133","74","58","956","45","235","251","162","130","75","58","952","46","232","257","159","131","71","56","952","47","239","248","161","130","70","57",
"강원특별자치도","태백시","감소","계","236942","24808","14978","21621","38007","58082","57395","22052","191168","29228","17272","20823","35083","40839","32781","15140","115416","12491","9918","12439","20715","25419","21757","12678","125079","13615","9427","12476","21359","27881","25173","15148","149509","17270","11130","15324","26210","34120","29335","16119","146145","16180","11367","15129","25549","33333","29076","15511","171846","22799","13652","16987","30425","39798","31777","16408","234364","32242","19583","23744","40624","54365","44016","19790","172917","23441","15865","21330","32480","35492","28623","15686","150217","18369","10528","14662","25099","33766","30659","17134","128673","12713","9731","13439","22725","29459","25538","15069","126510","14634","11269","15075","23820","27308","21611","12793","202075","28333","16936","22596","36639","43816","36447","17307","185684","25172","12722","18316","32044","39810","38674","18945","117429","14406","10089","12391","19952","25514","21700","13377","112898","12167","8717","11389","18540","25586","22342","14158","155026","18726","11111","15718","27471","35383","29493","17125","138820","14298","10709","14012","23459","32313","28210","15818","191308","26595","15684","18587","32412","43753","35615","18663","226856","31476","16888","23426","38564","51858","43725","20921","142218","15367","9977","15793","25337","31565","27426","16754","180083","25760","15092","19698","31866","37526","31593","18547","130429","14363","10655","13393","21462","28949","25879","15728","123280","13602","10335","14110","22037","27106","22220","13870","192239","20557","13063","18360","30614","44364","44053","21228","205107","30607","16258","19704","33502","42158","41393","21484","110969","12147","8946","11591","18439","24084","21445","14317",
"강원특별자치도","태백시","감소","주민등록인구","38613","5179","3014","2812","5506","6867","7638","7597","38466","5131","2968","2788","5461","6864","7644","7610","38354","5131","2901","2777","5431","6830","7638","7646","38272","5108","2876","2786","5382","6817","7643","7660","38206","5093","2861","2778","5337","6807","7628","7702","38161","5079","2842","2771","5299","6831","7612","7727","38137","5059","2833","2796","5268","6828","7594","7759","38094","5036","2815","2777","5257","6825","7613","7771","38103","5025","2816","2774","5265","6809","7615","7799","38043","4996","2809","2762","5262","6798","7575","7841","37997","4983","2782","2754","5248","6792","7580","7858","37936","4953","2790","2752","5206","6783","7565","7887","37875","4925","2791","2747","5142","6824","7541","7905","37734","4868","2753","2726","5111","6830","7520","7926","37715","4884","2743","2722","5091","6795","7491","7989","37642","4860","2727","2738","5038","6793","7485","8001","37584","4835","2721","2715","5028","6801","7449","8035","37556","4820","2717","2720","5018","6786","7431","8064","37499","4803","2693","2707","5012","6787","7413","8084","37436","4767","2698","2696","4995","6763","7401","8116","37376","4736","2694","2691","4968","6757","7392","8138","37305","4720","2672","2691","4938","6728","7397","8159","37149","4691","2646","2687","4894","6699","7363","8169","37088","4690","2622","2696","4849","6681","7362","8188","36972","4640","2614","2670","4789","6704","7336","8219","36886","4605","2603","2654","4760","6685","7338","8241","36859","4607","2594","2659","4746","6635","7332","8286",
"강원특별자치도","태백시","감소","체류인구","197968","19597","11901","18713","32433","51163","49722","14440","152347","24067","14242","17940","29554","33923","25103","7516","76683","7328","6947","9559","15216","18531","14085","5018","86423","8475","6472","9584","15909","21012","17497","7474","110862","12148","8176","12411","20789","27261","21673","8403","107539","11073","8431","12223","20164","26448","21430","7770","133193","17711","10711","14020","25055","32912","24149","8635","195749","27181","16660","20797","35256","47481","36369","12005","134256","18389","12933","18367","27095","28625","20974","7873","111675","13346","7618","11739","19735","26909","23049","9279","90269","7702","6867","10562","17405","22612","17925","7197","88181","9652","8399","12207","18544","20474","14013","4892","163811","23378","14067","19736","31429","36939","28873","9388","147559","20274","9891","15479","26863","32926","31120","11005","79314","9491","7265","9557","14788","18666","14174","5373","74867","7277","5918","8536","13432","18738","14823","6144","117050","13861","8321","12882","22368","28530","22011","9078","100823","9451","7915","11144","18353","25470","20747","7742","153109","21767","12869","15580","27251","36907","28169","10567","188726","26683","14073","20433","33417","45037","36292","12793","104133","10608","7165","12790","20215","24752","19999","8605","142201","21019","12333","16762","26806","30742","24161","10377","92874","9654","7940","10563","16490","22197","18483","7547","85814","8895","7644","11289","17117","20374","14825","5670","154884","15900","10383","15562","25754","37607","36682","12996","167842","25986","13588","16924","28671","35423","34019","13230","73723","7527","6283","8804","13617","17397","14077","6018",
"강원특별자치도","태백시","감소","외국인","361","32","63","96","68","52","35","15","355","30","62","95","68","52","34","14","379","32","70","103","68","58","34","14","384","32","79","106","68","52","33","14","441","29","93","135","84","52","34","14","445","28","94","135","86","54","34","14","516","29","108","171","102","58","34","14","521","25","108","170","111","59","34","14","558","27","116","189","120","58","34","14","499","27","101","161","102","59","35","14","407","28","82","123","72","55","33","14","393","29","80","116","70","51","33","14","389","30","78","113","68","53","33","14","391","30","78","111","70","54","34","14","400","31","81","112","73","53","35","15","389","30","72","115","70","55","34","13","392","30","69","121","75","52","33","12","441","27","77","148","88","57","32","12","700","25","122","300","149","59","33","12","694","26","117","297","152","58","32","12","709","23","118","312","154","56","35","11","577","21","87","245","122","56","35","11","406","18","69","143","78","53","33","12","378","17","69","125","71","51","33","12","383","17","66","128","71","53","35","13","379","16","67","126","71","50","36","13","387","13","69","128","76","52","36","13",
"강원특별자치도","속초시","관심","계","694579","109707","97296","105816","129406","124402","89120","38833","692940","119521","95732","103850","131358","118254","85240","38985","617087","74571","80680","100430","112217","115894","90978","42317","634754","62355","72112","98714","108685","124622","109805","58462","757853","100973","87801","114382","133790","141418","117211","62279","841189","99779","107384","143009","151549","155932","124555","58982","856303","133422","121619","137735","158170","150443","105649","49265","1245138","202928","189461","210319","230065","208230","142506","61629","786754","94216","104701","136719","135430","140554","118677","56458","908593","90544","83573","122997","151007","187964","180549","91959","737579","79350","81929","109578","127996","147634","127966","63125","723222","95428","101802","122704","128983","131495","98267","44543","820589","131383","116780","134593","149113","140962","101497","46260","661417","112429","86621","98418","125351","114078","83693","40828","627180","75402","77907","104395","113569","118060","92529","45319","605152","57230","65449","93972","100883","119917","107243","60458","875114","122399","100285","139657","158360","157062","127685","69665","822394","95941","98945","141149","149776","150949","124133","61500","928437","145355","128188","154972","173802","156686","113306","56128","1215037","205226","166984","203695","227716","201878","143791","65747","639502","64216","78191","113492","108057","118890","102915","53740","912280","111210","97049","131270","150528","171679","163090","87454","758097","77220","79029","113379","129468","151988","136430","70582","698649","89795","90323","118586","123755","127634","99922","48636","785119","127511","96799","122599","145313","139730","103865","49303","789306","139146","98440","123635","148886","131031","98301","49866","573861","64161","67287","94172","100151","108303","91684","48103",
"강원특별자치도","속초시","관심","주민등록인구","82021","11829","8108","8941","11671","14927","14818","11727","81806","11731","7981","8896","11651","14946","14813","11788","81626","11637","7883","8869","11586","14907","14879","11865","81615","11605","7825","8888","11543","14905","14961","11888","81532","11573","7751","8879","11526","14902","14980","11921","81409","11508","7723","8873","11463","14895","14988","11959","81424","11479","7687","8881","11474","14879","15022","12002","81326","11465","7641","8868","11392","14867","15025","12068","81164","11415","7580","8858","11328","14856","14995","12132","81128","11393","7530","8876","11266","14840","15013","12210","81025","11354","7514","8846","11225","14832","14995","12259","80933","11320","7493","8829","11197","14791","14990","12313","80754","11270","7425","8748","11159","14772","14968","12412","80556","11211","7346","8706","11128","14723","14976","12466","80372","11109","7270","8697","11069","14695","14916","12616","80265","11076","7219","8705","11014","14689","14902","12660","80141","11030","7172","8688","10979","14638","14920","12714","80101","11028","7116","8687","10965","14637","14894","12774","80119","11012","7108","8677","10929","14628","14936","12829","80049","10999","7045","8662","10890","14612","14936","12905","79960","10960","6973","8662","10861","14573","14979","12952","79827","10902","6940","8648","10827","14537","15001","12972","79760","10880","6901","8641","10817","14485","15033","13003","79636","10838","6895","8627","10751","14438","15044","13043","79586","10823","6846","8641","10718","14434","15042","13082","79252","10698","6764","8612","10632","14382","15031","13133","78982","10612","6662","8589","10579","14279","15040","13221",
"강원특별자치도","속초시","관심","체류인구","611128","97839","88764","96483","117574","109305","74131","27033","609700","107751","87325","94555","119544","103148","70252","27125","533976","62889","72338","91153","100468","100828","75926","30374","551606","50704","63789","89408","96980","109559","94671","46496","674780","89354","79544","105085","122101","126360","102061","50276","758244","88224","99146","133729","139926","140883","109395","46942","773318","121894","113404","128451","146534","135406","90448","37181","1162234","191408","181277","201055","218510","193205","127302","49477","703972","82742","96549","127465","123936","125537","103505","44239","825827","79093","75466","113711","139573","172963","165360","79661","654877","67940","73814","100303","116602","132639","112796","50782","640591","84054","93698","113436","117614","116537","83104","32148","738123","120059","108733","125410","137776","126024","86355","33765","579128","101162","78642","89273","114040","99195","68540","28277","545044","64234","69975","95256","102317","103207","77440","32616","523125","46095","57577","84812","89686","105075","92168","47712","793200","111308","92459","130510","147196","142271","112592","56863","740517","84851","91164","132009","138630","136160","109062","48640","846538","134278","120410","145835","162694","141907","98198","43216","1133161","194162","159239","194569","216639","187116","128681","52755","557664","53183","70485","104354","97010","104168","87762","40701","830544","100238","89369","122121","139508","156993","147916","74399","676421","66275","71386","104227","118461","137352","121225","57494","617102","78893","82681","109451","112816","113050","84705","35508","703628","116625","89212","113448","134409","125150","88648","36137","708182","128390","90951","114517","138068","116508","83096","36651","492931","53482","59838","85079","89386","93881","76467","34798",
"강원특별자치도","속초시","관심","외국인","1430","39","424","392","161","170","171","73","1434","39","426","399","163","160","175","72","1485","45","459","408","163","159","173","78","1533","46","498","418","162","158","173","78","1541","46","506","418","163","156","170","82","1536","47","515","407","160","154","172","81","1561","49","528","403","162","158","179","82","1578","55","543","396","163","158","179","84","1618","59","572","396","166","161","177","87","1638","58","577","410","168","161","176","88","1677","56","601","429","169","163","175","84","1698","54","611","439","172","167","173","82","1712","54","622","435","178","166","174","83","1733","56","633","439","183","160","177","85","1764","59","662","442","183","158","173","87","1762","59","653","455","183","153","173","86","1773","61","654","459","185","153","173","88","1776","62","665","453","181","152","177","86","1780","65","670","460","179","151","172","83","1827","65","700","464","187","150","174","87","1878","73","733","476","186","149","174","87","1909","70","740","501","193","149","173","83","1916","65","742","511","190","151","172","85","1911","64","747","508","188","146","173","85","1905","63","741","510","186","146","175","84","1872","58","725","506","186","141","174","82","1948","67","787","504","186","143","177","84",
"강원특별자치도","삼척시","감소","계","285784","38236","28834","31863","50095","60811","50438","25508","305936","47552","33685","35002","56560","61859","46785","24494","307583","31308","29470","34626","50288","67725","61513","32652","370565","31387","29837","38698","55196","78805","84790","51852","409746","40947","34795","43703","64371","87866","88067","49998","396544","41632","37286","47980","65374","84829","79166","40278","440649","67171","45399","58251","81741","84540","69174","34372","622456","104012","67707","86550","116638","116073","90790","40685","401887","48732","42974","53122","68779","81376","70787","36119","369273","31351","29016","37278","55407","79674","86789","49758","311131","27694","28309","32009","48494","68822","67945","37858","277879","29207","29725","31835","45530","60474","52884","28224","321203","47068","34571","37463","55252","65856","53471","27522","257894","33284","25405","26520","43314","54194","47933","27243","284123","28709","27152","30992","43649","61308","58531","33782","348614","26835","27252","34329","47678","73071","84123","55328","438863","46128","35147","46536","67412","92133","94811","56697","394470","39771","35553","45791","61405","83593","83237","45118","454938","69230","46080","60527","82102","84982","73422","38595","611349","101430","62548","88450","111637","111094","92387","43803","322104","28747","31194","41411","50406","65864","66416","38066","404387","49331","37978","45684","64179","81928","78997","46290","308979","25655","26038","31515","45504","68049","70228","41990","269435","27730","27637","30389","42431","57390","53136","30722","278505","37086","27519","30411","45176","57559","51493","29261","313342","47541","33266","35865","54083","63106","50470","29011","269280","26551","25427","28866","39670","57213","56729","34825",
"강원특별자치도","삼척시","감소","주민등록인구","62309","7899","6462","4867","7750","10760","12163","12408","62078","7835","6377","4826","7694","10753","12167","12426","62522","8108","6484","4851","7665","10737","12226","12451","62501","8084","6477","4866","7618","10740","12254","12462","62460","8022","6479","4894","7584","10734","12264","12483","62354","7950","6464","4900","7552","10717","12267","12504","62330","7913","6451","4892","7532","10731","12242","12569","62210","7845","6410","4910","7494","10697","12261","12593","62111","7821","6398","4903","7454","10672","12253","12610","61993","7722","6415","4881","7396","10681","12255","12643","61952","7674","6400","4864","7366","10706","12244","12698","61735","7603","6324","4852","7313","10697","12222","12724","61464","7505","6224","4816","7242","10724","12197","12756","61236","7424","6110","4796","7192","10726","12184","12804","61552","7661","6222","4780","7144","10677","12161","12907","61485","7639","6207","4759","7113","10687","12129","12951","61428","7591","6212","4745","7096","10664","12140","12980","61311","7529","6146","4752","7075","10665","12145","12999","61110","7452","6042","4732","7060","10658","12142","13024","60964","7390","6020","4709","7014","10637","12131","13063","60932","7351","6043","4694","6979","10616","12144","13105","60819","7307","6023","4687","6963","10572","12126","13141","60704","7277","5969","4676","6926","10556","12133","13167","60518","7222","5878","4674","6864","10538","12161","13181","60307","7164","5757","4655","6829","10524","12162","13216","60135","7112","5662","4615","6799","10509","12181","13257","60450","7362","5737","4609","6757","10453","12221","13311",
"강원특별자치도","삼척시","감소","체류인구","222763","30321","22139","26789","42252","49954","38223","13086","243178","39701","27098","29975","48770","51014","34567","12054","244359","23180","22759","29575","42526","56895","49238","20185","307373","23285","23133","33643","47481","67972","72486","39373","346600","32908","28089","38621","56688","77041","75756","37498","333434","33664","30581","42863","57698","74019","66853","27757","377540","59242","38714","53126","74071","73711","56888","21787","559458","96152","61064","81397","109004","105278","78486","28076","338944","40883","36320","47969","61187","70603","58492","23492","306469","23601","22357","32153","47876","68896","74488","37098","248435","19996","21670","26930","41024","58019","55653","25143","215436","21585","23168","26781","38120","49684","40614","15484","259040","39544","28121","32441","47921","55038","41225","14750","195963","25844","19074","21517","36033","43372","35700","14422","221841","21029","20676","26002","36416","50539","46321","20858","286354","19180","20782","29335","40455","62298","71947","42359","376568","38521","28655","41512","60175","81382","82625","43699","332227","32230","29114","40726","54172","72836","71046","32101","392906","61767","39757","55482","74881","74230","61236","25553","549458","94028","56246","83426","104463","100361","80210","30724","259853","21368","24485","36398","43280","55153","54225","24944","342291","41996","31297","40691","57085","71263","66826","33133","247104","18352","19423","26585","38484","57402","58051","28807","207745","20482","21112","25463","35472","46762","40930","17524","217026","29896","21120","25503","38250","46946","39285","16026","251973","40403","26968","30939","47178","52509","38241","15735","207485","19159","18973","23929","32803","46670","44458","21494",
"강원특별자치도","삼척시","감소","외국인","712","16","233","207","93","97","52","14","680","16","210","201","96","92","51","14","702","20","227","200","97","93","49","16","691","18","227","189","97","93","50","17","686","17","227","188","99","91","47","17","756","18","241","217","124","93","46","17","779","16","234","233","138","98","44","16","788","15","233","243","140","98","43","16","832","28","256","250","138","101","42","17","811","28","244","244","135","97","46","17","744","24","239","215","104","97","48","17","708","19","233","202","97","93","48","16","699","19","226","206","89","94","49","16","695","16","221","207","89","96","49","17","730","19","254","210","89","92","49","17","775","16","263","235","110","86","47","18","867","16","280","279","141","87","46","18","932","12","293","313","158","92","46","18","922","11","281","313","161","94","44","18","927","12","282","315","160","96","46","16","1319","28","666","319","147","95","47","17","1277","28","658","306","131","93","45","16","1171","26","646","254","94","91","44","16","1172","26","647","252","95","90","45","17","1172","26","642","253","97","89","46","19","1234","26","636","311","106","88","48","19","1345","30","717","328","110","90","50","20",
"강원특별자치도","홍천군","감소","계","556848","109969","116269","87103","92517","67583","56092","27315","542637","108732","96118","78859","94494","74852","60248","29334","421546","53507","48331","58946","74272","83403","70496","32592","489313","46306","46455","67190","88350","106296","92379","42338","604468","83784","57329","80322","109608","122333","103376","47717","666112","90901","72068","94800","123674","129388","108663","46618","682496","121614","89951","90966","121400","116982","98229","43355","906472","171970","115651","124959","165629","150340","124613","53310","622738","81109","74476","93371","109416","118211","100370","45785","615707","65643","55086","81404","109051","132938","117796","53790","515938","54629","50915","73763","94961","109307","90717","41646","506564","80589","84911","84819","87760","73376","63475","31634","622128","127682","115331","100672","107791","76710","62807","31134","477440","98902","85564","68661","80884","60856","53772","28801","420236","54444","46285","59057","76057","80814","69277","34301","456653","42238","43222","61537","81742","98074","86936","42904","634048","88531","57838","84291","115126","126512","109270","52480","620568","80728","63878","86491","111685","122320","106955","48511","717137","123530","86735","95215","126942","124177","109800","50739","889075","164672","109029","122571","161960","148772","125978","56093","504877","45135","56917","70630","83540","106537","96209","45910","666243","86130","63655","91623","116333","132462","118283","57757","510399","49879","49164","69752","90864","108688","95285","46766","465639","72703","71410","76003","81422","68212","62153","33737","581929","120061","99910","94192","102247","70467","62407","32646","570999","117513","85096","87017","102478","77542","66401","34952","399164","44763","41599","53580","68144","79441","73372","38264",
"강원특별자치도","홍천군","감소","주민등록인구","67348","7694","5748","5581","7323","11417","15972","13613","67290","7660","5687","5557","7306","11405","15986","13689","67278","7686","5614","5572","7255","11350","16037","13764","67206","7654","5553","5577","7211","11329","16077","13805","67240","7635","5523","5598","7193","11322","16106","13863","67205","7628","5469","5592","7161","11302","16135","13918","67182","7597","5461","5574","7136","11259","16188","13967","67125","7568","5408","5584","7098","11208","16256","14003","67067","7550","5352","5590","7071","11185","16248","14071","66929","7481","5341","5558","7034","11130","16254","14131","66810","7419","5315","5535","7015","11104","16255","14167","66717","7367","5310","5529","6971","11094","16248","14198","66661","7335","5268","5533","6953","11086","16206","14280","66528","7306","5198","5491","6927","11064","16147","14395","66485","7295","5152","5461","6897","11029","16091","14560","66422","7268","5112","5454","6869","10987","16101","14631","66424","7248","5085","5466","6846","10967","16121","14691","66412","7260","5052","5467","6828","10943","16112","14750","66390","7227","5011","5455","6822","10937","16123","14815","66328","7201","4983","5451","6818","10888","16095","14892","66341","7176","4967","5450","6816","10877","16078","14977","66209","7156","4899","5440","6782","10837","16076","15019","66136","7124","4898","5438","6750","10785","16104","15037","66109","7111","4872","5438","6735","10731","16136","15086","66008","7084","4852","5404","6703","10696","16080","15189","65937","7074","4811","5390","6669","10662","16051","15280","65962","7060","4765","5411","6663","10573","16095","15395",
"강원특별자치도","홍천군","감소","체류인구","488467","102253","110283","81219","85067","56019","39974","13652","474334","101048","90199","73001","87064","63305","44120","15597","353218","45797","42489","53052","66878","71909","54314","18780","420511","38628","40671","60919","80828","94823","76157","28486","535135","76125","51556","73687","101963","110869","87128","33808","596627","83248","66343","88029","116027","117943","92383","32654","613017","113990","84226","84218","113768","105577","81899","29340","837039","164375","109959","118222","158029","138984","108213","39257","553478","73530","68841","86707","101883","106880","83973","31664","547109","58134","49465","75120","101726","121659","101396","39610","447938","47182","45328","67848","87782","98056","74316","27426","438715","73194","79335","78942","80647","62135","47080","17382","554350","120315","109807","94799","100696","65477","46454","16801","409790","91563","80112","62820","73816","49650","37479","14350","352631","47117","40876","53251","69009","69644","53050","19683","389064","34941","37844","55718","74702","86950","70697","28212","565938","81252","52482","78124","107925","115412","93013","37730","552119","73437","58555","80090","104390","111243","90703","33701","648079","116273","81449","88359","119488","113109","93535","35867","820055","157439","103747","115721","154508","137755","109742","41143","435844","37926","51645","63795","76086","95525","79992","30876","597804","78940","58451","85145","109032","121489","102066","42681","442906","42724","43959","63837","83906","97766","79042","31671","398245","65561","66247","70116","74503","57351","45877","18591","514701","112943","94775","88380","95376","59645","46186","17397","503856","110407","80004","81224","95643","66754","50211","19613","331984","37670","36552","47758","61312","68746","57135","22810",
"강원특별자치도","홍천군","감소","외국인","1033","22","238","303","127","147","146","50","1013","24","232","301","124","142","142","48","1050","24","228","322","139","144","145","48","1596","24","231","694","311","144","145","47","2093","24","250","1037","452","142","142","46","2280","25","256","1179","486","143","145","46","2297","27","264","1174","496","146","142","48","2308","27","284","1153","502","148","144","50","2193","29","283","1074","462","146","149","50","1669","28","280","726","291","149","146","49","1190","28","272","380","164","147","146","53","1132","28","266","348","142","147","147","54","1117","32","256","340","142","147","147","53","1122","33","254","350","141","142","146","56","1120","32","257","345","151","141","136","58","1167","29","266","365","171","137","138","61","1686","31","271","701","355","133","136","59","2037","31","271","934","467","134","140","60","2668","30","275","1401","632","131","142","57","2692","32","299","1399","634","129","141","58","2692","33","305","1385","638","135","139","57","2230","34","305","1038","519","136","141","57","1357","31","307","477","208","137","139","58","1285","31","291","449","184","130","140","60","1220","34","283","408","168","126","141","60","1206","32","281","403","166","126","139","59","1218","33","282","411","169","122","142","59",
"강원특별자치도","횡성군","감소","계","308717","59859","35583","37266","53086","55724","46700","20498","313098","56879","36192","38748","56191","58386","45726","20975","271033","29867","22335","30093","46072","63107","55054","24504","308425","27710","20224","32460","50849","76848","69034","31300","374295","45166","24398","40027","62430","88012","78455","35806","387792","43460","26579","45517","68918","91368","78504","33446","374282","55670","28469","43085","68588","81217","67780","29474","505037","82165","39624","61712","95170","104799","86540","35028","399128","45729","31524","49280","70481","91094","77474","33545","416547","39898","27626","46081","70897","100307","91888","39852","324165","28849","23437","36481","56648","79567","68826","30356","271327","38122","30682","34625","47648","51881","46148","22221","341526","66869","40268","44437","60573","58696","48479","22204","263118","47806","27816","30520","46172","47469","42393","20942","269424","27545","20552","29618","45917","63115","56509","26168","300907","22362","18462","29690","47505","76335","72431","34121","397226","47515","26070","42591","64900","93201","83974","38975","368597","34906","24628","41327","62095","88432","81380","35828","399983","58471","28287","45463","71624","86020","77193","32925","485713","76028","37878","58819","89131","100723","86717","36417","335787","29564","21069","35539","56103","81872","76797","34843","445570","51009","32204","52155","73619","99754","93147","43682","333579","29430","22237","34383","54704","81884","75906","35034","253573","32920","26211","31308","43259","49801","46431","23644","290116","53889","30556","36145","49535","49864","46825","23301","314174","56763","34045","39182","55494","56111","48514","24065","257116","24683","18283","26640","41127","60489","57687","28208",
"강원특별자치도","횡성군","감소","주민등록인구","46265","5163","3115","3011","4646","8110","11783","10437","46262","5141","3102","3005","4637","8094","11801","10482","46194","5073","3090","3000","4606","8034","11855","10536","46355","5219","3090","2987","4558","8053","11840","10608","46360","5197","3082","2989","4534","8043","11866","10649","46327","5168","3071","2991","4498","8039","11860","10700","46314","5128","3085","2978","4501","8027","11877","10718","46247","5095","3053","2971","4462","8016","11880","10770","46238","5102","3038","2979","4447","7974","11913","10785","46234","5096","3031","2967","4434","7938","11956","10812","46160","5070","3018","2937","4425","7907","11958","10845","46111","5028","3030","2924","4393","7850","11973","10913","46037","4967","3025","2916","4372","7827","11963","10967","45977","4942","3003","2904","4363","7788","11971","11006","45995","4965","2972","2899","4361","7741","11974","11083","46010","4984","2972","2897","4330","7722","11978","11127","45962","4965","2959","2886","4325","7668","12010","11149","45870","4931","2935","2871","4307","7634","12026","11166","45823","4901","2898","2882","4288","7638","12003","11213","45823","4874","2880","2863","4284","7622","12035","11265","45765","4847","2863","2855","4288","7585","12024","11303","45759","4837","2850","2852","4272","7556","12049","11343","45684","4813","2837","2814","4264","7520","12052","11384","45627","4790","2823","2798","4239","7471","12065","11441","45591","4740","2812","2807","4226","7454","12052","11500","45583","4724","2779","2820","4212","7413","12057","11578","45573","4752","2759","2811","4186","7353","12062","11650",
"강원특별자치도","횡성군","감소","체류인구","261393","54662","32160","33961","48293","47479","34812","10025","265811","51703","32783","35473","51416","50159","33820","10456","223782","24757","18925","26811","41327","54942","43094","13925","260803","22451","16757","29098","46100","68661","57086","20650","326332","39927","20884","36453","57635","79833","66484","25115","339434","38253","23012","41699","64037","83189","66538","22706","325767","50500","24856","39204","63655","73043","55797","18713","456559","77026","36029","57834","90274","96632","74550","24215","350734","40583","27954","45446","65612","82972","65450","22716","368458","34760","24118","42422","66120","92221","79825","28994","276669","23736","20000","33157","52029","71525","56756","19465","224007","33049","27246","31379","43104","43903","34065","11261","294230","61829","36827","41189","56050","50742","36405","11188","215869","42790","24389","27284","41656","39555","30308","9887","222079","22481","17130","26363","41400","55248","44421","15036","253285","17271","14996","26298","42946","68485","60343","22945","349145","42444","22548","38911","60213","85400","71853","27776","320300","29872","21086","37476","57347","80660","69242","24616","351529","53477","24755","41472","66834","78246","65079","21666","437264","71058","34356","54858","84340","92967","74576","25109","287416","24631","17566","31587","51319","74153","64664","23496","397500","46089","28758","48377","68929","92061","80992","32294","286121","24530","18875","30952","50183","74228","63746","23606","206408","28044","22909","28023","38814","42203","34256","12160","243032","49059","27269","32880","45123","42280","34664","11756","267116","51958","30794","35900","51103","48570","36349","12442","210086","19852","15060","23376","36759","53009","45517","16514",
"강원특별자치도","횡성군","감소","외국인","1059","34","308","294","147","135","105","36","1025","35","307","270","138","133","105","37","1057","37","320","282","139","131","105","43","1267","40","377","375","191","134","108","42","1603","42","432","585","261","136","105","42","2031","39","496","827","383","140","106","40","2201","42","528","903","432","147","106","43","2231","44","542","907","434","151","110","43","2156","44","532","855","422","148","111","44","1855","42","477","692","343","148","107","46","1336","43","419","387","194","135","112","46","1209","45","406","322","151","128","110","47","1259","73","416","332","151","127","111","49","1272","74","424","332","153","126","114","49","1350","99","450","356","156","126","114","49","1612","107","494","495","229","128","110","49","2119","106","563","794","362","133","111","50","2427","103","607","980","441","138","112","46","2631","93","634","1109","502","136","111","46","2626","96","642","1098","507","134","106","43","2606","86","640","1097","496","134","109","44","2311","83","596","926","418","137","106","45","1774","87","525","617","257","136","108","44","1538","86","479","487","206","127","110","43","1493","90","475","458","186","130","109","45","1475","81","472","462","179","128","108","45","1457","79","464","453","182","127","108","44",
"강원특별자치도","영월군","감소","계","147936","17280","13617","17036","24155","32542","28603","14703","179578","27284","18206","19966","30104","37193","30973","15852","167405","18148","13291","18393","27413","37573","34854","17732","201646","18466","13794","21310","32135","46740","45578","23622","249959","31097","16952","27897","42627","54964","51321","25101","268299","31606","18180","32207","46833","60598","54466","24410","279517","39617","21880","31870","49300","61688","52598","22563","412720","65279","32546","49088","75782","86779","73591","29655","267281","32873","22777","33789","46603","57309","50083","23847","254828","25842","16228","29233","42235","57044","56194","28052","200526","19376","14810","22722","33301","46579","42160","21577","146979","14845","13043","17501","23830","32407","29448","15904","169407","24523","17024","20422","28681","35053","28492","15211","138815","18801","12863","13515","21084","29382","27595","15576","159774","17173","12589","17334","25417","35782","33347","18134","185757","14436","13419","18785","28048","43970","43246","23852","260266","32502","17328","28891","44420","57647","52522","26955","251913","26728","16275","28990","43342","57261","53447","25870","301765","41777","21042","34355","52986","65591","59366","26648","384350","58848","28154","44888","69120","81608","70686","31045","213340","16827","15143","24201","34658","50297","47788","24426","298315","38261","22389","35311","50386","63163","58798","30007","200646","17607","14015","21962","32208","46678","44321","23855","141393","13509","11847","16426","21987","30839","29619","17164","142191","16012","12099","15593","21791","30834","29456","16407","215915","34727","20947","24429","36291","43627","36758","19137","228965","23977","18569","23432","34091","50870","51048","26977",
"강원특별자치도","영월군","감소","주민등록인구","37260","3947","2779","2361","4002","6791","8896","8484","37183","3930","2714","2358","4000","6775","8908","8498","37184","3975","2688","2358","3969","6755","8918","8521","37160","3968","2668","2353","3947","6742","8933","8549","37131","3945","2670","2343","3933","6732","8925","8583","37134","3935","2660","2329","3946","6719","8938","8607","37063","3906","2641","2331","3924","6709","8934","8618","37036","3900","2629","2345","3901","6699","8925","8637","36955","3863","2629","2317","3893","6671","8920","8662","36899","3839","2610","2308","3870","6673","8913","8686","36820","3812","2600","2304","3850","6643","8899","8712","36721","3777","2594","2296","3817","6600","8904","8733","36603","3728","2579","2291","3771","6585","8881","8768","36500","3707","2536","2276","3742","6563","8855","8821","36507","3745","2523","2279","3723","6514","8844","8879","36442","3720","2501","2293","3685","6487","8851","8905","36429","3694","2503","2301","3651","6481","8859","8940","36361","3679","2472","2297","3654","6467","8839","8953","36309","3666","2457","2295","3644","6453","8814","8980","36334","3682","2442","2309","3655","6418","8834","8994","36296","3654","2440","2289","3644","6400","8844","9025","36249","3630","2435","2291","3639","6378","8825","9051","36152","3603","2419","2304","3607","6335","8829","9055","36054","3580","2407","2282","3589","6295","8840","9061","35997","3582","2373","2257","3579","6280","8826","9100","35917","3572","2327","2230","3566","6251","8831","9140","35868","3596","2299","2215","3537","6189","8852","9180",
"강원특별자치도","영월군","감소","체류인구","110253","13298","10776","14567","20089","25681","19649","6193","141969","23320","15431","17502","26037","30347","22005","7327","129784","14133","10538","15928","23378","30745","25878","9183","164040","14458","11057","18848","28117","39927","36586","15046","212348","27112","14208","25428","38612","48160","42337","16491","230591","27629","15428","29710","42772","53805","45472","15776","241834","35648","19138","29357","45260","54905","43609","13916","375072","61319","29814","46561","71771","80004","64615","20988","229721","28955","20041","31296","42600","50562","41113","15154","217301","21932","13499","26754","38257","50294","47230","19335","163103","15491","12085","20263","29356","39862","33212","12833","109724","10996","10337","15082","19937","25735","20497","7139","132249","20700","14329","18014","24843","28391","19560","6411","101763","15006","10203","11119","17279","22744","18689","6724","122729","13347","9946","14937","21633","29195","24451","9222","148752","10621","10789","16370","24301","37413","34344","14913","223232","28721","14683","26444","40691","51096","43614","17982","214842","22968","13640","26511","39562","50718","44557","16886","264696","38038","18413","31849","49197","59060","50501","17638","347216","55094","25515","42352","65320","75111","61804","22019","176251","13108","12495","21693","30870","43820","38895","15370","261268","34562","19742","32796","46610","56711","49923","20924","163771","13939","11388","19458","28502","40272","35442","14770","104660","9851","9247","13963","18321","24474","20730","8072","105558","12361","9542","13165","18145","24486","20582","7278","179382","31092","18433","22037","32659","37311","27883","9968","192488","20324","16085","21060","30487","44610","42153","17768",
"강원특별자치도","영월군","감소","외국인","423","35","62","108","64","70","58","26","426","34","61","106","67","71","60","27","437","40","65","107","66","73","58","28","446","40","69","109","71","71","59","27","480","40","74","126","82","72","59","27","574","42","92","168","115","74","56","27","620","63","101","182","116","74","55","29","612","60","103","182","110","76","51","30","605","55","107","176","110","76","50","31","628","71","119","171","108","77","51","31","603","73","125","155","95","74","49","32","534","72","112","123","76","72","47","32","555","95","116","117","67","77","51","32","552","88","124","120","63","75","51","31","538","81","120","118","61","73","52","33","563","95","129","122","62","70","51","34","605","87","142","146","78","70","49","33","710","81","163","182","126","76","51","31","760","73","172","211","145","78","51","30","800","72","197","227","145","79","48","32","793","65","208","219","144","77","49","31","798","69","212","224","137","74","50","32","723","65","208","200","99","71","50","30","679","78","193","181","77","70","49","31","636","69","184","171","67","68","48","29","616","63","187","162","66","65","44","29","609","57","185","157","67","71","43","29",
"강원특별자치도","평창군","감소","계","721838","139454","107141","102778","128595","117863","93343","32664","617050","121871","88596","86782","113845","100056","76209","29692","356779","50432","37562","50933","64692","67883","58710","26567","350226","37814","22705","42505","58277","79141","73236","36548","492888","75723","32694","59339","81442","102893","94343","46455","554264","65468","44633","72194","92906","122675","109742","46646","515831","78575","40013","66896","95224","105979","89840","39305","772428","118493","64400","104797","140031","156547","131818","56343","564969","68476","45525","78926","92756","116312","112544","50430","625884","63936","35904","71045","98127","140211","145122","71540","442106","45818","34292","57440","75182","97621","90134","41619","463091","78059","71063","75968","85370","70931","56513","25186","720949","146878","105013","109845","132891","108492","85382","32448","514288","105015","74657","70041","91401","78916","66168","28090","341565","49282","34512","47140","60418","65661","57572","26980","307846","31115","20241","35624","47967","69523","67718","35659","498674","79104","33973","60548","81381","100083","95608","47977","516354","55802","42930","64205","82063","114109","109238","48007","569576","83288","45603","73081","100843","116008","102998","47755","738029","113075","60200","98488","131220","147857","130083","57105","441685","37845","29407","55225","67631","97967","103079","50531","599458","75503","40676","72848","94854","121600","127704","66273","425516","37746","31487","52430","68825","93962","94259","46808","412920","68759","58922","62827","75399","65850","54608","26554","620587","126517","81861","87463","112781","94977","82682","34307","562073","121140","73110","78452","106289","82554","68626","31902","317115","41312","30896","41310","54241","62059","58198","29099",
"강원특별자치도","평창군","감소","주민등록인구","40642","4029","3011","2692","4513","7589","10048","8760","40562","3995","2985","2670","4490","7580","10050","8792","40533","3956","2970","2673","4475","7548","10063","8848","40537","3956","2955","2673","4428","7556","10080","8889","40524","3945","2947","2679","4400","7565","10086","8902","40505","3943","2919","2669","4390","7564","10081","8939","40509","3938","2920","2682","4383","7529","10091","8966","40461","3926","2902","2671","4361","7515","10107","8979","40448","3913","2892","2667","4341","7503","10119","9013","40428","3909","2891","2673","4324","7488","10121","9022","40387","3899","2890","2664","4287","7467","10125","9055","40396","3904","2877","2670","4284","7423","10140","9098","40305","3880","2871","2626","4265","7409","10103","9151","40189","3849","2823","2608","4248","7388","10084","9189","40090","3809","2797","2568","4228","7350","10039","9299","40038","3791","2765","2574","4206","7322","10050","9330","40011","3769","2749","2579","4176","7340","10051","9347","39963","3765","2728","2569","4154","7337","10029","9381","39911","3754","2696","2564","4115","7343","10014","9425","39913","3738","2687","2549","4105","7333","10049","9452","39893","3708","2680","2549","4087","7303","10071","9495","39846","3701","2665","2543","4077","7264","10067","9529","39837","3693","2676","2524","4049","7261","10083","9551","39831","3706","2661","2515","4046","7216","10109","9578","39933","3727","2655","2521","4045","7250","10115","9620","39949","3723","2651","2525","4020","7237","10104","9689","39860","3697","2633","2506","3988","7142","10155","9739",
"강원특별자치도","평창군","감소","체류인구","680527","135400","103975","99944","123979","110153","83198","23878","575835","117848","85471","83974","109248","92357","66066","20872","315609","46449","34459","48123","60112","60222","48554","17690","308991","33830","19606","39663","53731","71471","63061","27629","451320","71751","29499","56293","76879","95212","84164","37523","512431","61498","41406","68998","88289","114997","99566","37677","473980","74611","36785","63685","90606","98331","79655","30308","730644","114539","61195","101607","135440","148915","121616","47333","523247","64537","42345","75771","88189","108689","102329","41387","584426","60002","32779","68021","93628","132608","134900","62489","401031","41894","31257","54614","70779","90044","79909","32534","422026","74130","68037","73145","80979","63401","46277","16056","679972","142966","102000","107067","128518","100974","75182","23265","473427","101136","71691","67281","87045","71421","55986","18867","300803","45443","31571","44416","56085","58202","47440","17646","266747","27294","17223","32680","43587","62092","57578","26294","457461","75305","30948","57523","76991","92633","85465","38596","474918","52004","39871","61046","77620","106664","99120","38593","528174","79499","42574","69916","96436","108555","92897","38297","696632","109298","57177","95349","126827","140415","119945","47620","400306","34099","26386","52088","63254","90554","92922","41003","558215","71765","37699","69756","90505","114227","117552","56711","384806","34016","28611","49623","64641","86600","84094","37222","372275","65018","56060","60075","71226","58536","44418","16941","579869","122758","79010","84722","108616","87628","72484","24652","521406","117384","70275","75746","102167","75216","58439","22179","276524","37582","28074","38619","50146","54821","47957","19325",
"강원특별자치도","평창군","감소","외국인","669","25","155","142","103","121","97","26","653","28","140","138","107","119","93","28","637","27","133","137","105","113","93","29","698","28","144","169","118","114","95","30","1044","27","248","367","163","116","93","30","1328","27","308","527","227","114","95","30","1342","26","308","529","235","119","94","31","1323","28","303","519","230","117","95","31","1274","26","288","488","226","120","96","30","1030","25","234","351","175","115","101","29","688","25","145","162","116","110","100","30","669","25","149","153","107","107","96","32","672","32","142","152","108","109","97","32","672","30","143","152","108","107","98","34","672","30","144","156","105","109","93","35","1061","30","253","370","174","109","90","35","1202","30","276","446","214","110","92","34","1473","33","331","590","289","108","89","33","1491","35","333","601","292","110","87","33","1484","39","336","590","288","109","89","33","1486","38","341","588","290","110","86","33","1397","37","312","549","272","109","85","33","873","37","200","283","135","101","82","35","814","35","201","237","127","98","81","35","785","32","196","220","120","99","83","35","718","33","184","181","102","101","83","34","731","33","189","185","107","96","86","35",
"강원특별자치도","정선군","감소","계","360994","57274","45469","48894","68291","66677","53893","20496","362997","63462","43180","46458","71838","66302","51031","20726","243936","23197","17101","28321","48378","56887","48987","21065","239166","14179","14077","24048","42288","60990","57620","25964","309967","29131","19727","33823","54180","72676","69005","31427","338803","33752","22364","38373","62031","79328","72828","30126","360127","53880","26037","38384","69998","78597","66133","27098","524585","85109","39111","56627","101587","111419","94173","36560","358612","41884","26648","41285","67442","80638","70842","29874","377880","30530","21315","37613","64190","91619","90426","42186","296173","22348","19312","31592","53118","72688","67101","30014","290172","41174","32227","38924","56401","55553","45830","20064","396590","70628","49183","53220","76447","70227","54633","22252","329455","57291","39519","39681","63445","59239","49049","21231","230358","20476","16339","26049","44032","54015","47874","21573","216874","11568","12638","21161","36196","55625","53589","26098","326638","31063","21649","36567","57185","75326","70515","34334","329399","28206","21626","36402","56660","78964","74260","33281","394351","56249","27632","41038","72736","85987","76956","33753","501520","76542","35898","53032","94121","108127","95002","38799","303976","25660","18958","32321","53325","71273","69646","32793","385033","36976","26835","41527","65611","90496","84310","39278","290349","19723","17525","29109","49284","72570","69369","32768","280801","36111","30592","35746","51953","56135","47861","22402","353675","56068","43320","44533","64668","64887","55901","24299","354387","62180","39335","42745","68263","64608","52889","24367","223863","19166","16001","24576","39891","51653","48823","23753",
"강원특별자치도","정선군","감소","주민등록인구","34139","3517","2283","2296","4140","6330","8150","7423","34054","3488","2252","2280","4108","6326","8149","7451","33990","3469","2229","2277","4082","6309","8161","7463","33950","3449","2216","2282","4038","6321","8174","7470","33879","3431","2209","2263","4007","6322","8161","7486","33808","3421","2206","2243","3992","6299","8144","7503","33761","3403","2199","2225","3966","6282","8146","7540","33717","3385","2189","2208","3949","6291","8134","7561","33661","3369","2158","2190","3937","6291","8142","7574","33609","3351","2153","2191","3914","6269","8130","7601","33583","3350","2146","2192","3901","6254","8135","7605","33515","3326","2139","2177","3871","6242","8117","7643","33487","3302","2138","2179","3851","6254","8086","7677","33412","3282","2134","2169","3803","6246","8070","7708","33377","3250","2130","2162","3782","6238","8037","7778","33381","3228","2135","2159","3765","6216","8055","7823","33348","3212","2143","2149","3751","6203","8045","7845","33346","3194","2150","2135","3750","6200","8045","7872","33311","3184","2131","2135","3745","6178","8038","7900","33279","3165","2107","2128","3732","6170","8052","7925","33266","3149","2092","2121","3727","6161","8057","7959","33609","3168","2133","2155","3775","6251","8141","7986","34457","3190","2271","2223","3938","6478","8303","8054","34879","3191","2353","2277","3983","6563","8403","8109","34982","3184","2362","2297","3966","6617","8404","8152","35001","3154","2360","2298","3946","6647","8404","8192","35053","3143","2364","2300","3922","6641","8444","8239",
"강원특별자치도","정선군","감소","체류인구","326553","53749","43154","46522","64097","60277","45694","13060","328642","59966","40897","44100","67677","59906","42833","13263","209643","19719","14841","25965","44243","50509","40778","13588","204911","10721","11830","21684","38198","54599","49400","18479","275492","25688","17351","31365","50086","66280","60798","23926","304228","30319","19955","35849","57901","72956","64639","22608","325565","50465","23628","35864","65881","72243","57941","19543","490064","81713","36715","54118","97488","105056","85991","28984","324191","38505","24301","38814","63362","74275","62651","22284","343565","27169","18985","35172","60148","85276","82244","34570","262191","18989","17100","29281","49150","66365","58913","22393","256299","37839","30031","36644","52474","49246","37661","12405","362762","67318","46992","50942","72545","63909","46497","14559","295708","54000","37334","37417","59590","52931","40930","13506","196636","17217","14152","23792","40195","47716","39787","13777","182967","8330","10382","18834","32328","49352","45484","18258","292433","27840","19268","34103","53266","69066","62419","26472","295164","25001","19238","33936","52728","72705","66164","25392","360148","53052","25263","38575","68810","79747","68865","25836","467337","73367","33534","50574","90212","101895","86899","30857","269819","22500","16623","29869","49424","65049","61537","24817","350573","33797","24484","39052","61668","84181","76116","31275","255423","16523","15168","26731","45262","66027","61015","24696","245519","32910","28171","33336","47908","49512","39406","14275","318307","52874","40896","42110","60645","58208","47446","16129","319007","59016","36910","40324","64262","57900","44438","16157","188411","16014","13559","22147","35910","44954","40333","15494",
"강원특별자치도","정선군","감소","외국인","302","8","32","76","54","70","49","13","301","8","31","78","53","70","49","12","303","9","31","79","53","69","48","14","305","9","31","82","52","70","46","15","596","12","167","195","87","74","46","15","767","12","203","281","138","73","45","15","801","12","210","295","151","72","46","15","804","11","207","301","150","72","48","15","760","10","189","281","143","72","49","16","706","10","177","250","128","74","52","15","399","9","66","119","67","69","53","16","358","9","57","103","56","65","52","16","341","8","53","99","51","64","50","16","335","9","51","95","52","62","49","17","345","9","57","95","55","61","50","18","526","10","121","168","103","57","50","17","857","11","238","315","168","57","51","17","889","11","238","331","182","59","51","17","892","13","238","328","181","62","53","17","904","10","257","330","177","62","51","17","891","11","243","331","174","63","52","17","851","11","218","320","168","64","53","17","469","10","86","155","84","65","51","18","403","10","68","133","62","60","52","18","386","10","62","126","57","62","51","18","379","10","65","123","55","61","47","18","399","9","78","129","59","58","46","20",
"강원특별자치도","철원군","감소","계","209360","19381","37295","18571","25453","45168","44549","18944","230534","26726","41336","23211","31170","45877","42853","19363","213274","19042","38447","20975","28231","43256","41885","21439","235251","21152","38377","19897","27901","47283","51823","28818","274280","27190","41354","23070","33644","55360","59458","34205","264725","24744","43839","25358","33292","53807","55569","28116","214510","28638","41090","21762","28374","39982","35739","18925","273357","36893","46885","30162","39076","52487","46312","21541","294412","30692","47346","31053","39056","58726","58162","29376","395076","26928","42090","29199","43919","89037","107226","56677","243854","19998","37706","21533","30016","50729","55407","28466","155005","14158","33576","15649","18737","28574","28536","15775","194264","24043","37036","20350","25296","36426","34365","16748","161503","17768","32955","15403","19608","30472","29464","15834","189857","18633","34215","17586","23614","37493","37907","20408","193481","18543","34563","17117","22207","36472","40352","24228","251803","26984","39389","23245","30998","49006","52871","29310","237800","22802","41799","24696","28859","45239","48367","26038","215785","27226","40800","23190","27934","39142","36636","20857","258715","35983","43405","29170","36398","47330","44402","22027","258410","18822","40442","23974","30371","52134","59217","33450","388687","34072","49539","35020","44892","76027","93469","55668","226598","18469","35902","20047","26319","45283","51976","28603","147517","12651","32161","15110","17614","26921","26906","16154","179858","18066","32433","17011","21621","35230","36822","18676","205715","24060","36475","22135","26983","38709","37575","19778","178795","16885","31625","17134","22067","35010","35325","20748",
"강원특별자치도","철원군","감소","주민등록인구","41319","5885","4479","4262","4838","6646","7691","7518","41177","5822","4416","4250","4798","6639","7712","7540","41113","5773","4386","4230","4783","6644","7720","7577","41063","5766","4344","4223","4739","6677","7720","7594","41003","5738","4320","4215","4726","6668","7709","7627","40888","5721","4264","4201","4717","6636","7688","7661","40790","5696","4242","4170","4697","6597","7686","7702","40686","5657","4204","4164","4660","6605","7674","7722","40646","5634","4194","4153","4654","6588","7672","7751","40612","5618","4167","4166","4631","6580","7677","7773","40540","5602","4138","4168","4616","6550","7685","7781","40497","5580","4128","4162","4595","6543","7689","7800","40408","5537","4120","4146","4565","6538","7665","7837","40236","5475","4061","4117","4523","6542","7662","7856","40180","5461","4035","4117","4500","6518","7613","7936","40130","5448","4001","4123","4494","6492","7623","7949","40062","5431","3966","4112","4492","6472","7619","7970","39996","5409","3953","4097","4481","6455","7625","7976","40031","5394","3981","4101","4476","6448","7634","7997","40006","5376","3987","4112","4458","6424","7630","8019","39994","5363","3986","4121","4461","6397","7619","8047","39991","5364","3976","4135","4451","6374","7613","8078","40004","5335","4017","4150","4439","6357","7607","8099","39979","5312","4044","4127","4431","6325","7634","8106","39953","5305","4018","4125","4438","6325","7617","8125","39818","5252","4000","4096","4400","6285","7615","8170","39802","5236","3964","4111","4402","6228","7637","8224",
"강원특별자치도","철원군","감소","체류인구","167342","13490","32530","14085","20548","38472","36810","11408","188673","20898","36642","18742","26306","39189","35094","11804","171457","13262","33768","16522","23381","36561","34119","13845","193414","15377","33728","15416","23081","40551","44054","21207","232407","21443","36703","18555","28811","48641","51696","26559","222584","19013","39203","20661","28326","47117","47828","20436","172432","22933","36474","17072","23422","33328","27999","11204","231389","31227","42307","25482","34165","45824","38584","13799","252520","25048","42791","26405","34155","52081","50433","21606","353409","21301","37587","24626","39119","82399","99491","48886","202552","14387","33279","17117","25316","44122","47665","20667","113756","8569","29162","11241","14065","21973","20790","7956","153117","18496","32634","15962","20659","29830","26644","8892","120535","12283","28614","11049","15013","23871","21748","7958","148938","13158","29905","13222","19044","30916","30240","12452","152460","13080","30252","12665","17608","29921","32676","16259","210527","21538","35077","18630","26293","42471","45199","21319","196456","17378","37485","20020","24119","38722","40691","18041","174226","21816","36449","18419","23120","32632","28950","12840","217172","30591","39039","24384","31606","40845","36721","13986","216954","13444","36093","19214","25599","45677","51547","25380","347361","28691","45211","30319","40174","69594","85806","47566","185759","13113","31591","15592","21791","38874","44320","20479","106724","7319","27819","10690","13105","20547","19221","8023","139073","12742","28110","12583","17103","28856","29155","10525","165049","18788","32169","17723","22503","32374","29910","11582","138132","11630","27341","12708","17582","28733","27639","12498",
"강원특별자치도","철원군","감소","외국인","699","6","286","224","67","50","48","18","684","6","278","219","66","49","47","19","704","7","293","223","67","51","46","17","774","9","305","258","81","55","49","17","870","9","331","300","107","51","53","19","1253","10","372","496","249","54","53","19","1288","9","374","520","255","57","54","19","1282","9","374","516","251","58","54","20","1246","10","361","495","247","57","57","19","1055","9","336","407","169","58","58","18","762","9","289","248","84","57","57","18","752","9","286","246","77","58","57","19","739","10","282","242","72","58","56","19","732","10","280","237","72","59","54","20","739","14","275","247","70","59","54","20","891","15","310","329","105","59","53","20","1214","15","346","503","213","63","53","21","1348","15","361","579","259","62","51","21","1528","16","370","670","338","62","52","20","1537","16","379","674","334","61","51","22","1462","15","363","639","311","60","51","23","1335","17","352","566","267","59","50","24","835","21","294","305","89","52","49","25","814","20","298","293","78","49","51","25","832","19","305","303","80","49","50","26","848","20","306","316","80","50","50","26","861","19","320","315","83","49","49","26",
"강원특별자치도","화천군","감소","계","232439","49705","39368","32068","40746","32003","26852","11696","97949","12237","24094","10714","13066","17281","13279","7279","91262","8612","21671","9644","11546","17034","14957","7798","112756","10221","23210","11148","14309","22135","21036","10697","135405","11702","26360","13535","17340","26156","26980","13331","127116","11016","23902","12252","15631","25636","26355","12323","130946","12379","24589","11849","15213","25938","27551","13428","176175","18596","28918","17660","22709","35612","36807","15872","135463","12663","26201","14765","17167","25757","25623","13288","130328","9919","23559","11818","15191","25375","28822","15645","109667","*","22297","11247","13978","20975","20688","*","86561","*","20914","9109","10598","15421","14733","*","241687","*","39524","34876","42632","32204","27575","*","97898","*","21675","11584","13500","15067","14182","*","85754","*","19424","8864","10515","15839","14938","*","100811","*","20995","9763","12427","19395","18545","*","131623","*","22609","13204","16604","25124","27230","*","119965","*","22833","11458","14097","22945","24874","*","136929","*","23796","12390","15776","26703","30213","*","164083","*","25945","15910","19741","32245","36247","*","115696","*","22759","10428","12477","22177","25275","*","139100","*","26393","14207","16691","24440","27979","*","107794","*","21726","10342","12733","20061","21714","*","83542","*","20763","8851","9756","14406","14414","*","243120","*","41336","35219","42696","31100","26917","*","110433","*","23614","13225","15474","17226","15699","*","88176","*","19856","8704","10204","16056","16122","*",
"강원특별자치도","화천군","감소","주민등록인구","22942","3057","2902","2588","2342","3597","4338","4118","22859","3058","2856","2566","2331","3568","4357","4123","22830","3050","2820","2565","2323","3548","4394","4130","22821","3042","2818","2561","2316","3532","4412","4140","22781","3032","2798","2553","2316","3522","4422","4138","22955","3054","2837","2579","2339","3552","4442","4152","23020","3058","2858","2571","2326","3576","4450","4181","22986","3041","2862","2537","2329","3554","4465","4198","22965","3031","2855","2529","2328","3544","4455","4223","22980","3031","2837","2549","2313","3553","4461","4236","22975","3004","2851","2535","2311","3552","4464","4258","22922","2993","2827","2535","2319","3535","4453","4260","22764","2950","2804","2488","2283","3531","4436","4272","22612","2902","2763","2456","2264","3489","4439","4299","22609","2893","2759","2478","2246","3496","4406","4331","22596","2883","2769","2458","2239","3487","4413","4347","22561","2862","2785","2442","2232","3480","4406","4354","22550","2856","2772","2461","2236","3464","4395","4366","22587","2857","2795","2464","2241","3454","4404","4372","22525","2839","2767","2448","2235","3438","4413","4385","22504","2847","2725","2444","2241","3416","4438","4393","22433","2825","2718","2426","2234","3390","4445","4395","22375","2796","2735","2400","2218","3376","4442","4408","22371","2796","2742","2409","2216","3348","4447","4413","22338","2783","2734","2406","2215","3328","4447","4425","22284","2767","2692","2415","2203","3305","4452","4450","22290","2763","2681","2433","2183","3286","4462","4482",
"강원특별자치도","화천군","감소","체류인구","209246","46641","36407","29404","38369","28376","22481","7567","74842","9174","21183","8068","10699","13685","8889","3145","68182","5557","18795","6999","9187","13459","10530","3655","89679","7174","20330","8507","11958","18578","16588","6544","112346","8665","23499","10892","14979","22607","22524","9179","103795","7956","20981","9541","13224","22056","21879","8157","107475","9313","21626","9113","12796","22328","23067","9233","152618","15544","25919","14914","20252","32021","32307","11660","111944","9620","23216","12040","14709","22176","21133","9051","106844","6879","20610","9088","12761","21787","24325","11395","86316","6747","19362","8580","11590","17398","16187","6451","63332","4337","18015","6468","8231","11864","10241","4176","218648","49957","36662","32293","40307","28652","23099","7679","75021","10950","18859","9034","11199","11556","9702","3722","62876","4892","16607","6292","8233","12320","10491","4041","77911","6452","18159","7195","10139","15884","14095","5987","108666","9339","19732","10610","14295","21619","22789","10282","96979","7507","19961","8823","11771","19456","20447","9015","113787","9864","20872","9718","13397","23219","25776","10941","140917","13976","23032","13203","17354","28772","31801","12780","92515","5275","19877","7708","10080","18723","20803","10048","116063","11013","23544","11536","14314","21014","23501","11142","84997","5607","18899","7776","10431","16656","17238","8390","60852","3962","17945","6327","7489","11031","9934","4165","220494","50255","38534","32708","40440","27745","22438","8373","87870","13577","20853","10705","13235","13898","11214","4388","65605","4989","17105","6166","7983","12749","11626","4988",
"강원특별자치도","화천군","감소","외국인","251","7","59","76","35","30","33","11","248","5","55","80","36","28","33","11","250","5","56","80","36","27","33","13","256","5","62","80","35","25","36","13","278","5","63","90","45","27","34","14","366","6","84","132","68","28","34","14","451","8","105","165","91","34","34","14","571","11","137","209","128","37","35","14","554","12","130","196","130","37","35","14","504","9","112","181","117","35","36","14","376","*","84","132","77","25","37","*","307","*","72","106","48","22","39","*","275","*","58","95","42","21","40","*","265","*","53","94","37","22","41","*","269","*","58","94","36","23","41","*","304","*","67","110","49","24","37","*","396","*","92","152","77","25","35","*","436","*","100","174","90","25","32","*","555","*","129","208","138","30","33","*","641","*","146","259","152","35","33","*","677","*","157","276","156","38","34","*","604","*","131","245","143","36","33","*","422","*","92","166","84","29","34","*","319","*","76","115","51","27","33","*","288","*","68","105","41","27","32","*","279","*","69","105","36","23","33","*","281","*","70","105","38","21","34","*",
"강원특별자치도","양구군","감소","계","66081","9514","14665","7203","9357","11347","8989","5006","76429","11840","16242","9029","11100","13059","10035","5125","77433","11816","14627","8500","11958","13579","11151","5804","91354","12413","16164","9674","12948","16908","15339","7907","110972","14311","17167","11488","15579","20807","21288","10334","100657","13946","16156","10438","14546","18571","18022","8978","96220","14822","17216","10192","13795","17525","15189","7480","118633","17625","19892","13151","17597","21610","19833","8926","110152","14970","18712","12895","16293","20228","18393","8662","104454","11511","16891","10413","14225","20075","20772","10568","99465","*","16441","10171","14859","18202","18151","*","67848","*","14325","7656","9775","12165","10449","*","72784","*","15617","8703","10534","12434","9790","*","65341","*","14078","7114","9112","10624","9178","*","78096","*","13986","8659","12309","13552","11597","*","88401","11561","15503","9571","12197","15865","15000","8703","122361","17405","17504","12362","17111","21683","23768","12528","101037","12313","16014","10057","13969","18867","19390","10427","101856","15476","16520","10866","14944","18099","17222","8728","118634","18019","19235","13162","17364","20748","20348","9756","97710","11227","17154","9898","13364","18018","17939","10112","120907","17368","17410","12979","16953","21106","22549","12541","100529","11881","15691","9949","14731","18222","19055","11000","63608","6204","13928","7364","8446","11542","10183","5941","65820","9498","13593","7185","8809","11315","9756","5664","78002","12094","15446","9293","11186","13033","10925","6023","78686","11307","13433","8327","11348","12972","13277","8022",
"강원특별자치도","양구군","감소","주민등록인구","20975","3256","2393","2304","2387","3209","3967","3459","21050","3313","2381","2298","2385","3223","3971","3479","21023","3299","2346","2313","2373","3208","3979","3505","20945","3282","2311","2284","2366","3185","4000","3517","20891","3260","2282","2262","2369","3180","4005","3533","20890","3249","2289","2266","2364","3167","4008","3547","20846","3242","2262","2264","2360","3154","4016","3548","20780","3210","2252","2246","2351","3130","4020","3571","20740","3203","2223","2242","2346","3124","4021","3581","20695","3176","2224","2234","2342","3122","4003","3594","20631","3159","2203","2227","2342","3112","3997","3591","20621","3136","2216","2233","2338","3114","4003","3581","20552","3086","2202","2234","2331","3102","3980","3617","20417","3038","2161","2212","2313","3080","3992","3621","20518","3136","2154","2209","2315","3063","3984","3657","20510","3135","2145","2214","2299","3051","3998","3668","20488","3126","2133","2215","2282","3048","4005","3679","20472","3117","2114","2234","2274","3044","4009","3680","20502","3108","2145","2232","2267","3043","4020","3687","20479","3094","2144","2218","2252","3055","4020","3696","20466","3074","2139","2218","2257","3057","4027","3694","20468","3073","2135","2212","2261","3053","4028","3706","20425","3063","2126","2195","2263","3038","4015","3725","20410","3046","2130","2197","2252","3017","4029","3739","20373","3023","2120","2184","2251","3023","4026","3746","20382","3063","2108","2166","2232","3020","4035","3758","20368","3054","2082","2174","2238","3013","4026","3781",
"강원특별자치도","양구군","감소","체류인구","44820","6252","12210","4814","6923","8093","4993","1535","55096","8521","13797","6650","8669","9792","6034","1634","56132","8511","12222","6106","9539","10326","7143","2287","70130","9126","13789","7312","10536","13678","11310","4378","89656","11045","14785","9064","13140","17582","17253","6789","79144","10691","13727","7890","12076","15356","13984","5420","74607","11574","14769","7571","11306","14322","11143","3921","97044","14409","17449","10520","15108","18434","15781","5344","88641","11761","16316","10282","13815","17059","14340","5069","83149","8329","14544","7889","11778","16911","16737","6962","78466","8730","14160","7804","12458","15047","14122","6145","46932","4826","12045","5330","7390","9009","6413","1919","51954","7381","13358","6382","8157","9293","5777","1607","44642","6778","11856","4818","6751","7507","5151","1783","57304","8458","11772","6369","9947","10455","7578","2725","67614","8420","13298","7272","9851","12780","10969","5023","101586","14273","15302","10061","14784","18599","19730","8837","80247","9190","13829","7709","11645","15790","15349","6735","80804","12361","14253","8378","12597","15018","13169","5027","97228","14917","16864","10473","14976","17655","16295","6046","76315","8145","14790","7205","10968","14922","13883","6404","99658","14286","15096","10368","14581","18012","18493","8821","79549","8809","13430","7506","12389","15143","15012","7260","42786","3149","11697","5007","6135","8485","6126","2187","45122","6467","11391","4892","6514","8253","5702","1903","57304","9022","13259","7021","8913","9975","6862","2250","57998","8244","11273","6041","9069","9922","9223","4226",
"강원특별자치도","양구군","감소","외국인","286","6","62","85","47","45","29","12","283","6","64","81","46","44","30","12","278","6","59","81","46","45","29","12","279","5","64","78","46","45","29","12","425","6","100","162","70","45","30","12","623","6","140","282","106","48","30","11","767","6","185","357","129","49","30","11","809","6","191","385","138","46","32","11","771","6","173","371","132","45","32","12","610","6","123","290","105","42","32","12","368","*","78","140","59","43","32","*","295","*","64","93","47","42","33","*","278","*","57","87","46","39","33","*","282","*","61","84","48","37","35","*","274","*","60","81","47","34","35","*","277","6","60","85","47","34","33","12","287","6","69","86","45","36","33","12","318","6","71","114","50","33","32","12","550","7","122","256","80","38","33","14","927","8","227","471","136","38","33","14","929","8","225","475","139","39","29","14","781","9","179","399","111","41","28","14","555","9","135","248","79","41","28","15","412","9","101","160","59","40","28","15","325","8","82","109","44","39","28","15","316","9","79","106","41","38","28","15","320","9","78","112","41","37","28","15",
"강원특별자치도","인제군","관심","계","157758","*","30463","21157","23846","31572","24254","*","167152","*","31208","21925","25990","31569","24826","*","151846","*","29017","19215","22040","28480","24543","*","175001","*","28153","20839","25177","35008","33037","*","267049","*","34375","28101","39747","60919","55453","*","285960","*","36250","31944","41560","66993","62269","*","269561","*","37054","30091","40414","58654","51996","*","419256","*","52283","51194","66936","90642","77455","*","261296","*","39270","32363","37244","54976","51489","*","396573","*","36516","33800","48793","98632","108612","*","217121","*","31412","24313","31104","47941","45667","*","151604","*","29273","20811","22200","30217","24889","*","177025","*","31582","24550","26763","33448","27384","*","147105","*","28040","18099","20980","27953","24466","*","151907","*","29390","19237","21965","28100","24345","*","164886","*","28110","19902","23172","31398","30885","*","272925","*","34979","29611","39881","60432","57492","*","260652","*","32347","29281","37313","58888","58007","*","303767","*","37998","34996","46879","64228","59895","*","404198","*","48590","49051","63503","85094","77093","*","227355","*","33074","26824","31317","48469","48934","*","377660","*","38094","37743","48115","84086","95310","*","219274","*","29962","23545","29427","47959","49445","*","147501","*","26804","19978","22056","28566","25188","*","168523","*","29375","21950","24958","32708","28515","*","173142","*","29479","22793","26060","32329","27716","*","139123","*","26736","17356","19129","25631","24404","*",
"강원특별자치도","인제군","관심","주민등록인구","32004","4529","3870","3931","3882","4846","6144","4802","31853","4465","3839","3889","3859","4838","6142","4821","31764","4428","3792","3882","3836","4808","6164","4854","31768","4417","3773","3895","3835","4792","6198","4858","31758","4406","3745","3899","3828","4781","6216","4883","31769","4405","3751","3894","3818","4781","6221","4899","31721","4391","3737","3873","3825","4755","6230","4910","31703","4381","3709","3893","3799","4746","6240","4935","31644","4373","3673","3872","3811","4734","6230","4951","31587","4352","3669","3862","3797","4722","6226","4959","31532","4333","3653","3832","3793","4726","6206","4989","31535","4323","3645","3854","3786","4726","6184","5017","31385","4272","3591","3826","3754","4733","6150","5059","31220","4204","3531","3790","3751","4699","6149","5096","31146","4187","3485","3801","3721","4680","6112","5160","31131","4171","3459","3786","3725","4692","6125","5173","31066","4162","3427","3782","3723","4674","6124","5174","31005","4141","3413","3758","3726","4658","6129","5180","30956","4127","3403","3757","3715","4651","6118","5185","30910","4110","3368","3756","3696","4640","6140","5200","30894","4113","3344","3742","3699","4621","6145","5230","30927","4103","3344","3756","3685","4628","6149","5262","30868","4085","3343","3725","3675","4605","6171","5264","30863","4059","3356","3713","3686","4596","6189","5264","30814","4006","3360","3730","3646","4598","6192","5282","30742","3975","3327","3712","3643","4587","6206","5292","30760","3966","3292","3742","3612","4596","6220","5332",
"강원특별자치도","인제군","관심","체류인구","125444","12313","26514","17130","19927","26671","18082","4807","134992","17361","27292","17942","22092","26678","18655","4971","119778","13366","25150","15238","18164","23620","18350","5889","142930","14048","24304","16850","21300","30168","26809","9451","234985","24142","30552","24109","35876","56090","49209","15006","253808","21114","32411","27924","37679","62152","56018","16510","237254","27661","33192","26001","36455","53834","45736","14375","386646","49772","48418","46900","62900","85828","71186","21642","228767","21606","35447","28108","33194","50173","45230","15010","364302","21018","32713","29663","44826","93848","102358","39876","185225","13078","27661","20367","27249","43167","39433","14269","119743","9354","25540","16853","18362","25448","18680","5506","145312","17852","27902","20618","22960","28671","21208","6102","115561","12691","24420","14205","17182","23212","18292","5560","120438","13404","25813","15336","18198","23380","18207","6100","133265","12303","24554","15928","19327","26666","24732","9753","241233","23711","31441","25577","35982","55719","51338","17465","228690","18091","28774","25099","33309","54182","51847","17388","271782","32335","34414","30781","42872","59527","53746","18107","372214","48032","45033","44819","59503","80398","70922","23507","195397","13852","29539","22611","27321","43792","42759","15524","345802","28744","34560","33596","44187","79400","89130","36185","187936","12229","26475","19665","25675","43308","43244","17339","116254","9532","23324","16148","18312","23933","18969","6037","137334","15291","25898","18104","21256","28072","22294","6420","142038","18632","26041","18972","22363","27703","21481","6846","108002","9751","23337","13500","15462","20998","18156","6798",
"강원특별자치도","인제군","관심","외국인","310","*","79","96","37","55","28","*","307","*","77","94","39","53","29","*","304","*","75","95","40","52","29","*","303","*","76","94","42","48","30","*","306","*","78","93","43","48","28","*","383","*","88","126","63","60","30","*","586","*","125","217","134","65","30","*","907","*","156","401","237","68","29","*","885","*","150","383","239","69","29","*","684","*","134","275","170","62","28","*","364","*","98","114","62","48","28","*","326","*","88","104","52","43","25","*","328","*","89","106","49","44","26","*","324","*","89","104","47","42","25","*","323","*","92","100","46","40","26","*","490","*","97","188","120","40","28","*","626","*","111","252","176","39","30","*","957","*","160","424","278","48","31","*","1029","*","181","458","292","50","31","*","1074","*","189","476","304","56","31","*","1064","*","191","471","297","56","30","*","931","*","190","391","243","58","31","*","470","*","144","155","77","46","30","*","384","*","124","117","58","37","30","*","375","*","117","116","56","38","29","*","362","*","111","109","54","39","29","*","361","*","107","114","55","37","28","*",
"강원특별자치도","고성군","감소","계","311109","49969","39738","43448","57030","56152","44960","19813","300229","49960","39643","40328","55656","52905","41932","19806","272133","30410","33569","38428","48092","53367","46641","21626","310218","27265","33026","41788","52685","64032","59832","31589","386589","46821","38637","50541","67525","77338","70077","35648","472255","57451","48073","68937","84555","92991","82393","37855","497870","89411","53051","72382","99757","85635","66750","30884","735336","141241","77417","113526","150194","120955","91797","40206","411098","49429","48404","65019","72797","76087","67450","31911","427867","42638","38714","53775","71568","87918","87778","45476","338734","35605","36263","44886","57680","69168","63972","31160","321479","40694","40763","49812","56528","60600","50184","22898","377863","61141","47955","56399","67958","66416","53354","24639","288952","46591","35643","39427","53422","50885","42226","20758","277438","30608","32857","40306","48178","54644","47162","23682","292181","23746","31308","38387","46127","60115","59042","33455","430561","56278","42012","57962","76809","82081","74873","40547","462052","55282","44851","66114","81584","89676","83719","40828","549599","98023","56432","81789","108838","92461","74762","37295","744619","141496","73994","114880","150556","121907","97178","44609","341585","32162","37728","52288","56906","67482","62842","32177","448416","55971","44887","57284","73854","85767","85256","45399","348979","34569","35587","44328","56856","71282","69905","36452","314535","38170","39229","47356","53532","58615","52223","25410","352043","54803","41232","49381","61482","63777","55201","26166","345642","58037","40749","48659","62772","60125","49643","25657","255758","26260","30299","35969","41937","50212","46369","24712",
"강원특별자치도","고성군","감소","주민등록인구","27294","2862","2508","2368","2920","4666","5964","6006","27261","2850","2486","2361","2912","4671","5944","6037","27220","2825","2450","2362","2917","4673","5936","6057","27221","2836","2443","2371","2897","4658","5959","6057","27197","2813","2438","2376","2868","4673","5951","6078","27169","2804","2423","2376","2866","4664","5945","6091","27143","2791","2408","2371","2848","4655","5948","6122","27087","2788","2385","2361","2841","4645","5942","6125","27060","2777","2365","2369","2845","4617","5931","6156","27016","2786","2337","2366","2819","4618","5913","6177","27027","2788","2333","2376","2814","4599","5915","6202","26999","2783","2332","2370","2794","4586","5914","6220","26920","2755","2323","2360","2773","4568","5894","6247","26798","2740","2277","2330","2750","4561","5871","6269","26812","2744","2262","2347","2736","4558","5843","6322","26810","2741","2254","2344","2742","4543","5848","6338","26824","2744","2242","2338","2747","4546","5857","6350","26812","2744","2230","2341","2744","4549","5824","6380","26779","2743","2219","2330","2753","4531","5831","6372","26751","2736","2213","2330","2753","4510","5826","6383","26776","2752","2215","2334","2751","4517","5806","6401","26800","2751","2218","2350","2733","4518","5799","6431","26794","2757","2218","2346","2737","4491","5789","6456","26845","2776","2204","2368","2727","4487","5807","6476","26849","2758","2188","2376","2715","4483","5813","6516","26942","2766","2181","2395","2727","4489","5848","6536","27076","2778","2166","2437","2751","4498","5882","6564",
"강원특별자치도","고성군","감소","체류인구","282213","46996","36098","40880","54053","51439","38955","13793","271435","46993","36102","37764","52687","48188","35947","13755","243334","27468","30022","35860","45115","48651","40663","15555","281334","24282","29430","39211","49731","59331","53830","25518","357718","43873","35034","47945","64604","72621","64083","29556","443398","54521","44467","66336","81637","88283","76404","31750","469055","86508","49465","69786","96854","80937","60758","24747","706570","138355","73855","110925","147292","116267","85810","34066","382362","46539","44880","62408","69892","71427","61474","25741","399091","39709","35168","51168","68689","83255","81818","39284","309955","32685","32713","42273","54807","64524","58011","24942","292724","37797","37199","47199","53677","55968","44224","16660","349217","58286","44416","53795","65127","61800","47415","18377","260465","43764","32177","36849","50616","46275","36309","14475","248836","27738","29358","37700","45385","50036","41273","17345","263562","20884","27805","35779","43323","55523","53146","27101","401937","53422","38524","55355","73998","77485","68972","34182","433422","52427","41367","63495","78775","85079","77852","34429","521011","95183","52969","79172","106016","87882","68887","30903","716098","138675","70570","112265","147728","117345","91310","38206","312989","29289","34280","49676","54078","62913","56996","25757","419643","53063","41329","54649","71045","81197","79414","38948","320175","31661","31979","41702","54042","66742","64073","29976","285661","35246","35621","44700","50727","54080","46374","18913","323184","51918","37647","46709","58690","59245","49345","19629","316796","55162","37246","45977","59971","55588","43753","19099","226651","23347","26730","33231","39110","45664","40443","18126",
"강원특별자치도","고성군","감소","외국인","1602","111","1132","200","57","47","41","14","1533","117","1055","203","57","46","41","14","1579","117","1097","206","60","43","42","14","1663","147","1153","206","57","43","43","14","1674","135","1165","220","53","44","43","14","1688","126","1183","225","52","44","44","14","1672","112","1178","225","55","43","44","15","1679","98","1177","240","61","43","45","15","1676","113","1159","242","60","43","45","14","1760","143","1209","241","60","45","47","15","1752","132","1217","237","59","45","46","16","1756","114","1232","243","57","46","46","18","1726","100","1216","244","58","48","45","15","1689","87","1189","248","56","49","46","14","1790","126","1237","259","57","50","46","15","1809","121","1249","264","62","49","48","16","1800","112","1246","269","64","50","44","15","1818","111","1254","278","65","48","43","19","1809","97","1244","287","69","48","44","20","1770","85","1211","285","75","52","42","20","1820","121","1233","278","77","52","40","19","1973","157","1340","285","76","52","43","20","2010","151","1390","280","77","49","43","20","2029","148","1404","288","78","48","42","21","2010","127","1397","296","77","49","43","21","1904","109","1322","287","74","48","42","22","2031","135","1403","301","76","50","44","22",
"강원특별자치도","양양군","감소","계","322302","*","38721","44910","59703","67407","48862","*","323594","*","37606","43822","61248","63353","47161","*","315169","*","33470","46174","58593","66451","53779","*","362443","30852","34052","50006","62466","76578","70481","38007","472015","56959","48917","65363","85641","94175","80218","40743","515708","56956","60743","80666","94722","101602","83386","37633","549390","84915","75615","87259","105459","95519","69307","31318","819804","136073","116553","138393","159445","135479","94168","39694","445178","51825","52988","72253","79157","84813","70819","33324","514518","44421","38453","60075","84519","114995","115134","56920","357032","33333","30656","45019","61864","78778","71542","35840","315101","35693","35264","46051","57358","67047","50818","22870","385808","56392","46650","55827","70859","75637","55796","24648","293049","41369","29555","37449","55635","60310","46439","22291","309031","33475","29149","44334","57302","65718","53067","25985","323366","*","26553","41551","53396","68526","67102","*","494994","*","43744","67908","92167","97562","82957","*","475201","*","45642","70901","88924","95075","81232","*","575620","*","64004","89089","115062","100287","76269","*","780111","*","87099","126409","157288","133275","97214","*","353387","*","35896","54692","61812","71387","65530","*","520005","*","43750","64816","84705","106095","107421","*","372943","*","29055","45853","61762","82027","79311","*","311586","*","32144","44666","56431","64813","52381","*","375055","*","38244","51758","69025","76125","58774","*","355073","*","36006","49026","67216","68585","52709","*","288590","*","25317","39127","50684","61569","54642","*",
"강원특별자치도","양양군","감소","주민등록인구","27681","2745","2103","2070","3327","4847","6189","6400","27686","2759","2084","2056","3320","4848","6191","6428","27644","2733","2072","2050","3309","4845","6181","6454","27608","2731","2060","2037","3287","4845","6181","6467","27574","2727","2048","2029","3281","4837","6179","6473","27579","2725","2045","2022","3272","4834","6182","6499","27581","2713","2053","2033","3259","4850","6160","6513","27578","2719","2046","2027","3263","4830","6165","6528","27582","2732","2031","2024","3256","4831","6143","6565","27549","2729","2007","2034","3249","4802","6154","6574","27485","2713","1987","2026","3225","4799","6139","6596","27489","2725","1976","2026","3210","4792","6128","6632","27470","2700","1972","2027","3202","4810","6085","6674","27504","2741","1948","2034","3209","4801","6059","6712","27452","2706","1937","2038","3183","4780","6046","6762","27398","2695","1924","2025","3183","4753","6032","6786","27357","2695","1901","2030","3154","4742","6039","6796","27322","2694","1876","2021","3158","4733","6026","6814","27331","2707","1874","2011","3150","4724","6047","6818","27318","2709","1873","1995","3134","4729","6036","6842","27346","2733","1863","2000","3153","4707","6037","6853","27331","2743","1855","2007","3142","4693","6028","6863","27335","2730","1871","2027","3124","4675","6030","6878","27292","2723","1865","2025","3119","4644","6053","6863","27349","2754","1847","2036","3122","4646","6068","6876","27390","2773","1828","2039","3132","4636","6095","6887","27364","2769","1803","2026","3145","4603","6088","6930",
"강원특별자치도","양양군","감소","체류인구","294204","39640","36522","42725","56325","62494","42608","13890","295485","45515","35425","41650","57879","58439","40899","15678","287082","28818","31287","44005","55235","61538","47525","18674","334384","28116","31883","47846","59129","71667","64222","31520","443986","54226","46767","63204","82310","89270","73962","34248","487673","54225","58595","78518","91398","96701","77123","31113","521336","82195","73457","85094","102146","90603","63059","24784","791737","133347","114399","136224","156129","130583","87911","33145","417094","49087","50845","70078","75847","79914","64585","26739","486461","41685","36334","57882","81217","110126","108891","50325","329046","30613","28560","42833","58586","73914","65317","29223","287107","32960","33180","43862","54091","62192","44605","16217","357836","53685","44569","53638","67599","70766","49627","17953","265043","38620","27499","35250","52370","55448","40298","15557","281078","30762","27104","42131","54060","60877","46938","19205","295470","24189","24522","39360","50155","63714","60985","32545","467137","64064","41735","65708","88955","92760","76836","37079","447369","51868","43657","68704","85707","90281","75122","32030","547774","91719","62017","86897","111849","95507","70141","29645","752267","133196","85106","124226","154093","128489","91102","36055","325514","28513","33915","52503","58595","66620","59419","25950","492134","54929","41771","62616","81500","101341","101315","48662","345056","30490","27052","43629","58575","77292","73201","34818","283723","32952","30141","42434","53247","60107","46249","18593","347139","51666","36261","49513","65838","71416","52633","19813","327130","52573","34046","46788","64017","63888","46541","19277","260662","25772","23381","36893","47470","56906","48481","21760",
"강원특별자치도","양양군","감소","외국인","417","*","96","115","51","66","65","*","423","*","97","116","49","66","71","*","443","*","111","119","49","68","73","*","451","5","109","123","50","66","78","20","455","6","102","130","50","68","77","22","456","6","103","126","52","67","81","21","473","7","105","132","54","66","88","21","489","7","108","142","53","66","92","21","502","6","112","151","54","68","91","20","508","7","112","159","53","67","89","21","501","7","109","160","53","65","86","21","505","8","108","163","57","63","85","21","502","7","109","162","58","61","84","21","502","8","108","165","56","61","82","22","501","7","108","165","59","61","83","18","498","*","107","166","58","59","85","*","500","*","108","170","58","60","82","*","510","*","109","176","59","61","84","*","515","*","113","181","63","56","81","*","526","*","120","188","61","57","76","*","527","*","118","189","64","60","74","*","540","*","124","193","63","61","78","*","552","*","132","197","63","60","80","*","571","*","138","207","65","62","79","*","567","*","136","209","65","63","73","*","553","*","132","199","67","61","73","*","564","*","133","208","69","60","73","*",
"충청북도","제천시","감소","계","406132","52087","45752","54267","66035","80214","69346","38431","484000","70606","56188","65245","81781","94058","75525","40597","476593","52488","49265","61742","75178","100095","89552","48274","587926","55679","51549","67513","84950","124959","127488","75788","602199","70389","53006","71064","93859","124996","117807","71078","587945","64435","53784","72973","91596","125802","117708","61648","561199","72106","54199","69169","89383","115349","105772","55222","701847","97682","69124","88637","114566","142872","126298","62667","599513","74151","64807","81723","96524","119260","105817","57230","626522","64058","53685","75254","94821","130384","131118","77202","582765","58346","53606","71375","87714","123207","121334","67183","429108","47853","47995","58081","66869","86606","78209","43496","453817","65528","52381","63694","74679","86337","70885","40314","389822","50594","42235","50470","61961","76471","68016","40076","456932","50568","46120","59854","70918","93458","86505","49509","519115","47884","46342","60448","73571","107239","112678","70954","604467","71971","54297","74982","94179","122433","116562","70044","538593","56666","49902","70072","82409","112475","107491","59578","568229","71380","53365","71375","88408","114936","109933","58830","668900","92666","61990","84055","106117","134513","124765","64794","507601","46606","49390","65155","74366","105892","104577","61615","676622","82177","63599","85191","103039","131569","131389","79658","576683","54808","50618","68685","84445","120838","126028","71261","420425","44381","45389","56721","63099","83865","79869","47099","411632","52011","43611","55476","64220","79354","72655","44306","492692","71694","54284","68284","80607","91616","79136","47069","455086","47373","44931","58846","68184","92382","89698","53672",
"충청북도","제천시","감소","주민등록인구","129852","18063","13778","11557","16327","23104","25081","21942","129541","17926","13578","11500","16282","23161","25085","22009","130200","18166","13989","11473","16211","23122","25118","22121","129900","18042","13885","11437","16101","23102","25132","22201","129775","17929","13865","11411","16061","23074","25137","22298","129618","17833","13800","11422","16015","23063","25107","22378","129385","17730","13683","11419","15958","23062","25060","22473","129175","17622","13583","11412","15876","23058","25045","22579","129066","17537","13542","11400","15821","23046","25057","22663","128897","17453","13511","11358","15795","22990","25072","22718","128725","17327","13470","11352","15743","22920","25097","22816","128569","17272","13319","11359","15671","22887","25178","22883","128352","17166","13189","11314","15623","22910","25152","22998","128007","17053","12980","11289","15552","22898","25144","23091","128702","17359","13279","11317","15488","22814","25153","23292","128708","17362","13275","11327","15427","22766","25158","23393","128610","17282","13233","11345","15379","22687","25189","23495","128437","17205","13170","11294","15361","22654","25181","23572","128198","17120","12983","11262","15340","22640","25208","23645","128032","17030","12877","11243","15318","22592","25270","23702","128049","16967","12851","11262","15323","22585","25263","23798","128152","16946","12861","11291","15280","22561","25295","23918","128168","16901","12891","11305","15259","22514","25306","23992","128003","16834","12783","11317","15216","22404","25371","24078","127803","16721","12632","11315","15139","22419","25340","24237","127640","16629","12525","11323","15075","22331","25394","24363","128269","16990","12692","11344","14989","22211","25465","24578",
"충청북도","제천시","감소","체류인구","274021","33849","31210","42143","49428","56884","44076","16431","352205","52503","41855","53178","65215","70674","50249","18531","344068","34142","34490","49669","58681","76748","64244","26095","455671","37461","36871","55464","68555","101632","102160","53528","469983","52259","38302","59026","77500","101701","92474","48721","455693","46366","39086","60844","75263","102514","92408","39213","429142","54129","39596","57036","73110","92060","80517","32695","569986","79839","54605","76496","98372","119584","101056","40033","467692","56373","50286","69600","80378","95985","80559","34510","494673","46296","39085","63168","78700","107155","105844","54425","451029","40693","39014","59294","71647","100041","96031","44309","297551","30247","33537","46021","50882","63480","52829","20556","322470","48029","38062","51666","58734","63192","45530","17258","258825","33219","28122","38461","46080","53349","42669","16926","325079","32776","31655","47818","55099","70422","61153","26156","387225","30087","31868","48394","57806","84246","87323","47502","472670","54267","39859","62898","78455","99526","91177","46489","406772","39015","35484","57953","66670","89591","82113","35946","436643","53816","39133","59291","72683","92062","84531","35125","537451","75186","47853","71980","90413","111681","99305","41033","375776","29161","34963","53054","58656","83064","79123","37755","544678","64744","49152","73072","87373","108762","105898","55677","444859","37435","36164","56616","68825","98087","100526","47206","288709","27056","31019","44633","47515","61222","54306","22956","280034","34758","29362","43381","48707","56701","47125","20001","361306","54567","40142","56184","65165","69057","53551","22638","322981","29869","30528","46735","52833","69937","64051","29028",
"충청북도","제천시","감소","외국인","2259","175","764","567","280","226","189","58","2254","177","755","567","284","223","191","57","2325","180","786","600","286","225","190","58","2355","176","793","612","294","225","196","59","2441","201","839","627","298","221","196","59","2634","236","898","707","318","225","193","57","2672","247","920","714","315","227","195","54","2686","221","936","729","318","230","197","55","2755","241","979","723","325","229","201","57","2952","309","1089","728","326","239","202","59","3011","326","1122","729","324","246","206","58","2988","334","1139","701","316","239","202","57","2995","333","1130","714","322","235","203","58","2990","322","1133","720","329","224","203","59","3151","433","1186","719","331","222","199","61","3182","435","1199","727","338","227","197","59","3187","422","1205","739","345","220","196","60","3384","446","1248","825","378","230","197","60","3388","444","1249","822","385","234","194","60","3417","450","1260","832","386","240","190","59","3776","478","1576","839","387","243","191","62","3792","487","1586","828","386","246","196","63","3656","472","1563","764","361","237","196","63","3713","491","1587","771","368","239","192","65","3795","532","1617","780","374","234","190","68","3746","498","1617","777","367","228","191","68","3836","514","1711","767","362","234","182","66",
"충청북도","보은군","감소","계","138270","14036","11751","14902","21822","31321","28737","15701","182533","23860","18164","21030","30866","39158","32423","17033","179172","16932","14948","18846","29102","41250","38491","19603","210883","18165","15695","20652","31843","48837","48706","26985","227097","25633","15817","23445","36368","51491","48716","25626","206485","18635","15698","21461","32775","49153","45474","23289","177217","19651","15902","18505","28149","40135","36105","18770","228284","30122","19825","26088","36978","48936","44373","21962","244686","30742","20068","27952","39684","53894","48189","24158","333236","26656","17173","29569","46460","77536","86809","49034","283924","21861","17411","25709","41143","67378","72037","38385","141679","12195","11530","14797","21860","32176","31606","17513","154013","19952","13837","18021","24817","33080","28755","15551","128704","14030","11400","12383","19323","27119","27831","16617","162895","15554","13082","16199","25588","36745","35703","20024","195700","16838","13371","19224","28778","44341","46355","26793","231230","24969","17086","23747","35893","50965","49946","28623","201348","18124","13866","20929","31358","46757","45689","24625","187827","20217","16539","20824","29213","41440","38890","20704","219910","26607","18732","25008","34775","47713","44323","22753","196664","18038","13801","18790","29544","45248","45708","25535","337869","32031","22377","32408","46695","73367","83620","47371","294746","20854","16758","26168","40545","68488","77793","44140","137708","10750","10868","13981","20304","31126","32105","18575","129813","12523","9268","13879","19453","28677","29018","16995","183271","24759","17305","21091","30129","37676","33619","18692","172439","15967","12740","16741","26311","38870","39419","22392",
"충청북도","보은군","감소","주민등록인구","30950","2975","1943","1828","2853","5243","7653","8455","30906","2940","1928","1811","2824","5240","7672","8491","30884","2927","1925","1806","2806","5213","7676","8531","30826","2908","1909","1805","2769","5212","7668","8555","30786","2887","1888","1801","2756","5212","7681","8561","30735","2880","1883","1781","2752","5200","7658","8581","30727","2881","1875","1781","2736","5187","7681","8586","30672","2863","1869","1763","2716","5175","7682","8604","30620","2858","1843","1761","2709","5159","7678","8612","30584","2848","1835","1768","2703","5134","7683","8613","30567","2840","1823","1763","2703","5102","7722","8614","30527","2837","1821","1759","2673","5087","7720","8630","30494","2813","1816","1749","2671","5068","7694","8683","30405","2800","1778","1732","2672","5036","7665","8722","30356","2784","1765","1727","2661","4994","7668","8757","30309","2768","1765","1722","2653","4960","7659","8782","30320","2761","1753","1739","2672","4933","7673","8789","30350","2756","1752","1762","2670","4932","7668","8810","30374","2754","1758","1752","2687","4920","7668","8835","30333","2737","1751","1749","2689","4896","7670","8841","30309","2722","1746","1748","2681","4878","7674","8860","30256","2705","1734","1758","2676","4856","7677","8850","30229","2707","1721","1751","2662","4850","7676","8862","30529","2739","1779","1794","2673","4866","7782","8896","30603","2734","1801","1801","2659","4859","7796","8953","30601","2710","1800","1801","2660","4823","7822","8985","30662","2708","1798","1816","2662","4800","7828","9050",
"충청북도","보은군","감소","체류인구","106628","11034","9636","12870","18886","25970","21012","7220","150932","20893","16059","19014","27960","33812","24678","8517","147589","13980","12844","16831","26213","35930","30744","11047","179337","15232","13597","18630","28993","43520","40960","18405","195591","22723","13739","21425","33527","46177","40958","17041","175026","15732","13619","19459","29937","43855","37741","14683","145757","16747","13825","16502","25324","34850","28350","10159","196874","27236","17753","24096","34173","43665","36619","13332","213324","27858","18019","25965","36882","48641","40438","15522","301887","23781","15126","27564","43661","72309","79050","40397","252587","18994","15376","23706","38343","62183","64238","29747","110372","9329","9494","12796","19087","26995","23812","8857","122740","17110","11806","16030","22052","27916","20984","6842","97524","11198","9404","10414","16555","21990","20092","7870","131774","12738","11105","14232","22832","31662","27963","11242","164477","14033","11365","17196","25990","39280","38627","17986","199868","22168","15065","21648","33049","45923","42206","19808","169911","15325","11837","18801","28500","41710","37949","15789","156291","17420","14479","18661","26338","36398","31152","11843","188377","23826","16668","22826","31899","42697","36576","13886","165136","15267","11743","16609","26662","40248","37958","16649","306380","29277","20319","30218","43810","68394","75869","38493","263362","18095","14733","24033","37680","63526","70045","35250","106293","7965","8838","11897","17523","26169","24252","9650","98325","9742","7212","11781","16695","23732","21152","8011","151788","22002","15260","18984","27371","32767","25728","9676","140883","13212","10684","14620","23551","33985","31521","13311",
"충청북도","보은군","감소","외국인","692","27","172","204","83","108","72","26","695","27","177","205","82","106","73","25","699","25","179","209","83","107","71","25","720","25","189","217","81","105","78","25","720","23","190","219","85","102","77","24","724","23","196","221","86","98","75","25","733","23","202","222","89","98","74","25","738","23","203","229","89","96","72","26","742","26","206","226","93","94","73","24","765","27","212","237","96","93","76","24","770","27","212","240","97","93","77","24","780","29","215","242","100","94","74","26","779","29","215","242","94","96","77","26","775","32","218","237","96","93","74","25","765","32","212","240","95","89","72","25","914","37","241","306","135","101","69","25","1042","40","268","360","172","109","67","26","1087","43","277","366","188","115","72","26","1162","43","302","411","188","122","70","26","1200","44","313","433","187","120","77","26","1219","49","312","433","201","122","76","26","1233","49","324","432","209","117","74","28","1155","52","304","384","203","112","72","28","886","46","251","290","108","91","71","29","885","47","255","297","99","86","70","31","882","47","245","306","98","86","69","31","894","47","258","305","98","85","70","31",
"충청북도","옥천군","감소","계","201831","20652","20439","21098","33368","46762","38908","20605","245934","34117","25496","27466","41018","51706","43739","22392","251123","20051","22043","24168","38575","60229","56916","29139","282154","20466","23848","26972","40309","66111","68256","36192","286656","24010","25449","28578","43631","66933","63348","34707","264993","21645","24794","27177","39142","61683","59628","30925","220795","21973","20211","23099","33645","50154","46760","24952","256462","29221","24898","27441","39483","56465","51618","27337","275891","28231","28333","30785","44437","60518","54623","28964","264888","20332","22210","25607","39786","63249","60934","32770","253194","21970","22038","25410","38166","57776","57085","30748","201116","17077","19444","20986","31305","47418","41917","22970","212489","28310","22361","24799","33501","44439","38118","20960","174875","19862","16357","17529","26464","37555","35965","21143","230747","19142","21465","22382","33527","52725","52461","29045","239468","15897","20224","23069","32910","54610","59059","33700","288343","26328","24975","30083","43639","65805","62278","35235","242534","19269","21297","25543","34657","54932","55609","31226","217811","20533","19094","23700","31974","48422","47589","26499","253269","27846","24272","27566","37201","54278","53218","28888","245201","17207","24739","23895","36263","57293","54720","31084","281208","29249","26470","31605","41418","60162","58962","33343","256185","19608","21264","24174","36583","60123","60474","33958","180770","15072","15741","19173","25905","40049","40454","24376","199730","19486","21662","21170","29929","45780","39009","22694","229147","28002","24578","27289","34956","47584","42487","24250","235389","21673","20729","22755","33419","52430","53343","31040",
"충청북도","옥천군","감소","주민등록인구","48863","5533","3738","3181","5542","8576","10859","11434","48778","5481","3707","3173","5507","8547","10884","11479","48754","5470","3691","3159","5452","8546","10894","11542","48673","5432","3680","3146","5421","8519","10937","11538","48596","5418","3667","3144","5381","8500","10920","11566","48586","5403","3665","3131","5387","8498","10891","11611","48521","5370","3647","3123","5377","8489","10880","11635","48422","5361","3631","3108","5359","8442","10873","11648","48390","5344","3629","3110","5345","8412","10868","11682","48332","5325","3603","3094","5349","8384","10848","11729","48294","5303","3602","3096","5328","8370","10857","11738","48204","5266","3592","3077","5297","8333","10864","11775","48119","5258","3537","3074","5235","8344","10852","11819","48083","5225","3479","3069","5238","8342","10863","11867","48218","5220","3487","3087","5238","8333","10887","11966","48364","5231","3487","3116","5220","8363","10926","12021","48362","5198","3486","3122","5208","8357","10941","12050","48373","5198","3461","3143","5212","8362","10946","12051","48399","5182","3457","3164","5192","8380","10927","12097","48410","5178","3440","3162","5181","8381","10940","12128","48373","5158","3419","3163","5169","8382","10919","12163","48340","5156","3384","3158","5172","8358","10928","12184","48409","5149","3412","3181","5152","8345","10976","12194","49601","5204","3612","3326","5245","8572","11309","12333","50000","5201","3717","3345","5266","8671","11383","12417","50117","5186","3744","3365","5239","8683","11415","12485","50259","5184","3771","3392","5217","8667","11468","12560",
"충청북도","옥천군","감소","체류인구","152004","15082","16440","17623","27700","38066","27961","9133","196179","28599","21527","23990","35379","43044","32766","10874","201343","14542","18076","20677","32986","51568","45934","17558","232256","14991","19859","23425","34674","57464","57231","24612","236788","18548","21460","25011","38032","58298","52339","23100","215122","16198","20801","23624","33530","53049","48647","19274","170922","16546","16210","19542","28035","41526","35786","13276","206708","23803","20895","23915","33903","47894","40649","15650","226178","22836","24333","27261","38866","51980","43660","17242","215199","14927","18232","22100","34211","54739","49990","21000","203618","16584","18065","21937","32642","49288","46133","18968","151669","11718","15487","17538","25846","38970","30959","11152","163133","22963","18447","21363","28110","35982","27169","9098","125560","14555","12492","14104","21070","29099","25007","9233","181180","13837","17569","18885","28104","44270","41477","17038","189566","10571","16288","19478","27445","46110","48038","21637","238376","21035","21019","26456","38173","57307","51242","23144","192501","13971","17353","21873","29170","46429","44571","19133","167747","15257","15144","20012","26506","39901","36569","14358","203220","22583","20337","23885","31751","45763","42185","16716","195172","11958","20813","20214","30824","48778","43708","18877","231215","24003","22572","27935","35975","51673","47942","21116","206261","14369","17353","20548","31203","51661","49406","21720","129724","9778","11647","15419","20464","31364","29053","11999","148293","14196","17467","17388","24475","36999","27535","10233","177586","22731","20362","23475","29526","38789","30983","11719","183556","16409","16463","18860","27963","43642","41785","18434",
"충청북도","옥천군","감소","외국인","964","37","261","294","126","120","88","38","977","37","262","303","132","115","89","39","1026","39","276","332","137","115","88","39","1225","43","309","401","214","128","88","42","1272","44","322","423","218","135","89","41","1285","44","328","422","225","136","90","40","1352","57","354","434","233","139","94","41","1332","57","372","418","221","129","96","39","1323","51","371","414","226","126","95","40","1357","80","375","413","226","126","96","41","1282","83","371","377","196","118","95","42","1243","93","365","371","162","115","94","43","1237","89","377","362","156","113","97","43","1232","82","386","356","156","114","95","43","1349","85","409","410","185","122","97","41","1538","95","449","475","245","137","95","42","1605","95","470","505","258","141","95","41","1660","100","483","527","275","141","92","42","1665","94","493","524","276","141","93","44","1639","85","495","519","269","134","93","44","1656","91","507","518","270","133","93","44","1653","90","514","512","271","131","92","43","1515","90","499","445","228","117","92","44","1445","90","482","428","196","113","92","44","1437","89","478","437","188","110","91","44","1444","85","472","449","191","112","89","46","1574","80","495","503","239","121","90","46",
"충청북도","영동군","감소","계","167492","15244","13354","15238","24949","40400","37574","20733","191788","23492","18788","19854","30368","43222","36281","19784","173041","13239","13161","15834","25776","42397","40050","22583","195447","14288","14041","17221","28328","47830","47399","26340","214010","18198","16189","19653","31816","51819","49151","27184","204814","15423","14945","19073","29892","50042","48927","26511","183021","16754","14749","17961","27458","43038","40357","22704","233184","23601","18249","23529","35054","54031","51358","27363","235657","23931","19999","25061","36323","54305","49095","26944","207910","14450","13982","18439","29871","51604","51354","28210","198000","15933","14321","18167","29406","48314","46348","25510","146593","11984","12413","14102","20974","34059","33084","19977","173599","21463","16270","18619","26402","37967","33423","19456","132314","11488","10716","11944","17796","30886","30762","18723","156541","12020","11909","14677","21552","36921","37263","22200","168388","10832","11828","14604","22591","39911","42362","26259","201755","18549","14673","19166","28996","46534","46506","27330","190767","14417","14062","18132","26662","44848","46087","26558","183718","17638","14329","17809","25911","41703","41620","24708","208386","21405","16696","21034","30051","47439","45501","26261","236682","17581","15581","20893","31353","54117","60759","36398","252115","26498","21359","25951","35549","56296","55189","31273","193221","13832","12978","16760","26672","47080","48089","27809","141062","10488","11181","13643","19354","32712","33055","20629","156974","13857","11823","14443","20833","36123","37505","22389","185834","22625","17689","19677","27240","40105","36607","21892","165360","12048","11765","15143","22597","38989","40172","24646",
"충청북도","영동군","감소","주민등록인구","44120","4510","3272","2631","4354","7858","10253","11242","44004","4482","3226","2605","4331","7856","10250","11254","43975","4446","3215","2604","4312","7828","10287","11283","43909","4413","3221","2600","4277","7811","10301","11286","43883","4389","3216","2581","4262","7808","10306","11321","43848","4358","3198","2585","4246","7829","10285","11347","43792","4334","3190","2590","4224","7792","10299","11363","43767","4330","3160","2581","4222","7755","10308","11411","43680","4306","3115","2585","4203","7722","10307","11442","43638","4299","3096","2571","4180","7719","10305","11468","43597","4274","3094","2561","4175","7696","10323","11474","43551","4257","3086","2579","4138","7651","10371","11469","43504","4249","3058","2593","4101","7660","10329","11514","43353","4207","3021","2567","4056","7629","10322","11551","43217","4164","2981","2546","4039","7557","10281","11649","43142","4145","2955","2538","4006","7518","10302","11678","43089","4134","2934","2539","3992","7493","10282","11715","43050","4119","2934","2517","3984","7486","10274","11736","42947","4094","2913","2523","3941","7458","10267","11751","42869","4072","2879","2520","3917","7432","10278","11771","42819","4058","2872","2522","3885","7413","10275","11794","42796","4039","2864","2528","3868","7401","10276","11820","42740","4030","2863","2535","3825","7372","10283","11832","43032","4049","2942","2602","3837","7377","10351","11874","43136","4049","2947","2628","3835","7377","10383","11917","43043","4019","2884","2624","3809","7350","10408","11949","42974","4005","2844","2607","3770","7326","10411","12011",
"충청북도","영동군","감소","체류인구","122426","10620","9730","12407","20508","32445","27255","9461","146882","18905","15243","17050","25949","35272","25964","8500","128148","8692","9612","13031","21377","34472","29694","11269","150606","9784","10471","14418","23956","39922","37033","15022","169043","13708","12595","16782","27434","43911","38782","15831","159821","10967","11360","16172","25505","42105","38578","15133","138067","12331","11175","15040","23078","35138","29993","11312","188263","19181","14710","20624","30678","46166","40986","15919","190871","19547","16519","22163","31974","46475","38724","15470","163177","10080","10529","15548","25548","43775","40986","16711","153347","11590","10857","15325","25096","40511","35963","14004","102078","7668","8969","11277","16727","26307","22652","8478","129145","17162","12849","15787","22198","30207","23032","7911","88035","7232","7337","9147","13640","23162","20379","7139","112397","7810","8588","11883","17406","29269","26922","10520","124299","6640","8522","11814","18471","32298","32003","14550","157560","14364","11341","16298","24860","38947","36165","15584","146444","10249","10714","15183","22495","37257","35754","14791","139503","13497","11023","14853","21774","34134","31296","12926","164241","17282","13421","18078","25942","39892","35169","14458","192615","13470","12326","17943","27281","46596","50427","24572","208086","22415","18105","22999","31502","48786","44856","19423","149391","9763","9751","13874","22705","39605","37748","15944","97119","6405","7912","10789","15409","25239","22643","8722","112934","9772","8556","11557","16897","28651","27059","10441","141865","18565","14480","16785","23325","32662","26139","9910","121394","8000","8575","12239","18710","31571","29698","12601",
"충청북도","영동군","감소","외국인","946","114","352","200","87","97","66","30","902","105","319","199","88","94","67","30","918","101","334","199","87","97","69","31","932","91","349","203","95","97","65","32","1084","101","378","290","120","100","63","32","1145","98","387","316","141","108","64","31","1162","89","384","331","156","108","65","29","1154","90","379","324","154","110","64","33","1106","78","365","313","146","108","64","32","1095","71","357","320","143","110","63","31","1056","69","370","281","135","107","62","32","964","59","358","246","109","101","61","30","950","52","363","239","103","100","62","31","926","49","358","230","100","95","61","33","927","46","340","248","107","95","60","31","947","47","351","252","114","95","57","31","1106","51","398","329","144","94","59","31","1273","49","414","432","183","105","59","31","1268","47","393","433","196","111","57","31","1276","51","396","436","192","115","54","32","1248","53","383","428","187","108","57","32","1233","44","390","424","179","109","57","30","1090","39","364","351","142","103","58","33","911","34","327","252","108","96","61","33","904","36","320","258","101","95","63","31","926","41","325","268","106","93","60","33","992","43","346","297","117","92","63","34",
"충청북도","괴산군","감소","계","171498","18229","16712","18501","27197","37712","35161","17985","235301","29589","27610","26185","37659","51128","42260","20871","222788","19741","24334","22694","32783","50120","49054","24063","269910","22484","22652","27414","38797","63298","64558","30707","314688","34576","26602","33364","47337","69624","69796","33389","337772","34028","29200","39113","51422","75610","74574","33826","331505","40511","34870","38977","50743","69411","66831","30162","477378","69257","53465","64308","75026","91250","85463","38609","335110","37759","34054","41479","51171","70547","67836","32265","320401","29262","23684","32511","46740","73931","76836","37436","310459","28115","23090","32330","46486","72988","72999","34451","197192","18408","18859","21717","30322","43988","42727","21172","217229","30344","22576","25331","35372","44835","39141","19631","176887","17628","18660","17426","26140","40541","36546","19946","217487","20503","21190","22337","30692","47727","49487","25552","246318","19413","23300","23754","32649","54582","60909","31710","316435","36566","23130","33599","46853","68786","71644","35857","305929","28420","26307","32994","43882","67572","71988","34767","358267","44648","36114","44174","53661","71538","73758","34375","422507","60433","43087","56875","65189","80661","79505","36757","276264","19743","23423","28866","36711","60498","70343","36680","339665","39466","29153","39069","50387","70683","74108","36800","299585","25161","21599","30411","42790","69612","73663","36348","180422","15059","17452","19438","26337","39392","40671","22073","179562","18335","16359","19038","27535","39115","38438","20743","245981","30411","26947","28089","37637","52217","46409","24270","221430","18602","20485","22587","30807","48701","52491","27756",
"충청북도","괴산군","감소","주민등록인구","36438","2869","2139","2026","3291","6566","9844","9703","36381","2848","2136","2023","3277","6552","9834","9711","36319","2831","2084","2011","3255","6557","9804","9777","36264","2822","2053","2010","3222","6540","9818","9799","36196","2804","2033","1993","3184","6523","9806","9853","36165","2795","2007","1985","3175","6513","9783","9907","36095","2774","1981","1966","3159","6485","9799","9931","36023","2756","1955","1943","3146","6469","9797","9957","36021","2757","1983","1931","3127","6451","9796","9976","36006","2755","1985","1916","3127","6418","9803","10002","36072","2754","2042","1916","3132","6381","9811","10036","36252","2780","2097","1933","3141","6354","9878","10069","36115","2754","2061","1916","3112","6314","9843","10115","36051","2740","2018","1919","3073","6292","9844","10165","36010","2757","1993","1911","3055","6222","9840","10232","35925","2740","1982","1899","3026","6194","9844","10240","35965","2749","1994","1908","3008","6170","9853","10283","35968","2745","1983","1929","3022","6158","9832","10299","35848","2715","1948","1925","2981","6157","9802","10320","35808","2679","1942","1901","2966","6161","9826","10333","35675","2666","1892","1886","2947","6131","9820","10333","35627","2637","1883","1881","2916","6106","9827","10377","35618","2641","1869","1892","2908","6069","9819","10420","38293","3018","2341","2207","3273","6508","10320","10626","38166","2967","2318","2181","3235","6443","10340","10682","37774","2854","2249","2120","3185","6339","10306","10721","37532","2799","2157","2116","3120","6265","10278","10797",
"충청북도","괴산군","감소","체류인구","134047","15335","14267","16151","23772","31032","25226","8263","197927","26718","25178","23835","34250","44468","32339","11140","185453","16887","21936","20356","29389","43460","39160","14266","232498","19638","20272","25017","35375","56658","54651","20887","277065","31748","24167","30810","43922","63002","59903","23513","300146","31208","26779","36549","48014","68996","64705","23896","293958","37709","32471","36448","47353","62825","56946","20206","439919","66477","51083","61805","71669","84680","75578","28627","297610","34977","31622","38964","47835","63998","57951","22264","282948","26478","21265","30029","43409","67415","66944","27407","273006","25334","20620","29878","43178","66508","63100","24388","159872","15601","16426","19437","27036","37538","32760","11075","180048","27566","20178","23068","32114","38424","29212","9487","139778","14868","16303","15166","22925","34149","26618","9749","180380","17704","18836","20085","27495","41407","39567","15287","209320","16630","20958","21528","29492","48292","50984","21435","278954","33776","20677","31115","43618","62520","61709","25539","268288","25635","23836","30386","40602","61316","62078","24436","320758","41896","33692","41567","50416","65286","63878","24024","385019","57716","40673","54279","61954","74405","69599","26393","238905","17029","21053","26297","33493","54270","60448","26315","302357","36786","26789","36507","47199","64481","64206","26390","262438","22478","19287","27922","39639","63448","63768","25895","141032","12003","14756","16888","22910","32788","30272","11415","140279","15328","13674","16507","24143","32577","28022","10029","207103","27525","24341","25619","34290","45785","36026","13516","182776","15762","17957","20113","27535","42347","42135","16926",
"충청북도","괴산군","감소","외국인","1013","25","306","324","134","114","91","19","993","23","296","327","132","108","87","20","1016","23","314","327","139","103","90","20","1148","24","327","387","200","100","89","21","1427","24","402","561","231","99","87","23","1461","25","414","579","233","101","86","23","1452","28","418","563","231","101","86","25","1436","24","427","560","211","101","88","25","1479","25","449","584","209","98","89","25","1447","29","434","566","204","98","89","27","1381","27","428","536","176","99","88","27","1068","27","336","347","145","96","89","28","1066","24","337","347","146","97","86","29","1058","20","339","341","142","100","84","32","1097","42","361","341","142","98","80","33","1073","43","360","327","131","96","81","35","1516","41","459","576","227","96","82","35","1673","40","488","679","258","98","78","32","1661","37","474","682","264","95","78","31","1680","38","472","695","269","95","80","31","1684","48","478","683","271","97","75","32","1681","43","481","681","272","96","75","33","1529","42","443","597","243","95","76","33","1097","38","355","343","154","96","79","32","1117","40","367","350","157","95","76","32","1104","32","357","350","162","93","77","33","1122","41","371","358","152","89","78","33",
"충청북도","단양군","감소","계","188805","21889","14724","22630","32449","42821","36791","17501","242369","34008","19797","28542","42554","49612","44561","23296","222936","21969","15532","24749","35581","51102","49588","24414","286825","19938","16304","26673","38758","65746","76386","43019","332753","30711","20074","31850","49217","78435","80515","41951","313391","26184","20786","33629","48344","74817","73507","36124","258130","32413","21118","30315","42045","55993","51596","24650","369038","51513","32982","46434","60979","78582","68243","30305","286577","31132","24158","36030","46032","62263","58721","28240","367500","29460","21077","35031","52325","83907","93753","51947","325779","23352","20587","32146","46639","78171","83601","41284","163902","14226","12145","19638","25077","36711","36514","19590","184574","25736","16467","23358","31248","37706","33372","16687","162137","19498","11299","17928","25781","33636","33909","20086","182789","16672","12369","20521","28555","40715","42150","21806","224459","13742","12526","20346","28497","49581","60889","38879","336116","33282","20507","33782","48892","74983","80050","44620","281348","24234","17379","31267","42539","66051","67209","32669","266062","35023","21088","32704","43733","54946","52672","25896","350437","50166","29103","44304","58315","72417","65918","30215","220215","15561","14863","24313","31416","50217","54496","29349","355921","37918","25306","39303","51991","74459","81945","44999","319454","21639","17414","29710","42456","73931","87507","46797","146823","13218","10903","16987","21893","32772","33054","17994","163887","19495","11933","20052","25776","33690","34358","18584","222061","31778","18034","27753","36125","42047","42048","24276","188321","16298","12443","22170","28649","40451","43794","24517",
"충청북도","단양군","감소","주민등록인구","27680","2616","1777","1694","2676","5102","7155","6660","27655","2604","1766","1682","2663","5105","7159","6676","27620","2590","1748","1682","2657","5061","7169","6713","27628","2571","1750","1689","2625","5071","7183","6739","27572","2549","1732","1679","2619","5056","7180","6757","27566","2544","1714","1679","2614","5051","7179","6785","27530","2528","1709","1677","2609","5034","7168","6805","27502","2521","1705","1672","2606","5017","7171","6810","27448","2505","1693","1672","2587","4985","7188","6818","27427","2498","1690","1677","2566","4971","7179","6846","27425","2502","1677","1677","2559","4965","7178","6867","27352","2488","1666","1662","2532","4922","7202","6880","27293","2456","1655","1639","2536","4902","7199","6906","27183","2432","1608","1623","2519","4876","7194","6931","27137","2422","1589","1626","2496","4836","7178","6990","27086","2402","1588","1623","2483","4801","7179","7010","27098","2393","1604","1624","2474","4789","7181","7033","27061","2394","1590","1612","2484","4757","7179","7045","27035","2391","1573","1597","2480","4747","7186","7061","26986","2356","1563","1611","2457","4722","7199","7078","26943","2340","1559","1607","2442","4700","7197","7098","26914","2336","1569","1608","2436","4674","7197","7094","26873","2329","1562","1598","2426","4646","7203","7109","26812","2304","1557","1595","2396","4633","7214","7113","26788","2284","1563","1587","2384","4617","7203","7150","26711","2262","1547","1580","2356","4574","7223","7169","26644","2245","1524","1569","2341","4541","7230","7194",
"충청북도","단양군","감소","체류인구","160816","19264","12875","20842","29734","37670","29600","10831","214405","31395","17955","26771","39849","44459","37366","16611","194994","19370","13702","22973","32880","45993","42383","17692","258877","17358","14471","24889","36090","60629","69168","36271","304793","28153","18249","30052","46524","73330","73301","35184","285360","23631","18965","31795","45627","69719","66294","29329","230013","29874","19274","28445","39289","50904","44392","17835","340941","48978","31136","44568","58225","73511","61038","23485","258536","28611","22326","34168","43295","57223","51501","21411","339492","26945","19255","33167","49614","78880","86541","45090","297913","20834","18806","30324","43993","73164","76390","34403","136190","11720","10387","17865","22489","31753","29279","12696","156934","23261","14726","21611","28661","32768","26139","9768","134607","17047","9603","16197","23211","28724","26683","13142","155283","14228","10678","18786","26007","35840","34940","14803","196989","11315","10832","18609","25958","44741","53678","31857","308630","30864","18795","32043","46361","70155","72838","37574","253775","21815","15665","29499","39942","61245","59998","25611","238303","32606","19334","30877","41078","50134","45453","18821","322692","47783","27349","42459","55667","67626","58686","23123","192515","13193","13110","22481","28782","45447","47265","22237","328281","35555","23554","37481","49370","69717","74713","37891","291987","19285","15685","27930","39902","69243","80269","39673","119551","10888","9211","15258","19418","28101","25807","10866","136660","17184","10243","18343","23317","29034","27122","11418","194934","29489","16369","26053","33703","37437","34792","17091","161264","14025","10804","20480","26245","35874","36531","17306",
"충청북도","단양군","감소","외국인","309","9","72","94","39","49","36","10","309","9","76","89","42","48","36","9","322","9","82","94","44","48","36","9","320","9","83","95","43","46","35","9","388","9","93","119","74","49","34","10","465","9","107","155","103","47","34","10","587","11","135","193","147","55","36","10","595","14","141","194","148","54","34","10","593","16","139","190","150","55","32","11","581","17","132","187","145","56","33","11","441","16","104","145","87","42","33","14","360","18","92","111","56","36","33","14","347","19","86","108","51","36","34","13","347","19","88","108","51","36","32","13","369","22","102","109","52","39","32","13","384","25","106","114","56","39","32","12","388","25","108","115","57","39","31","13","512","25","124","156","113","49","32","13","724","26","181","230","175","65","33","14","759","27","191","234","191","69","33","14","757","28","194","225","192","70","34","14","726","27","183","214","185","68","35","14","594","25","167","182","128","42","35","15","460","26","135","134","79","38","33","15","439","27","127","122","75","39","33","16","416","27","118","120","66","36","33","16","413","28","115","121","63","36","33","17",
"충청남도","공주시","감소","계","505940","56918","57554","65747","86175","108163","87395","43987","577424","74899","68252","72970","101129","121750","92675","45750","582763","55623","62242","74137","100103","130488","107252","52918","693847","67567","65472","86223","114114","153448","135366","71657","690818","77913","68616","87115","118256","149868","124526","64523","709215","65707","67387","89000","119450","164347","137628","65697","606283","70005","65931","79896","102309","129064","105622","53455","702930","86364","78184","95877","119403","145875","118737","58491","739252","88854","78608","100522","126925","151883","126630","65830","780261","86948","73053","98211","129403","166522","149433","76691","688658","63118","68511","85293","114726","153270","134647","69095","513778","47820","59731","65528","83686","111971","95652","49391","590186","80428","73163","82068","99385","115394","92546","47203","487875","51737","55235","58861","79402","104545","90330","47765","592124","54923","64269","73990","96856","130155","113855","58076","664644","52506","62984","80575","105848","147290","138401","77040","755687","85521","77430","97493","124769","157173","139190","74111","687882","60036","68354","86278","110771","154247","138126","70070","641614","71988","69300","84848","105841","134121","115473","60043","712344","83279","80288","97144","117467","147524","123874","62768","633761","53644","62475","82020","104131","137392","124885","69214","881732","114243","87007","118804","149417","174559","154995","82706","722531","62540","69739","87609","115311","160082","148629","78619","529478","46455","62146","67643","83466","113362","101774","54632","514704","54101","57667","65801","83379","108830","93987","50940","665320","87154","78145","94152","111283","131380","106881","56326","605060","52667","62291","77513","97808","131151","118821","64810",
"충청남도","공주시","감소","주민등록인구","101906","12246","10824","8310","11886","17122","20706","20812","101772","12235","10638","8289","11903","17139","20719","20849","102138","12459","10702","8324","11826","17145","20767","20915","102098","12445","10690","8316","11761","17128","20797","20961","102103","12422","10733","8328","11720","17092","20772","21036","102045","12365","10721","8346","11679","17052","20758","21124","101930","12297","10691","8325","11648","17005","20759","21205","101786","12236","10625","8315","11632","16957","20768","21253","101695","12186","10654","8325","11553","16929","20776","21272","101579","12098","10673","8283","11513","16888","20813","21311","101441","12001","10635","8289","11490","16824","20816","21386","101285","11885","10626","8303","11405","16770","20841","21455","101068","11753","10576","8246","11347","16723","20852","21571","100690","11671","10393","8150","11335","16615","20867","21659","100888","11847","10434","8149","11277","16510","20832","21839","100818","11821","10400","8145","11231","16464","20810","21947","100793","11804","10396","8118","11200","16429","20802","22044","100714","11762","10365","8087","11202","16403","20804","22091","100605","11677","10316","8076","11141","16413","20829","22153","100488","11583","10302","8058","11089","16381","20800","22275","100449","11521","10320","8063","11075","16334","20773","22363","100379","11476","10314","8076","11068","16279","20707","22459","100240","11388","10305","8063","11023","16257","20678","22526","99979","11262","10257","8035","10975","16224","20670","22556","99730","11189","10109","8017","10924","16232","20618","22641","99551","11132","9996","7966","10899","16210","20623","22725","99843","11372","10067","7935","10833","16189","20594","22853",
"충청남도","공주시","감소","체류인구","401651","44543","45910","56756","74017","90786","66541","23097","473322","62546","56811","64019","88959","104359","71807","24822","478208","43030","50709","65118","88001","113093","86337","31920","589190","54984","53922","77159","102033","136066","114416","50610","586028","65349","56987","77984","106188","132522","103597","43400","604426","53201","55765","79833","107394","147035","116714","44485","501581","57567","54332","70752","90266","111798","84705","32160","598389","73993","66671","86741","107373","128656","97809","37147","634712","76513","67032","91355","114955","134698","105692","44467","675709","74696","61410","89031","117452","149379","128453","55288","584276","50965","56896","76113","102827","136195","113666","47616","409584","35749","48130","56363","71904","94949","74648","27842","486275","68501","61638","72960","87693","98422","71525","25537","384409","39906","43920","49853","67738","87683","69298","26011","488415","42892","52912","64977","85227","113405","92858","36144","560840","40497","51609","71521","94216","130570","117427","55000","651641","73532","65988","88356","113092","140473","118225","51975","583853","48097","56929","77139","99076","137566","117158","47888","537689","60134","57915","75731","94201","117435","94481","37792","608576","71523","68921","88063","105893","130871","102911","40394","529986","41957","51069","72919","92558","120784","103942","46757","777891","102592","75563","109635","137821","158011","134115","60153","618921","50957","58322","78478","103805","143577","127780","56000","426203","34982","50809","58575","72016","96901","80934","31986","411760","42704","46519","56769","72002","92357","73200","28210","562647","75822","67157","85193","99940","114938","86089","33509","502026","41082","51206","68565","86514","114735","98057","41868",
"충청남도","공주시","감소","외국인","2383","129","820","681","272","255","148","78","2330","118","803","662","267","252","149","79","2417","134","831","695","276","250","148","83","2559","138","860","748","320","254","153","86","2687","142","896","803","348","254","157","87","2744","141","901","821","377","260","156","88","2772","141","908","819","395","261","158","90","2755","135","888","821","398","262","160","91","2845","155","922","842","417","256","162","91","2973","154","970","897","438","255","167","92","2941","152","980","891","409","251","165","93","2909","186","975","862","377","252","163","94","2843","174","949","862","345","249","169","95","2776","160","922","858","329","247","165","95","2821","184","923","864","352","240","165","93","2986","188","975","909","401","256","164","93","3253","185","1046","1019","477","271","163","92","3315","177","1060","1052","493","278","164","91","3320","177","1069","1041","499","273","163","98","3280","173","1065","1023","485","272","163","99","3326","166","1086","1038","498","274","170","94","3462","175","1130","1093","528","269","173","94","3370","195","1112","1068","483","248","171","93","3296","211","1080","1033","475","237","170","90","3214","208","1039","1015","453","241","169","89","3122","200","992","993","444","232","169","92","3191","213","1018","1013","461","227","170","89",
"충청남도","보령시","감소","계","478194","61961","57278","60714","80714","96011","79410","42106","520942","84475","66752","65342","91528","96549","74784","41513","533649","63001","62887","65119","88970","105459","95049","53163","621598","58538","60191","72539","100794","125537","124339","79661","652298","77684","74344","82596","113005","126880","110518","67273","647628","76939","76929","88690","115377","126216","106399","57077","612829","89425","85310","86829","105894","110069","87678","47624","834245","133067","118615","119898","148336","145319","111817","57194","765452","90053","88344","112969","155426","151745","110356","56559","734500","71207","65515","94863","143564","157440","129168","72744","616890","61580","60202","77409","112086","131792","112367","61453","504966","53864","57710","67081","84579","104252","89480","48000","517914","76858","64502","68606","87939","99500","78465","42044","419014","60776","49777","49378","67894","80163","69905","41122","529184","64968","59939","65125","85313","103021","96066","54752","554115","47771","52081","63086","86288","112630","116359","75900","707140","92306","75403","90695","123713","135048","118423","71552","599540","68741","66973","81556","104848","116501","102720","58202","615498","88458","80319","89103","106724","109713","90429","50753","805543","128695","107893","117022","139920","140091","113258","58664","629429","51794","59264","88084","127697","135059","108301","59230","805124","97567","78378","107250","152879","162137","131186","75727","604868","55482","53155","71551","107852","131172","117900","67755","464506","48306","47940","58369","75295","96512","87228","50857","463543","58237","49765","57366","75040","93765","82083","47287","514643","82742","60408","66344","87382","95785","76432","45549","480882","56981","51470","59113","76903","93689","87264","55462",
"충청남도","보령시","감소","주민등록인구","95564","12371","7929","7993","12416","16401","18755","19699","95260","12243","7819","7896","12359","16409","18784","19750","94994","12165","7725","7868","12280","16360","18776","19820","94887","12106","7685","7848","12209","16393","18771","19875","94796","12068","7642","7825","12132","16391","18778","19960","94655","12001","7612","7800","12076","16401","18727","20038","94482","11918","7563","7771","12025","16390","18715","20100","94350","11881","7508","7757","11965","16322","18768","20149","94191","11805","7483","7705","11902","16287","18794","20215","94021","11724","7455","7694","11827","16252","18810","20259","93914","11687","7432","7685","11797","16207","18811","20295","93780","11658","7400","7708","11710","16156","18829","20319","93575","11600","7359","7633","11654","16124","18816","20389","93263","11479","7264","7528","11628","16068","18817","20479","93065","11390","7213","7511","11568","15977","18747","20659","92958","11331","7189","7517","11518","15933","18739","20731","92837","11289","7170","7497","11459","15905","18714","20803","92746","11255","7124","7496","11449","15875","18710","20837","92663","11231","7086","7481","11401","15888","18700","20876","92524","11176","7049","7440","11343","15884","18704","20928","92431","11129","7056","7452","11293","15853","18637","21011","92335","11089","7043","7420","11267","15823","18605","21088","92215","11057","7008","7424","11209","15817","18564","21136","92117","11021","6972","7460","11118","15817","18547","21182","91882","10939","6896","7440","11024","15852","18478","21253","91621","10844","6816","7378","10982","15802","18448","21351","91434","10750","6770","7364","10921","15749","18387","21493",
"충청남도","보령시","감소","체류인구","379144","49392","48047","51589","67926","79360","60491","22339","422220","72034","57637","56310","78815","79897","55832","21696","435108","50642","53819","56075","76335","88855","76107","33274","523014","46183","51070","63510","88227","108905","105402","59718","553797","65390","65263","73569","100519","110247","91570","47241","549219","64715","67848","79677","102940","109575","87499","36964","514508","77273","76246","77808","93505","93437","68790","27449","736046","120970","109590","110868","136021","128753","92874","36971","667197","78044","79284","103885","143116","135211","91386","36271","636245","59249","56418","85755","131292","140939","110181","52412","518736","49669","51082","68333","99857","115336","93377","41081","407104","41999","48651","58058","72476","87848","70469","27603","420331","65032","55502","59706","75918","83134","59464","21575","321711","49078","40848","40574","55894","63851","50906","20561","432116","53382","51087","56320","73367","86807","77143","34010","457059","36224","43208","54246","74384","96463","97448","55086","610204","80787","66604","81831","111860","118912","99544","50666","502625","57261","58172","72675","92998","100392","83845","37283","518648","77011","71559","80214","94913","93591","71567","29794","708861","117312","99205","108152","128171","123973","94393","37655","532852","40474","50596","79167","116003","118975","89498","38139","708400","86280","69687","98249","141129","146081","112415","54559","508287","44238","44501","62544","96168","115128","99168","46539","368072","37092","39321","49347","63733","80473","68513","29594","367393","47109","41249","48371","63592","77684","63432","25956","418950","71709","52077","57474","75999","79762","57808","24120","385380","46046","43186","50255","65580","77722","68702","33889",
"충청남도","보령시","감소","외국인","3486","198","1302","1132","372","250","164","68","3462","198","1296","1136","354","243","168","67","3547","194","1343","1176","355","244","166","69","3697","249","1436","1181","358","239","166","68","3705","226","1439","1202","354","242","170","72","3754","223","1469","1213","361","240","173","75","3839","234","1501","1250","364","242","173","75","3849","216","1517","1273","350","244","175","74","4064","204","1577","1379","408","247","176","73","4234","234","1642","1414","445","249","177","73","4240","224","1688","1391","432","249","179","77","4082","207","1659","1315","393","248","182","78","4008","226","1641","1267","367","242","185","80","4040","219","1665","1276","372","244","182","82","4003","196","1639","1294","378","237","176","83","4098","216","1684","1323","386","234","172","83","4099","230","1629","1367","394","231","165","83","4169","225","1677","1385","401","234","165","82","4187","216","1674","1408","410","234","162","83","4158","207","1639","1430","406","234","161","81","4146","191","1612","1465","401","231","166","80","4389","198","1648","1581","483","233","166","80","4366","187","1646","1583","475","227","168","80","4317","193","1647","1562","444","222","168","81","4268","189","1620","1555","424","229","173","78","4072","189","1515","1492","401","221","176","78","4068","185","1514","1494","402","218","175","80",
"충청남도","논산시","감소","계","410389","51683","53897","45272","65029","86423","66413","41672","496669","74334","67343","56150","81710","100781","72315","44036","569985","73475","77908","74397","89703","110961","89940","53601","513392","58826","62745","54631","79154","111029","90088","56920","518848","61556","63368","56948","82479","111977","87705","54815","482145","52976","58465","55004","76089","104779","83415","51418","462991","59883","61067","50790","72637","97693","73935","46986","494045","69876","62772","57311","78407","99429","77911","48339","516461","66019","67237","61024","82654","105380","82660","51487","508371","52278","60431","54858","76757","107970","94125","61952","487556","50723","58089","53237","75826","104359","88610","56713","416437","44851","53700","47663","64075","87054","73068","46027","446167","64422","57364","54827","71219","87576","67929","42830","398016","51456","51383","42394","60318","82777","65549","44139","545599","67375","76025","69009","83368","108322","86873","54627","484761","51970","61925","50906","70668","103166","87537","58589","524590","62901","62524","58184","81832","110899","90308","57941","471134","49567","60427","51317","71682","101683","83014","53444","460361","58292","61778","50300","70287","95820","74671","49212","490283","65976","61801","54881","76102","100068","79775","51680","440751","42663","53784","46551","66541","95000","81370","54843","564530","70556","67709","65248","86675","113055","96519","64767","471836","45973","53166","51251","69778","99243","90638","61788","401340","41400","47394","46196","60274","83961","72778","49336","407840","50708","50637","46343","61492","83377","68520","46763","492887","70590","65651","58119","76588","98347","74628","48965","578509","70248","76392","74213","89244","115190","93126","60097",
"충청남도","논산시","감소","주민등록인구","110336","14421","9627","9265","13396","18707","21760","23160","110051","14287","9519","9197","13353","18697","21779","23219","109865","14190","9426","9198","13257","18695","21805","23294","109766","14146","9388","9199","13160","18716","21799","23358","109562","14055","9319","9217","13073","18682","21774","23442","109413","14020","9232","9188","13026","18683","21734","23530","109197","13971","9160","9183","12955","18624","21733","23571","109030","13908","9076","9186","12930","18564","21736","23630","108883","13865","9043","9159","12884","18522","21731","23679","108758","13808","9016","9170","12845","18462","21753","23704","108658","13779","8974","9162","12806","18416","21770","23751","108529","13713","8938","9185","12689","18409","21781","23814","108302","13615","8928","9141","12610","18401","21729","23878","108046","13497","8833","9155","12548","18370","21688","23955","107821","13390","8775","9128","12490","18304","21616","24118","107750","13364","8746","9116","12467","18272","21593","24192","107607","13290","8746","9108","12411","18203","21572","24277","107525","13240","8686","9114","12371","18206","21543","24365","107406","13196","8662","9092","12303","18208","21521","24424","107271","13154","8574","9118","12260","18176","21499","24490","107103","13116","8513","9103","12238","18087","21509","24537","106983","13071","8486","9099","12201","18024","21515","24587","106919","13031","8480","9096","12150","17998","21503","24661","106777","12980","8458","9065","12116","17963","21499","24696","106615","12932","8370","9061","12055","17994","21425","24778","106522","12901","8315","8989","12004","18008","21419","24886","106295","12803","8274","8974","11947","17901","21382","25014",
"충청남도","논산시","감소","체류인구","294907","36944","42217","34467","51126","67340","44377","18436","381440","59731","55751","45401","67843","81717","50260","20737","454838","58985","66383","63592","75895","91903","67856","30224","398066","44365","51169","43720","65380","91943","68008","33482","403357","47069","51744","45941","68743","92913","65652","31295","366767","38523","46906","44026","62397","85712","61397","27807","347757","45478","49540","39782","59023","78683","51921","23330","378884","55544","51250","46289","64811","80471","55894","24625","401418","51737","55735","50016","69088","86467","60649","27726","393474","38059","48976","43847","63223","89116","72088","38165","372830","36536","46674","42239","62380","85564","66560","32878","301840","30717","42298","36649","50758","68284","51003","22132","331774","50392","45962","43843","57985","68809","45912","18871","283824","37554","40042","31377","47140","64041","43565","20105","431526","53587","64716","57965","70217","89652","64961","30428","370438","38124","50524","39813","57492","84520","65652","34313","410300","49127","51091","47052","68691","92313","68444","33581","356791","35820","49020","40128","58544","83099","61180","29000","346187","44604","50393","39158","57223","77239","52859","24710","376199","52329","50516","43686","63054","81516","57992","27106","326810","29064","42559","35367","53481","76540","59580","30220","450490","56956","56352","54045","73656","94655","74732","40093","357868","32426","41769","40055","56843","80874","68863","37039","287449","27892","35966","35018","47385","65622","51014","24551","293943","37249","39193","35118","48658","65001","46829","21895","379126","57182","54300","46938","63811","79959","52950","23987","464802","56905","65030","62994","76486","96910","71488","34990",
"충청남도","논산시","감소","외국인","5146","318","2053","1540","507","376","276","76","5178","316","2073","1552","514","367","276","80","5282","300","2099","1607","551","363","279","83","5560","315","2188","1712","614","370","281","80","5929","432","2305","1790","663","382","279","78","5965","433","2327","1790","666","384","284","81","6037","434","2367","1825","659","386","281","85","6131","424","2446","1836","666","394","281","84","6160","417","2459","1849","682","391","280","82","6139","411","2439","1841","689","392","284","83","6068","408","2441","1836","640","379","280","84","6068","421","2464","1829","628","361","284","81","6091","415","2474","1843","624","366","288","81","6146","405","2508","1862","630","366","296","79","6252","398","2534","1916","661","366","296","81","6573","482","2655","1977","709","374","292","84","6683","484","2687","2024","730","383","292","83","6818","507","2721","2075","767","378","291","79","6768","492","2723","2050","761","373","291","78","6813","493","2711","2077","788","376","284","84","6838","483","2712","2081","822","373","281","86","7057","529","2871","2104","818","376","272","87","7049","516","2917","2100","785","371","272","88","7114","528","2970","2113","773","376","265","89","7282","527","3074","2164","779","382","266","90","7239","507","3036","2192","773","380","259","92","7412","540","3088","2245","811","379","256","93",
"충청남도","금산군","감소","계","220524","22751","19783","21911","33332","49375","45549","27823","258938","34318","26510","27505","41570","55676","46542","26817","262898","23514","21644","24179","38236","58966","57627","38732","288014","21906","19795","25105","39679","64005","69060","48465","290322","29028","22094","28171","43517","62852","61899","42761","287951","25537","23122","28546","41852","63021","62841","43032","272379","30288","22637","27195","39854","58197","57255","36952","315925","39212","30790","35161","47213","65161","61206","37181","304900","33084","28813","33046","46301","64781","60877","37997","379278","28785","24095","32338","48123","77708","94057","74171","287842","23098","21168","25961","40094","61472","65644","50405","209501","18061","18860","21692","30861","45719","44636","29673","227785","31403","22983","25426","35468","47327","40376","24802","187798","19217","16778","17900","27165","40481","39816","26440","252339","21307","20811","23548","34997","54611","56510","40554","261801","17944","18626","23656","35305","56882","63039","46349","297723","29987","23511","29651","42359","62511","63963","45741","272051","22599","21205","27195","38058","57988","61688","43319","272564","30201","22571","28120","38809","55769","58330","38765","300881","35455","27004","33051","43022","61142","61867","39340","323023","20748","21167","27902","40819","66750","83016","62621","330330","36116","28860","34594","46036","66650","67632","50442","284255","21479","19907","25186","38428","59635","67101","52520","206910","17826","17842","21094","29255","43736","45431","31726","213468","23846","18436","22166","30519","44713","43903","29886","251174","33121","25409","27836","37439","51177","46373","29818","250290","20532","19366","22369","32962","52554","58159","44347",
"충청남도","금산군","감소","주민등록인구","50025","5916","3364","3115","5475","8822","11080","12253","49948","5897","3321","3081","5455","8816","11093","12285","50129","6000","3392","3093","5410","8807","11088","12339","50069","5980","3358","3086","5384","8800","11091","12370","50006","5949","3342","3087","5353","8809","11083","12383","49973","5924","3329","3101","5321","8808","11079","12411","49928","5895","3337","3095","5288","8777","11078","12458","49821","5861","3275","3095","5259","8766","11067","12498","49737","5839","3258","3089","5229","8717","11080","12525","49663","5811","3248","3078","5216","8696","11059","12555","49622","5788","3255","3071","5201","8673","11059","12575","49615","5772","3282","3067","5165","8654","11064","12611","49442","5696","3253","3028","5122","8644","11056","12643","49288","5632","3193","2997","5099","8621","11073","12673","49376","5718","3184","2990","5085","8564","11055","12780","49410","5725","3224","2995","5061","8528","11074","12803","49384","5687","3227","3004","5022","8533","11083","12828","49340","5662","3211","2995","5019","8516","11093","12844","49266","5626","3164","2993","4998","8496","11121","12868","49147","5588","3145","2971","4959","8483","11116","12885","49096","5565","3152","2950","4949","8472","11103","12905","49014","5536","3154","2944","4933","8440","11073","12934","48969","5519","3143","2939","4930","8402","11069","12967","48898","5477","3126","2941","4903","8390","11072","12989","48804","5432","3108","2937","4863","8387","11059","13018","48741","5384","3087","2925","4848","8360","11114","13023","48853","5430","3075","2924","4832","8350","11144","13098",
"충청남도","금산군","감소","체류인구","167889","16719","15120","18148","27628","40384","34356","15534","206455","28313","21935","23782","35899","46691","35338","14497","210258","17406","17030","20424","32620","49994","46427","26357","235334","15809","15186","21326","34064","55039","57853","36058","237547","22960","17489","24319","37856","53881","50702","30340","235006","19494","18490","24589","36164","54036","51650","30583","219293","24259","17930","23185","34162","49240","46059","24457","262914","33223","26161","31116","41541","56205","50022","24645","251842","27092","24122","29001","40640","55873","49678","25435","326271","22790","19418","28282","42497","68826","82880","61577","234961","17131","16471","21950","34525","52622","54472","37790","156800","12084","14160","17764","25406","36905","33459","17023","175399","25503","18337","21595","30099","38535","29211","12119","135628","13405","12207","14116","21827","31713","28632","13727","200038","15407","16228","19757","29665","45902","45343","27735","209216","11996","13949","19780","29932","48197","51857","33505","245006","24084","18808","25684","36975","53809","52773","32873","219216","16718","16481","23170","32630","49293","50490","30435","219740","24352","17888","24061","33393","47085","47103","25859","248116","29653","22326","28988","37619","52468","50645","26417","270196","14956","16418","23830","35425","58084","71809","49674","277666","30357","24171","30532","40670","58017","56453","37466","231832","15737","15248","21218","33124","51066","55927","39513","154771","12125","13236","17224","24044","35191","34252","18699","161487","18201","13857","18314","25374","36175","32737","16830","199292","27540","20883","23977","32305","42678","35150","16758","198192","14858","14821","18496","27842","44064","46898","31212",
"충청남도","금산군","감소","외국인","2610","116","1299","648","229","169","113","36","2535","108","1254","642","216","169","111","35","2511","108","1222","662","206","165","112","36","2611","117","1251","693","231","166","116","37","2769","119","1263","765","308","162","114","38","2972","119","1303","856","367","177","112","38","3158","134","1370","915","404","180","118","37","3190","128","1354","950","413","190","117","38","3321","153","1433","956","432","191","119","37","3344","184","1429","978","410","186","118","39","3259","179","1442","940","368","177","113","40","3086","205","1418","861","290","160","113","39","2944","204","1393","803","247","148","109","40","2882","180","1378","787","239","147","111","40","2925","182","1399","801","247","145","112","39","3175","223","1453","881","312","157","108","41","3333","216","1476","963","362","169","107","40","3495","219","1513","1030","409","179","105","40","3558","223","1519","1066","418","188","106","38","3618","214","1533","1092","444","191","106","38","3731","227","1597","1122","445","194","104","42","3650","223","1535","1118","433","193","106","42","3454","223","1516","1029","374","167","105","40","3241","224","1480","929","308","155","107","38","3177","213","1471","915","282","151","107","38","3141","197","1439","934","286","139","109","37","3245","244","1470","949","288","140","117","37",
"충청남도","부여군","감소","계","215492","27729","18072","26706","36520","42545","37761","26159","298054","48609","28691","37282","54985","56787","43745","27956","268108","32316","20688","31297","46654","55655","49539","31959","303834","34929","20586","33808","49226","63052","61058","41175","315851","40649","22033","36354","54754","65349","58138","38574","295271","31558","21555","34733","49427","62726","58102","37171","284770","30189","21513","32392","45030","60892","58229","36525","281881","35946","22520","35501","48322","56797","50842","31953","358676","51237","31685","46004","61068","68229","61666","38787","365831","49739","23255","42405","60117","70722","71660","47933","316645","35542","22814","37205","52867","64988","62422","40808","223359","24336","17636","27252","36633","45764","42801","28936","262463","41712","25186","33577","45022","48867","40717","27382","204714","26974","16047","24104","33552","38848","37467","27721","255978","28462","18975","30796","42592","52795","49437","32921","287899","28258","19435","32227","44465","60483","61397","41634","342625","45614","23807","40348","58178","68366","64070","42243","294931","30918","21032","36474","48437","60526","59060","38483","294281","32967","21930","34398","46463","60527","60003","37992","286648","37609","20993","36335","48704","57612","52461","32934","274412","24724","18616","31871","43187","58048","58178","39788","464774","75029","36140","60049","84814","84178","76637","47928","327830","35134","21722","37868","54319","68148","67223","43415","225577","23567","17340","27629","37134","46292","43574","30039","216746","28047","17167","27072","35922","40930","39284","28325","300805","49116","27822","39127","53202","55494","45688","30355","253037","25235","18165","29543","41704","52960","50614","34817",
"충청남도","부여군","감소","주민등록인구","60869","6173","4295","3622","6054","9763","13829","17133","60731","6135","4225","3603","6036","9731","13863","17138","60561","6077","4175","3578","5978","9717","13824","17212","60408","6051","4126","3580","5928","9667","13821","17235","60245","6027","4079","3568","5904","9616","13806","17245","60156","6010","4077","3550","5901","9597","13753","17268","60039","5977","4043","3532","5858","9576","13770","17283","59948","5955","3998","3548","5817","9547","13764","17319","59823","5921","3943","3539","5792","9494","13788","17346","59727","5894","3939","3520","5776","9453","13776","17369","59638","5844","3931","3524","5756","9408","13769","17406","59550","5827","3906","3531","5703","9388","13762","17433","59484","5803","3869","3530","5673","9371","13748","17490","59294","5754","3796","3496","5674","9332","13757","17485","59215","5722","3795","3503","5638","9268","13699","17590","59110","5692","3770","3479","5626","9240","13669","17634","58982","5670","3748","3445","5599","9209","13650","17661","58874","5636","3742","3440","5590","9161","13639","17666","58797","5610","3714","3428","5537","9185","13621","17702","58712","5589","3667","3438","5511","9166","13600","17741","58638","5560","3641","3431","5490","9131","13581","17804","58529","5520","3657","3435","5465","9101","13529","17822","58477","5494","3657","3438","5457","9087","13508","17836","58377","5484","3634","3449","5402","9078","13477","17853","58223","5416","3578","3441","5368","9074","13411","17935","58036","5346","3524","3373","5358","9084","13358","17993","57984","5329","3500","3376","5334","9077","13286","18082",
"충청남도","부여군","감소","체류인구","153002","21528","13253","22467","30269","32654","23842","8989","235689","42443","23939","33057","48747","46930","29794","10780","205888","26208","15983","27086","40469","45808","35625","14709","241736","28849","15927","29583","43076","53256","47143","23902","253830","34591","17386","32103","48616","55601","44241","21292","233264","25517","16888","30461","43280","52997","44260","19862","222881","24183","16881","28132","38934","51182","44368","19201","220069","29963","17924","31216","42260","47118","36995","14593","296959","45287","27129","41729","55019","58602","47794","21399","304181","43817","18683","38139","54085","61133","57799","30525","255077","29672","18242","32935","46857","55440","48568","23364","161984","18485","13108","23037","30698","36236","28953","11466","201239","35887","20722","29410","39126","39360","26880","9854","143705","21198","11675","19974","27652","29387","23621","10197","195018","22716","14582","26646","36730","43401","35652","15291","227034","22537","15068","28100","38610","51117","47640","23962","281771","39915","19437","36205","52308","59027","50335","24545","234115","25250","16646","32302","42564","51234","45337","20781","233427","27322","17536","30194","40612","51212","46296","20254","225885","31987","16650","32123","42880","48315","38771","15159","213706","19129","14289","27664","37380","48788","44509","21947","404160","69473","31810","55806","79034","74947","63021","30070","267326","29606","17386","33646","48578","58939","53626","25544","165215","18047","13027","23423","31462","37097","30006","12151","156549","22592","12929","22876","30288","31730","25781","10354","240797","43729","23651","35006","47569","46277","32240","12324","192958","19864","14003","25362","36050","43749","37236","16695",
"충청남도","부여군","감소","외국인","1621","28","524","617","197","128","90","37","1634","31","527","622","202","126","88","38","1659","31","530","633","207","130","90","38","1690","29","533","645","222","129","94","38","1776","31","568","683","234","132","91","37","1851","31","590","722","246","132","89","41","1850","29","589","728","238","134","91","41","1864","28","598","737","245","132","83","41","1894","29","613","736","257","133","84","42","1923","28","633","746","256","136","85","39","1930","26","641","746","254","140","85","38","1825","24","622","684","232","140","86","37","1740","22","595","637","223","136","89","38","1715","22","576","634","226","129","89","39","1745","24","598","647","224","126","86","40","1755","29","597","648","229","126","88","38","1872","29","622","698","271","130","85","37","1942","32","644","732","283","131","84","36","2057","35","680","776","314","130","86","36","2051","33","676","774","313","131","90","34","2068","35","686","776","317","129","88","37","2085","36","673","808","315","130","87","36","2027","34","679","784","284","122","89","35","1985","36","679","757","270","117","91","35","1974","39","660","755","266","126","92","36","1972","41","647","748","275","133","90","38","2095","42","662","805","320","134","92","40",
"충청남도","서천군","감소","계","218486","27526","16162","27750","36375","43386","41169","26118","263931","41159","23308","34846","47425","49781","41539","25874","304712","33621","18219","38151","49888","61766","64729","38338","293245","38294","16692","31665","44504","55810","62043","44237","339592","46775","21131","40383","56664","64201","67273","43164","305845","38439","19611","39633","52998","59067","59869","36229","233156","30486","16532","28348","39267","46060","43828","28636","326220","42224","21619","37323","54073","67569","66304","37108","356675","46685","26779","43507","63299","72042","65756","38607","327960","46169","18092","37005","54781","63777","64737","43399","264241","28792","16697","29118","43293","54673","55042","36625","200693","21397","14604","23025","31640","41177","41073","27776","235835","34464","20930","28910","39527","45545","40413","26045","176491","21215","12781","20642","28008","34242","34673","24930","276633","29815","16707","32617","42598","55558","60697","38641","259542","26588","14603","26389","37303","50101","58949","45609","350270","50986","21066","41848","60178","63807","67370","45014","268568","32152","16284","32652","44398","51765","54450","36868","216078","27287","15592","24687","34717","42825","42119","28850","304074","38258","19397","33574","47793","61993","64782","38277","289579","24009","15912","30703","46652","63514","66662","42126","375235","54971","26689","45216","65641","72413","67288","43017","253296","25632","15359","26937","39930","53230","55037","37171","188400","17926","13164","20926","27829","38342","40592","29621","191838","22060","14272","22351","29636","38139","38165","27214","236798","34076","20776","29327","39082","45331","40203","28003","255877","24343","15274","29188","38083","51484","57714","39790",
"충청남도","서천군","감소","주민등록인구","49037","4808","3162","2925","4884","7834","10892","14532","48947","4776","3138","2905","4846","7865","10859","14558","48901","4740","3123","2907","4794","7866","10865","14606","48846","4725","3113","2880","4765","7848","10862","14653","48761","4694","3092","2878","4740","7829","10857","14671","48706","4680","3077","2871","4732","7803","10838","14705","48608","4660","3047","2860","4725","7775","10814","14727","48527","4626","3036","2845","4702","7754","10830","14734","48458","4621","3012","2841","4675","7733","10819","14757","48340","4596","3000","2832","4647","7698","10784","14783","48289","4565","3001","2831","4644","7662","10811","14775","48204","4532","2985","2834","4593","7651","10802","14807","48119","4491","2980","2823","4571","7625","10790","14839","47947","4435","2964","2797","4533","7594","10760","14864","47906","4416","2941","2807","4502","7554","10720","14966","47876","4392","2959","2798","4473","7550","10696","15008","47811","4376","2925","2805","4450","7526","10674","15055","47705","4353","2905","2782","4444","7503","10656","15062","47605","4314","2899","2763","4428","7478","10646","15077","47551","4299","2898","2752","4393","7472","10624","15113","47444","4268","2871","2753","4388","7450","10583","15131","47388","4254","2864","2757","4388","7419","10545","15161","47272","4217","2852","2754","4362","7421","10528","15138","47225","4198","2853","2770","4331","7433","10512","15128","47172","4201","2805","2770","4323","7428","10476","15169","47074","4171","2787","2734","4275","7446","10436","15225","46982","4149","2756","2735","4238","7410","10421","15273",
"충청남도","서천군","감소","체류인구","167927","22700","12436","24200","31338","35460","30223","11570","213471","36363","19623","31313","42425","41822","30628","11298","254292","28863","14534","34625","44935","53808","53814","23713","243014","33552","13039","28244","39613","47868","51133","29565","289453","42066","17501","36959","51806","56279","56366","28475","255755","33744","16007","36205","48146","51169","48980","21505","183139","25811","12954","24915","34417","38191","32960","13892","276234","37581","18042","33877","49235","59723","55419","22357","306664","42044","23217","40008","58467","64215","54881","23832","277996","41552","14513","33486","49969","55981","53899","28596","214226","24206","13057","25561","38477","46914","44177","21833","150716","16843","10958","19456","26857","33431","30219","12951","185908","29952","17284","25326","34760","37825","29571","11189","126770","16763","9149","17102","23288","26556","23863","10049","226962","25382","13103","29069","37913","47910","49928","23657","210036","22180","11010","22914","32688","42455","48205","30584","300791","46593","17504","38349","55570","56186","56646","29942","219179","27783","12740","29166","39791","44170","43741","21789","166765","22954","12047","21212","30120","35254","31421","13756","254778","33940","15840","30091","43228","54425","54107","23147","240292","19720","12349","27175","42075","55965","56028","26979","325829","50698","23076","41603","61024","64894","56695","27839","203898","21395","11706","23285","35326","45709","44462","22015","138874","13709","9466","17176","23209","30806","30033","14475","142383","17840","10628","18610","25026","30609","27641","12028","187483","29882","17174","25635","34531","37781","29719","12761","206665","20164","11713","25498","33575","43970","47244","24500",
"충청남도","서천군","감소","외국인","1522","18","564","625","153","92","54","16","1513","20","547","628","154","94","52","18","1519","18","562","619","159","92","50","19","1385","17","540","541","126","94","48","19","1378","15","538","546","118","93","50","18","1384","15","527","557","120","95","51","19","1409","15","531","573","125","94","54","17","1459","17","541","601","136","92","55","17","1553","20","550","658","157","94","56","18","1624","21","579","687","165","98","54","20","1726","21","639","726","172","97","54","17","1773","22","661","735","190","95","52","18","1808","21","666","761","196","95","52","17","1774","17","668","743","187","92","50","17","1765","17","663","741","183","94","49","18","1630","16","634","677","142","96","48","17","1668","17","637","694","158","95","50","17","1684","16","639","704","163","92","53","17","1708","19","646","712","169","93","52","17","1745","19","659","731","172","96","51","17","1843","21","692","775","189","99","51","16","2018","19","749","856","229","100","48","17","2126","20","801","898","242","100","47","18","2301","19","845","980","289","103","47","18","2283","19","839","971","287","102","48","17","2241","23","815","958","276","104","48","17","2230","30","805","955","270","104","49","17",
"충청남도","청양군","감소","계","188630","32457","18835","28313","31206","31613","29909","16297","170438","25961","16411","19685","27702","34115","29429","17136","138088","12986","9778","12975","20778","31223","31324","19024","158585","14689","10040","13942","22242","35268","38236","24168","152697","17435","10754","14685","23084","33730","32971","20039","141723","14807","9650","13752","20679","32007","31782","19045","119934","13121","9409","12175","18069","26326","25209","15625","150606","17456","11233","15490","23046","33167","31845","18368","175462","21972","14868","18545","27025","37054","34773","21225","142692","12929","9507","13802","20725","32045","33157","20526","145896","15245","9863","14231","22485","32181","32098","19794","123027","13910","9913","14621","18476","25181","24947","15979","184597","35403","17648","26338","31297","30421","27551","15939","126894","17796","10310","14560","19212","23452","25356","16209","123251","11617","9062","11667","17363","26686","28301","18554","142048","11434","9216","13465","19212","30831","34750","23139","156376","17481","11034","15490","23414","32760","34074","22123","130309","12145","9142","13341","18911","28342","29499","18929","122403","13517","9586","12995","18636","25384","25848","16438","138261","18432","10471","15101","20927","28149","28013","17169","142347","11886","9375","13406","19541","30399","35006","22734","167424","21200","13944","17948","24303","34281","33734","22014","146680","13727","9526","13668","20822","31995","34722","22220","123849","10773","8959","13286","17177","25758","28910","18986","167391","28024","12016","21838","26211","28677","31689","18936","178609","29299","16116","21943","27668","31894","31815","19874","135287","12110","8940","12094","17109","27895","33697","23442",
"충청남도","청양군","감소","주민등록인구","30013","2857","2425","1831","2709","4883","6848","8460","30012","2909","2409","1798","2708","4867","6849","8472","30023","2949","2391","1781","2705","4836","6865","8496","29971","2938","2347","1775","2699","4831","6879","8502","29907","2918","2335","1771","2686","4806","6876","8515","29866","2882","2350","1765","2676","4789","6882","8522","29809","2847","2336","1755","2674","4766","6907","8524","29781","2840","2334","1740","2669","4750","6907","8541","29687","2802","2337","1723","2658","4705","6915","8547","29664","2778","2352","1720","2642","4681","6928","8563","29646","2750","2353","1725","2628","4677","6930","8583","29658","2746","2377","1730","2603","4642","6958","8602","29551","2713","2342","1719","2572","4625","6969","8611","29408","2684","2278","1702","2568","4572","6970","8634","29515","2809","2273","1703","2559","4554","6935","8682","29440","2795","2241","1706","2538","4527","6917","8716","29388","2782","2219","1712","2517","4499","6913","8746","29332","2767","2194","1706","2523","4462","6919","8761","29212","2729","2129","1696","2505","4471","6914","8768","29122","2699","2080","1699","2495","4434","6906","8809","29078","2676","2085","1688","2486","4415","6901","8827","29294","2660","2118","1714","2519","4482","6929","8872","29795","2679","2206","1746","2572","4607","7063","8922","29986","2663","2256","1757","2568","4664","7124","8954","29958","2642","2249","1744","2553","4694","7096","8980","29919","2637","2199","1731","2533","4703","7098","9018","30077","2744","2223","1736","2529","4702","7084","9059",
"충청남도","청양군","감소","체류인구","157705","29579","16131","26173","28384","26636","22996","7806","139529","23030","13726","17586","24885","29156","22514","8633","107165","10014","7108","10888","17966","26300","24392","10497","127720","11728","7414","11858","19439","30354","31292","15635","121791","14496","8103","12563","20274","28837","26028","11491","110769","11904","6966","11596","17854","27123","24835","10490","88979","10254","6724","10003","15230","21468","18233","7067","119607","14594","8534","13296","20201","28322","24865","9794","144521","19148","12150","16362","24176","32252","27787","12646","111768","10128","6774","11622","17887","27266","26161","11929","115020","12470","7136","12059","19672","27408","25098","11178","92285","11144","7196","12497","15731","20454","17917","7346","154057","32671","14994","24257","28611","25711","20516","7297","96529","15093","7728","12507","16535","18800","18322","7545","92779","8789","6483","9615","14693","22054","21304","9840","111487","8618","6649","11331","16505","26222","27770","14391","125697","14677","8432","13288","20684","28175","27097","13344","99627","9355","6551","11122","16155","23796","22513","10135","91811","10765","7051","10769","15892","20831","18868","7636","107746","15708","7979","12853","18201","23638","21041","8327","111851","9186","6871","11158","16820","25905","28038","13873","136730","18515","11418","15672","21564","29715","26737","13109","115700","11023","6946","11453","18103","27318","27593","13264","92738","8083","6361","11077","14473","21026","21720","9998","136287","25355","9431","19627","23509","23915","24528","9922","147532","26634","13582","19735","24981","27126","24652","10822","104040","9334","6381","9875","14424","23129","26547","14350",
"충청남도","청양군","감소","외국인","912","21","279","309","113","94","65","31","897","22","276","301","109","92","66","31","900","23","279","306","107","87","67","31","894","23","279","309","104","83","65","31","999","21","316","351","124","87","67","33","1088","21","334","391","149","95","65","33","1146","20","349","417","165","92","69","34","1218","22","365","454","176","95","73","33","1254","22","381","460","191","97","71","32","1260","23","381","460","196","98","68","34","1230","25","374","447","185","96","70","33","1084","20","340","394","142","85","72","31","989","19","312","362","114","85","66","31","957","19","304","351","109","80","64","30","957","19","306","349","111","78","62","32","1121","21","326","428","169","82","63","32","1291","22","383","490","213","86","64","33","1350","23","397","513","233","84","67","33","1380","23","406","530","239","82","66","34","1393","25","412","549","231","77","66","33","1418","24","419","560","235","79","67","34","1400","25","408","562","220","84","68","33","1185","25","374","469","147","70","66","34","1125","27","342","452","136","68","66","34","1146","27","336","467","149","68","65","34","1158","28","335","477","154","65","65","34","1170","32","336","483","156","64","66","33",
"충청남도","예산군","감소","계","420557","55756","39743","55955","70340","81454","74414","42895","490063","78789","49412","63765","84290","91490","78372","43944","440688","45624","36150","56231","72486","92268","88310","49620","452088","42349","32737","54920","70622","94810","96003","60647","461266","52599","36631","58515","75748","92906","88970","55897","440755","50877","35892","60624","74393","88274","82607","48088","384068","53615","33069","50873","65458","74475","67025","39552","441410","65490","41021","62286","76492","82517","72112","41493","464131","59741","45438","65782","78193","89778","79264","45935","476081","49313","35742","60970","76036","96183","96880","60957","448311","44421","35849","56901","73190","93018","90133","54799","399071","42343","34862","52978","64020","79547","77697","47625","446754","67913","44201","61388","75160","82042","72721","43329","373089","51963","34525","47076","60022","69565","67579","42360","403274","41026","33206","50581","63136","82854","82322","50149","409462","31768","29070","47987","61252","86581","92248","60557","466645","50079","37590","58860","74827","94614","92570","58105","398992","37668","31468","50629","63173","83585","81456","51013","384484","50637","32159","51393","65445","74500","68627","41723","429404","64494","35616","58925","74498","79552","72993","43325","382048","37047","29934","49660","61332","77521","77188","49365","533311","69071","45544","70578","87270","102090","97840","60917","450816","44777","32118","55124","70349","92856","95617","59976","372911","37753","29236","47843","57811","74472","75903","49894","386313","50696","31327","50956","62306","73015","71716","46297","468942","72049","45196","63721","78213","84367","76790","48606","400112","40848","30215","49926","61169","81200","83199","53556",
"충청남도","예산군","감소","주민등록인구","78310","8795","5950","6175","8875","13141","16423","18951","78177","8746","5887","6127","8851","13110","16465","18991","77960","8683","5847","6080","8770","13102","16449","19029","78183","8764","5837","6186","8763","13082","16478","19073","78359","8819","5792","6255","8782","13074","16474","19163","78324","8803","5754","6291","8768","13067","16437","19204","78338","8803","5741","6317","8728","13078","16404","19267","78303","8767","5684","6361","8675","13049","16451","19316","78195","8746","5653","6318","8644","13037","16440","19357","78412","8773","5659","6366","8679","13059","16480","19396","78655","8807","5658","6456","8683","13082","16516","19453","78772","8816","5683","6523","8635","13049","16594","19472","78879","8841","5678","6543","8645","13028","16586","19558","78811","8784","5631","6560","8601","12972","16654","19609","78796","8779","5608","6550","8559","12909","16642","19749","78809","8780","5601","6555","8550","12880","16636","19807","78767","8739","5594","6563","8519","12859","16613","19880","78761","8746","5557","6586","8506","12855","16588","19923","78881","8776","5560","6569","8516","12901","16614","19945","78916","8793","5530","6554","8526","12899","16587","20027","78970","8809","5512","6554","8575","12893","16558","20069","78947","8805","5477","6575","8562","12874","16560","20094","78891","8799","5475","6568","8568","12847","16527","20107","78815","8761","5477","6597","8497","12847","16469","20167","78722","8716","5439","6556","8442","12871","16429","20269","78647","8686","5419","6520","8391","12837","16449","20345","78604","8662","5393","6512","8367","12798","16425","20447",
"충청남도","예산군","감소","체류인구","338906","46813","32937","48656","60977","67899","57758","23866","408569","69900","42662","56525","74964","77978","61668","24871","359365","36797","29427","49013","63248","78751","71622","30508","370490","33434","26001","47585","61383","81313","79284","41490","379335","43630","29908","51044","66451","79398","72254","36650","358629","41915","29176","53007","65053","74752","65928","28798","301796","44647","26326","43178","56133","60937","50376","20198","359149","56554","34326","54534","67222","69010","55416","22088","381926","50826","38778","58033","68936","76286","62577","26490","393523","40367","29045","53104","66716","82672","80148","41471","365602","35443","29155","48993","63891","79507","73361","35252","316398","33345","28169","45071","54824","66086","60845","28059","364050","58885","37540","53501","65978","68599","55870","23677","290456","42994","27914","39173","50884","56178","50657","22657","320635","32051","26616","42675","54045","69537","65409","30302","326512","22787","22424","39948","52081","73287","75333","40653","383452","41135","30884","50687","65626","81317","75677","38126","315489","28717","24728","42300","53888","70269","64596","30991","300662","41650","25371","42999","56097","61131","51743","21671","345520","55489","28866","50533","65122","66189","56131","23189","298005","28017","23174","41217","51889","64165","60354","29188","449247","60048","38817","62075","77835","88753","81006","40712","367189","35761","25468","46763","61040","79588","78811","39759","289568","28766","22615","39557","48634","61225","59156","29616","303008","41743","24740","42683","53181","59738","55007","25916","385743","63125","38648","55470","69163","71130","60061","28146","316845","31944","23667","41638","52119","67996","66490","32992",
"충청남도","예산군","감소","외국인","3341","148","856","1124","488","414","233","78","3317","143","863","1113","475","402","239","82","3363","144","876","1138","468","415","239","83","3415","151","899","1149","476","415","241","84","3572","150","931","1216","515","434","242","84","3802","159","962","1326","572","455","242","86","3934","165","1002","1378","597","460","245","87","3958","169","1011","1391","595","458","245","89","4010","169","1007","1431","613","455","247","88","4146","173","1038","1500","641","452","252","90","4054","171","1036","1452","616","429","256","94","3901","182","1010","1384","561","412","258","94","3825","187","983","1344","537","415","265","94","3822","185","980","1343","537","415","268","94","3843","196","982","1356","532","408","271","98","4141","201","1045","1484","621","414","279","97","4426","205","1112","1610","682","438","280","99","4742","205","1183","1743","779","461","272","99","4941","211","1228","1825","832","468","270","107","4968","212","1220","1838","850","464","275","109","5073","221","1248","1889","868","463","276","108","5117","218","1250","1928","873","463","274","111","4736","217","1175","1793","741","421","279","110","4528","226","1144","1689","680","400","278","111","4583","237","1148","1717","683","406","280","112","4552","238","1129","1731","659","400","280","115","4663","242","1155","1776","683","406","284","117",
"충청남도","태안군","감소","계","348442","43786","42649","48089","59323","69284","55660","29651","413606","60904","51397","55934","74425","80165","59305","31477","468530","54515","53401","64706","80632","95136","80283","39857","722177","64785","56019","85176","109523","147202","161643","97829","686543","96952","60628","92320","122909","128176","117971","67587","670512","95179","62799","103107","128639","125554","104292","50944","543892","87040","59802","81092","98529","97133","79644","40652","774384","137414","84748","117383","142244","132095","108347","52153","696095","99323","73497","113341","137518","126516","98247","47654","733269","90822","58748","108670","149345","144597","119542","61545","532135","52689","48476","74132","104063","114835","92042","45899","342651","34893","41330","48814","56095","68708","59684","33126","342054","49261","42828","47510","57513","64627","51317","28998","280203","36559","31469","35656","45535","53691","48661","28633","410189","48737","44050","55328","68404","82035","73155","38481","598468","50772","46443","67578","85454","120197","137397","90627","749038","115644","63784","104018","135923","133950","125864","69854","614532","86102","54406","91775","114915","113946","100966","52420","557605","87406","58679","82331","100925","97938","85466","44860","773049","129304","77010","111100","138943","135468","120945","60279","552265","55956","47490","85441","110053","109898","93944","49484","785811","114981","67125","114571","156979","145556","120939","65660","483980","45459","40303","64298","91246","103707","90441","48525","305182","29793","33004","41142","48214","61184","57547","34298","287181","34690","32856","39110","45499","54945","49472","30610","365447","51714","44344","51149","61214","68101","56097","32829","380255","42344","41753","50804","61118","74595","69629","40012",
"충청남도","태안군","감소","주민등록인구","60731","6334","4215","4088","6926","10461","13432","15275","60616","6277","4168","4047","6896","10465","13437","15326","60508","6232","4164","4037","6831","10451","13441","15352","60478","6207","4152","4033","6808","10440","13470","15368","60518","6210","4131","4049","6771","10439","13466","15452","60517","6195","4117","4073","6752","10412","13460","15508","60500","6183","4103","4077","6730","10376","13487","15544","60434","6172","4099","4058","6699","10332","13494","15580","60360","6140","4083","4038","6673","10317","13496","15613","60303","6108","4078","4026","6658","10259","13511","15663","60224","6073","4061","4026","6618","10245","13522","15679","60133","6036","4053","4037","6556","10221","13521","15709","60002","5990","4040","3991","6505","10202","13521","15753","59884","5944","3987","3967","6486","10145","13572","15783","59854","5893","3948","3977","6456","10115","13548","15917","59760","5865","3911","3973","6443","10084","13525","15959","59736","5839","3899","3986","6427","10000","13564","16021","59770","5857","3921","3972","6430","9966","13588","16036","59792","5839","3922","3979","6392","9963","13600","16097","59745","5829","3909","3953","6376","9942","13583","16153","59674","5793","3891","3946","6360","9917","13559","16208","59612","5756","3867","3951","6345","9902","13526","16265","59516","5710","3845","3932","6324","9882","13537","16286","59474","5687","3830","3946","6295","9849","13562","16305","59379","5635","3820","3933","6257","9835","13531","16368","59169","5571","3776","3867","6184","9832","13510","16429","59177","5534","3786","3881","6136","9804","13505","16531",
"충청남도","태안군","감소","체류인구","286042","37424","38010","43334","52195","58658","42091","14330","351352","54602","46802","51236","67336","69540","45730","16107","406316","48256","48785","59990","73605","84518","66701","24461","659892","58550","51392","80424","102495","136587","148029","82415","624074","90711","55996","87480","115885","117555","104360","52087","607965","88952","58167","98202","121615","114957","90687","35387","481307","80823","55176","76151","91518","86569","66012","25058","711851","131204","80120","112467","135265","121573","94700","36522","633609","93146","68866","108436","130564","116007","84603","31988","670782","84675","54113","103744","142391","134144","105886","45829","469746","46579","43851","69216","97163","104401","78371","30166","280479","28823","36741","43939","49292","58306","46011","17366","280124","43240","38293","42721","50782","54254","37642","13192","218370","30585","26975","30894","38817","43376","34932","12792","348402","42815","39604","50553","61723","71747","59454","22507","536564","44875","41995","62707","78735","109928","123719","74605","687000","109767","59314","99066","129178","123756","112150","53768","552451","80206","49924","86837","108153","103781","87230","36318","495451","81531","54182","77366","94182","87776","71718","28696","710873","123439","72517","106128","132198","125324","107207","44060","490130","50130","43024","80453","103310","99777","80230","33207","723775","109193","62695","109599","150257","135449","107256","49326","422207","39717","35937","59437","84570","93627","76749","32169","243582","24076","28674","36329","41606","51149","43828","17920","225765","29025","28556","34354","38953","44928","35784","14166","304280","46113","40114","46466","54743","58093","42427","16325","319053","36781","37505","46103","54681","64613","55965","23405",
"충청남도","태안군","감소","외국인","1669","28","424","667","202","165","137","46","1638","25","427","651","193","160","138","44","1706","27","452","679","196","167","141","44","1807","28","475","719","220","175","144","46","1951","31","501","791","253","182","145","48","2030","32","515","832","272","185","145","49","2085","34","523","864","281","188","145","50","2099","38","529","858","280","190","153","51","2126","37","548","867","281","192","148","53","2184","39","557","900","296","194","145","53","2165","37","564","890","282","189","149","54","2039","34","536","838","247","181","152","51","1928","31","495","798","226","171","154","53","1949","30","507","795","232","170","157","58","1933","29","498","798","225","173","153","57","2144","32","537","898","276","185","153","63","2302","38","571","966","318","194","150","65","2311","39","561","966","332","199","148","66","2362","36","575","986","351","199","148","67","2431","36","584","1019","369","202","155","66","2461","33","575","1042","383","204","155","69","2424","32","563","1021","377","205","157","69","2257","32","521","929","352","198","155","70","2126","30","500","867","313","186","157","73","2037","30","480","823","289","182","157","76","1998","30","454","816","287","176","160","75","2025","29","462","820","301","178","159","76",
"전북특별자치도","익산시","관심","계","660315","76046","88194","86104","109884","131965","101997","66124","771116","108209","106626","101954","132924","148772","106426","66204","715112","79762","95269","91716","118444","146473","112513","70934","721722","77100","94446","91445","117120","147283","117978","76350","768968","92327","99051","97644","128299","156195","119359","76095","726755","78081","95793","93633","120031","150735","115458","73023","688733","78976","90038","89793","113947","140666","106786","68528","729556","85951","96652","94846","120339","148301","112562","70904","813466","102740","111254","109803","136238","160457","119701","73274","795243","82124","98318","99910","125967","164494","136075","88354","767104","80805","99124","98626","124042","158334","125730","80443","705702","76974","94814","94572","113536","142513","111820","71471","760109","104375","102607","104897","126163","145756","106981","69330","655718","78333","86229","86176","104940","129528","102287","68224","727021","78701","94779","96769","116695","147757","116093","76225","724905","74663","91020","94525","114315","147735","121109","81537","808327","98224","103382","107971","130801","159269","125810","82870","725025","77969","94284","96943","115671","147198","116566","76393","692911","80515","89308","93014","110834","139829","107867","71545","727814","84776","95444","98695","116958","146948","111910","73084","708153","69266","93510","94779","111500","143625","117145","78327","898481","111661","114598","121070","144357","174920","140086","91789","792974","85198","98616","103759","123539","161162","133903","86798","705302","75853","92684","95301","111690","140653","113420","75701","680565","80183","86720","92048","106913","132653","107433","74613","775391","105300","102603","107702","126444","148971","110598","73773","716290","78510","90767","95827","111409","143466","116835","79476",
"전북특별자치도","익산시","관심","주민등록인구","269429","40039","31660","25836","36950","48128","44942","41874","268940","39831","31266","25691","36989","48159","45038","41966","268678","39679","31146","25766","36714","48147","45145","42081","268488","39527","30992","25847","36460","48203","45275","42184","268288","39399","30882","25857","36296","48236","45300","42318","268143","39223","30818","25824","36177","48291","45299","42511","267899","39042","30709","25829","35980","48318","45362","42659","267704","38920","30542","25891","35845","48267","45408","42831","267604","38815","30427","26023","35623","48255","45491","42970","267887","38791","30408","26176","35562","48235","45589","43126","268058","38738","30355","26307","35538","48158","45663","43299","268001","38638","30163","26402","35386","48173","45776","43463","267654","38461","29908","26391","35274","48168","45762","43690","267321","38330","29700","26262","35304","48101","45825","43799","267629","38324","29711","26477","35175","48052","45748","44142","267790","38271","29667","26638","35061","48096","45729","44328","267727","38161","29545","26734","34966","48014","45803","44504","267618","38070","29436","26720","34889","48006","45810","44687","267659","37994","29307","26844","34825","47977","45847","44865","267548","37858","29251","26865","34720","47896","45898","45060","267505","37781","29183","26938","34632","47761","45996","45214","267346","37703","29021","27021","34574","47618","46044","45365","267217","37561","28885","27082","34552","47532","46067","45538","267066","37503","28644","27169","34419","47468","46162","45701","266967","37386","28452","27197","34328","47507","46243","45854","266797","37258","28318","27149","34246","47455","46342","46029","266973","37293","28327","27259","34112","47307","46448","46227",
"전북특별자치도","익산시","관심","체류인구","385368","35616","54401","58910","72349","83297","56661","24133","496710","68002","73253","74900","95358","100078","60997","24121","440885","39703","61972","64573","81135","97789","66977","28735","447621","37194","61303","64181","80031","98545","72318","34049","494999","52531","66000","70353","91361","107422","73672","33662","452887","38476","62765","66361","83206","101912","69770","30396","415099","39553","57102","62524","77315","91814","61041","25751","456065","46672","63840","67493","83837","99498","66770","27954","540079","63575","78555","82318","99961","111669","73818","30184","521436","42979","65558","72244","89738","115725","90090","45101","493122","41726","66382","70833","87845","109643","79674","37019","431794","37992","62222","66707","77521","93815","65656","27879","486549","65572","70271","77035","90268","97069","60822","25512","382479","39651","54104","58433","69019","80911","56062","24298","453417","39984","62632","68794","80893","99201","69957","31954","450826","35981","58770","66293","78582","99130","74994","37075","534103","59667","71280","79446","95096","110755","79622","38237","450891","39495","62279","68432","80044","98693","70370","31577","418707","42120","57413","64372","75258","91359","61641","26545","453649","46526","63566","70005","81471","98563","65632","27887","433964","31089","61651","66007","76097","95376","70774","32969","624226","73500","82739","92201","109010","126824","93670","46282","519064","47181","66862","74990","88290","113157","87467","41118","431458","37846","61142","66448","76581","92703","66887","29851","406772","42294","55335","63164","71879","84674","60817","28607","501822","67541","71390","78859","91502","101055","63885","27590","442414","40654","59504","66855","76589","95701","70020","33091",
"전북특별자치도","익산시","관심","외국인","5518","391","2133","1358","585","540","394","117","5466","376","2107","1363","577","535","391","117","5549","380","2151","1377","595","537","391","118","5613","379","2151","1417","629","535","385","117","5681","397","2169","1434","642","537","387","115","5725","382","2210","1448","648","532","389","116","5735","381","2227","1440","652","534","383","118","5787","359","2270","1462","657","536","384","119","5783","350","2272","1462","654","533","392","120","5920","354","2352","1490","667","534","396","127","5924","341","2387","1486","659","533","393","125","5907","344","2429","1463","629","525","388","129","5906","342","2428","1471","621","519","397","128","5918","352","2425","1481","617","516","400","127","5975","393","2436","1498","627","504","388","129","6289","411","2583","1594","672","509","386","134","6497","396","2557","1791","739","500","385","129","6516","404","2569","1791","738","499","386","129","6545","401","2588","1798","751","493","379","135","6617","392","2627","1825","767","489","380","137","6684","396","2676","1834","771","488","375","144","6909","458","2838","1848","773","478","372","142","6693","456","2869","1687","697","473","369","142","6778","504","2898","1684","690","482","371","149","6826","503","2933","1687","706","472","373","152","6772","501","2895","1694","696","461","371","154","6903","563","2936","1713","708","458","367","158",
"전북특별자치도","정읍시","감소","계","292608","33154","27840","33003","48072","63368","51121","36052","368047","52783","39785","42947","64601","77065","54349","36517","332088","34032","30314","38397","55394","73848","59853","40251","353319","32106","30570","38851","56994","80060","68004","46734","371583","40747","31935","41712","63237","83449","65901","44603","347755","34202","31229","39642","58273","79969","63260","41180","321012","35496","29502","37531","53768","71060","55844","37811","363708","45320","34307","42559","60977","78892","61627","40026","411936","52942","41336","48891","69606","88869","67362","42930","435557","35647","32180","44246","65685","104660","95308","57832","592877","42267","39500","54818","84285","142288","145257","84462","312362","32190","28354","36182","50852","69457","56537","38790","351416","48895","37238","42333","58877","74498","53141","36433","272177","28932","25112","30799","43003","59606","48846","35878","318902","30517","28893","36506","51446","72618","58307","40615","347109","29703","29331","38711","53436","79156","68873","47900","380416","42649","32731","43607","63032","85106","68063","45227","337720","31399","29587","39411","54161","77059","63253","42849","320297","34704","29592","38035","51766","70463","56386","39352","363534","45487","32772","43401","59264","78338","62596","41677","325877","28520","27025","37315","51113","74086","64181","43637","513704","59017","44603","59178","80861","112957","97179","59909","605740","40321","37223","56989","83986","143842","152410","90968","306875","30128","26669","35882","48563","67358","57461","40815","287499","31087","25870","34188","44325","61480","52403","38146","360359","49562","37054","45062","59231","74971","55866","38614","316610","30345","27012","37789","49225","69245","60640","42355",
"전북특별자치도","정읍시","감소","주민등록인구","103590","13532","9253","7807","12883","18169","18815","23131","103477","13490","9177","7732","12851","18222","18881","23124","103204","13406","9069","7726","12752","18195","18913","23143","103079","13338","9003","7744","12627","18249","18945","23173","102945","13284","8935","7757","12548","18255","18952","23214","102851","13264","8894","7782","12464","18258","18928","23261","102705","13214","8849","7776","12403","18241","18920","23302","102544","13142","8800","7754","12349","18226","18955","23318","102391","13089","8763","7739","12290","18223","18978","23309","102246","13023","8730","7723","12216","18202","18982","23370","102091","12960","8698","7718","12178","18161","18958","23418","102127","12928","8681","7783","12101","18168","18971","23495","101986","12868","8645","7775","12031","18136","18968","23563","101628","12790","8468","7732","11981","18133","18947","23577","101529","12665","8464","7753","11921","18076","18935","23715","101439","12636","8418","7769","11884","18035","18948","23749","101330","12617","8342","7788","11820","18009","18964","23790","101240","12572","8314","7776","11783","17995","18967","23833","101121","12499","8278","7804","11721","17946","18993","23880","100939","12425","8207","7807","11673","17893","19039","23895","100833","12385","8170","7829","11603","17854","19039","23953","100740","12346","8166","7805","11543","17798","19065","24017","100722","12325","8187","7829","11497","17773","19068","24043","101123","12375","8239","7905","11543","17794","19145","24122","101129","12310","8231","7925","11489","17827","19184","24163","100980","12264","8124","7920","11440","17826","19236","24170","100795","12179","8006","7951","11363","17784","19303","24209",
"전북특별자치도","정읍시","감소","체류인구","186287","19456","17758","24359","34873","44922","32087","12834","261865","39136","29794","34376","51437","58566","35251","13305","226187","20479","20425","29825","42335","55378","40727","17019","247409","18610","20717","30215","44021","61530","48845","23471","265666","27309","22125","32990","50304","64904","46738","21297","241845","20788","21439","30860","45391","61415","44123","17829","215157","22133","19720","28722","40931","52517","36715","14419","257976","32026","24573","33756","48181","60362","42463","16615","306328","39702","31636","40092","56856","70342","48173","19527","330075","22479","22513","35449","52994","86154","76119","34368","487660","29160","29869","46085","71680","123828","126089","60949","207256","19120","18774","27423","38371","51008","37360","15200","246457","35885","27682","33581","46485","56078","33969","12776","167553","15999","15740","22081","30653","41186","29687","12206","214341","17693","19510","27760","39150","54261","39159","16808","242472","16902","19974","29860","41126","60839","49712","24060","275765","29871","23415","34689","50743","66815","48887","21344","232942","18655","20271","30409","41853","58757","44076","18920","215529","22032","20278","28959","39503","52199","37186","15373","258856","32872","23518","34284","47020","60128","43352","17683","221235","15940","17799","28137","38932","55906","44936","19585","409164","46472","35404","50024","68727","94834","77912","35791","501333","27790","28013","47847","71955","125756","133144","66827","202225","17547","17414","26719","36553","49283","38116","16594","182872","18570","16613","25030","32379","43381","33017","13882","255855","37037","27909","35925","47340","56875","36426","14344","212287","17906","17982","28629","37400","51193","41133","18045",
"전북특별자치도","정읍시","감소","외국인","2731","166","829","837","316","277","219","87","2705","157","814","839","313","277","217","88","2697","147","820","846","307","275","213","89","2831","158","850","892","346","281","214","90","2972","154","875","965","385","290","211","92","3059","150","896","1000","418","296","209","90","3150","149","933","1033","434","302","209","90","3188","152","934","1049","447","304","209","93","3217","151","937","1060","460","304","211","94","3236","145","937","1074","475","304","207","94","3126","147","933","1015","427","299","210","95","2979","142","899","976","380","281","206","95","2973","142","911","977","361","284","204","94","2996","143","904","986","369","287","212","95","3032","159","919","993","375","281","213","92","3198","165","939","1082","426","282","213","91","3321","161","974","1130","469","282","212","93","3538","172","1002","1226","525","307","210","96","3647","173","1036","1272","542","318","207","99","3739","190","1047","1310","571","317","205","99","3809","195","1056","1349","578","326","206","99","3800","199","1033","1349","591","325","202","101","3685","206","1023","1313","534","313","198","98","3527","206","1016","1258","467","281","200","99","3498","207","1026","1233","457","272","202","101","3524","261","1021","1217","451","270","204","100","3528","260","1024","1209","462","268","204","101",
"전북특별자치도","남원시","감소","계","255723","28497","23054","28499","42102","58458","45877","29236","317169","46954","33559","37487","54836","67205","47270","29857","318747","27589","26200","34932","50851","76941","63747","38488","344737","32966","25676","35468","53180","80201","71376","45870","460134","45460","34914","51804","71929","106241","94858","54929","322682","30063","26018","34253","52354","78647","63638","37708","336291","35023","28553","34640","52307","79852","66123","39792","434091","47803","39607","46668","67572","102559","83166","46716","372471","42826","35760","43749","62059","85126","64857","38093","347319","32604","25553","37686","55729","82898","70127","42721","346928","29306","25974","36037","54359","84041","72566","44644","263738","25892","22781","30952","44657","61613","47075","30768","321467","47302","31513","39142","56269","68487","48449","30307","242148","25609","21637","27469","39022","55313","43657","29441","298946","26571","24977","32271","45966","70750","60377","38033","330829","29951","24658","34811","49367","76933","68396","46714","469917","51317","35501","52210","74178","107662","94111","54939","319208","29683","25792","35112","49974","75817","63523","39308","349420","35547","30658","37221","52292","80398","70125","43179","412655","43882","37326","46347","63031","95843","79878","46346","296116","23067","23553","32685","44250","70792","61755","40013","440639","55120","41315","54662","72022","94348","76001","47171","354605","28840","26106","36877","53743","84241","76805","47993","250330","22882","21781","29065","39363","56993","47522","32725","258087","31249","21248","30365","41513","56269","46291","31152","313048","43177","31775","38779","51980","66116","49221","32000","286317","23769","22916","31694","42282","67460","59665","38530",
"전북특별자치도","남원시","감소","주민등록인구","76664","10362","6321","5586","9042","13581","14145","17627","76479","10280","6239","5541","8988","13633","14151","17647","76350","10209","6166","5543","8933","13641","14183","17675","76233","10128","6162","5540","8860","13682","14172","17689","76147","10106","6105","5563","8808","13719","14123","17723","76082","10056","6085","5577","8779","13720","14113","17752","75937","10006","6043","5563","8744","13701","14124","17756","75796","9946","6013","5540","8684","13683","14150","17780","75646","9865","5988","5544","8635","13658","14133","17823","75573","9834","5967","5523","8616","13635","14133","17865","75539","9817","5935","5527","8570","13651","14128","17911","75647","9792","5974","5548","8552","13665","14164","17952","75604","9720","5990","5553","8524","13667","14140","18010","75329","9640","5869","5513","8482","13665","14141","18019","75232","9562","5820","5492","8470","13607","14125","18156","75147","9529","5794","5485","8435","13580","14125","18199","75067","9500","5782","5470","8409","13544","14128","18234","75011","9459","5769","5467","8401","13493","14146","18276","74988","9458","5760","5477","8363","13472","14159","18299","74867","9416","5712","5475","8322","13470","14145","18327","74715","9366","5678","5449","8292","13419","14157","18354","74570","9317","5652","5439","8236","13393","14135","18398","74441","9292","5610","5413","8210","13335","14154","18427","74272","9244","5562","5425","8155","13265","14184","18437","74364","9241","5574","5430","8127","13289","14211","18492","74243","9166","5535","5401","8090","13282","14221","18548","74065","9100","5430","5426","8043","13208","14269","18589",
"전북특별자치도","남원시","감소","체류인구","177812","18078","16415","22601","32874","44667","31606","11571","239459","36617","27004","31638","45674","53362","32992","12171","241169","17325","19725","29075","41746","63091","49436","20772","267263","22782","19204","29613","44135","66316","57075","28138","382639","35301","28481","45867","62907","92313","80610","37161","245152","19958","19580","28253","43336","64714","49397","19913","258770","24969","22141","28589","43280","65927","51870","21993","356682","37807","33220","40622","58604","88652","68884","28893","295222","32908","29386","37720","53141","71246","50594","20226","270141","22711","19189","31692","46837","69040","55858","24813","269827","19428","19653","30057","45528","70166","58304","26690","186678","16036","16458","25018","35879","47738","32779","12770","244492","37520","25176","33219","47539","54612","34177","12251","165454","15905","15426","21587","30340","41439","29381","11376","222359","16945","18820","26410","37298","56938","46115","19832","254258","20359","18512","28909","40720","63151","54138","28470","393212","41749","29312","46223","65500","93919","79850","36660","242351","20151","19577","29031","41252","62108","49246","20987","272441","26015","24412","31053","43585","66712","55830","24834","335749","34399","31110","40153","54361","82155","65598","27971","219376","13635","17383","26516","35619","57152","47459","21611","364034","45739","35164","48503","63447","80730","61726","28725","278349","19484","20043","30861","45246","70685","62515","29515","174410","13574","15808","23115","30965","43515","33201","14233","182133","21944","15271","24447","33155","42770","31940","12606","237242","33945","25842","32904","43669","52623","34861","13398","210704","14602","17090","25805","34013","54046","45260","19887",
"전북특별자치도","남원시","감소","외국인","1247","57","318","312","186","210","126","38","1231","57","316","308","174","210","127","39","1228","55","309","314","172","209","128","41","1241","56","310","315","185","203","129","43","1348","53","328","374","214","209","125","45","1448","49","353","423","239","213","128","43","1584","48","369","488","283","224","129","43","1613","50","374","506","284","224","132","43","1603","53","386","485","283","222","130","44","1605","59","397","471","276","223","136","43","1562","61","386","453","261","224","134","43","1413","64","349","386","226","210","132","46","1371","62","347","370","206","208","132","46","1365","64","342","369","200","209","135","46","1355","64","337","369","198","205","137","45","1424","63","352","417","212","202","133","45","1638","68","407","517","269","199","133","45","1846","73","446","614","321","216","131","45","1991","74","486","691","344","214","136","46","2039","67","504","719","348","218","135","48","2025","66","492","720","339","221","139","48","2035","64","499","720","339","225","140","48","1815","64","453","603","287","221","136","51","1648","64","411","525","243","213","137","55","1590","64","403","488","231","210","140","54","1563","66","398","474","221","211","139","54","1548","67","396","463","226","206","136","54",
"전북특별자치도","김제시","감소","계","279062","29998","25021","31211","46578","61874","50687","33692","346883","46087","35509","39694","60436","74892","55172","35093","310463","27086","25617","35009","52593","72474","59844","37840","347326","29795","27625","38454","57667","80657","68945","44183","366109","36440","31052","41893","63015","84401","66968","42341","339031","32772","28023","38639","57313","78517","63600","40166","303713","28820","26443","34811","50798","69465","56813","36563","329038","34664","28416","38326","55890","74473","59572","37697","385999","43400","37729","46442","66181","85727","66123","40397","379210","37866","29703","44677","64241","84253","72223","46246","343527","31931","27821","38530","58046","79759","66032","41409","301181","32646","25371","34711","49928","66423","55660","36441","331852","46189","33831","40672","55750","69203","52299","33908","266249","29116","22844","30161","42527","57966","49451","34184","303104","25692","24446","34268","49453","69746","59712","39787","325441","26028","24935","36403","52393","75315","65896","44471","364456","36228","29702","42677","61144","82995","67779","43932","329917","31611","26793","38694","54903","74624","62759","40533","303637","30180","26063","36587","49686","67526","56262","37333","326736","35709","27433","38900","53843","72817","59209","38824","308569","23546","24573","35734","50560","71056","62147","40953","472200","61019","42938","60883","80246","96832","80575","49707","360835","37179","27215","40842","59310","80980","70101","45208","299392","27664","24431","34895","48374","66977","57987","39064","281852","31908","23163","33130","44195","60527","52607","36322","341817","46657","33770","41351","54997","71980","55963","37099","298972","25015","23937","34236","47133","67738","59923","40990",
"전북특별자치도","김제시","감소","주민등록인구","81376","9411","6888","6288","9134","13359","16015","20281","81325","9407","6797","6265","9145","13368","16057","20286","81242","9371","6745","6292","9102","13333","16094","20305","81185","9343","6722","6315","9027","13337","16125","20316","81109","9327","6692","6313","9009","13310","16135","20323","81025","9276","6663","6331","8958","13323","16116","20358","80929","9246","6599","6338","8921","13297","16118","20410","80854","9222","6556","6362","8861","13306","16069","20478","80691","9173","6507","6334","8812","13282","16053","20530","80615","9152","6472","6352","8768","13241","16082","20548","80507","9085","6461","6365","8740","13186","16109","20561","80635","9111","6442","6404","8735","13192","16170","20581","80979","9144","6503","6452","8773","13255","16183","20669","81133","9150","6439","6507","8832","13270","16225","20710","81182","9115","6469","6511","8858","13242","16172","20815","81211","9124","6465","6527","8816","13243","16245","20791","81258","9106","6441","6576","8797","13240","16235","20863","81382","9127","6443","6609","8801","13273","16237","20892","81420","9118","6424","6619","8780","13266","16276","20937","81443","9118","6387","6624","8764","13254","16297","20999","81586","9113","6396","6691","8762","13251","16323","21050","81554","9081","6347","6708","8755","13249","16335","21079","81650","9093","6357","6733","8736","13248","16402","21081","81676","9104","6340","6774","8719","13226","16430","21083","81823","9124","6317","6840","8702","13265","16439","21136","81743","9085","6275","6818","8678","13265","16454","21168","81713","9069","6206","6897","8614","13236","16463","21228",
"전북특별자치도","김제시","감소","체류인구","195098","20505","17265","23880","37168","48341","34567","13371","262982","36600","27863","32377","51011","61354","39011","14766","226628","17630","18016","27659","43207","58977","43646","17493","263475","20359","20045","31041","48341","67152","52715","23822","282226","27014","23455","34449","53691","70914","50730","21974","255146","23395","20416","31144","48027","65018","47383","19762","219821","19468","18865","27262","41538","55992","40589","16107","245090","25330","20832","30703","46670","60988","43392","17175","302168","34115","30182","38826","57002","72264","49956","19823","295396","28594","22171","37021","55102","70832","56022","25653","259843","22718","20291","30882","48948","66400","49803","20802","217382","23397","17861","27033","40851","53060","39365","15814","247707","36903","26266","32946","46628","55790","35982","13192","181940","19818","15347","22371","33344","44540","33093","13427","218651","16421","16907","26415","40234","56343","43405","18926","240822","16749","17369","28476","43171","61906","49519","23632","279699","26962","22130","34661","51919","69593","51416","23019","244990","22317","19203","30631","45662","61192","46394","19591","218664","20891","18485","28513","40461","54106","39861","16347","241692","26410","19873","30799","44629","59414","42789","17777","223351","14245","16995","27553","41340","57656","45705","19857","387017","51745","35413","52688","71031","83435","64123","28582","275664","27896","19713","32667","50140","67590","53576","24082","214277","18360","16987","26698","39245","53614","41438","17935","196537","22576","15715","24854","35079","47121","36051","15141","256569","37357","26360","33094","45909","58573","39393","15883","213727","15729","16597","25882","38099","54363","43344","19713",
"전북특별자치도","김제시","감소","외국인","2588","82","868","1043","276","174","105","40","2576","80","849","1052","280","170","104","41","2593","85","856","1058","284","164","104","42","2666","93","858","1098","299","168","105","45","2774","99","905","1131","315","177","103","44","2860","101","944","1164","328","176","101","46","2963","106","979","1211","339","176","106","46","3094","112","1028","1261","359","179","111","44","3140","112","1040","1282","367","181","114","44","3199","120","1060","1304","371","180","119","45","3177","128","1069","1283","358","173","120","46","3164","138","1068","1274","342","171","125","46","3166","142","1062","1274","349","158","134","47","3176","148","1058","1283","351","156","133","47","3271","156","1070","1342","361","161","135","46","3408","155","1101","1400","406","166","132","48","3499","160","1131","1440","428","162","128","50","3545","167","1147","1454","440","159","128","50","3553","171","1154","1455","445","154","125","49","3601","181","1173","1477","450","149","123","48","3632","188","1182","1490","458","149","119","46","3629","193","1178","1487","460","148","117","46","3521","190","1145","1442","434","142","123","45","3439","200","1104","1423","410","137","119","46","3492","208","1131","1436","414","141","117","45","3505","215","1135","1439","410","142","116","48","3532","217","1134","1457","420","139","116","49",
"전북특별자치도","진안군","감소","계","109131","11552","8097","10332","17333","26242","22662","12914","137848","18681","12569","13766","23494","31512","24116","13710","140660","11363","8497","12436","22682","36375","31838","17468","226460","12613","10887","16925","30895","59378","61261","34501","184640","*","11397","16453","29203","46919","41870","*","169736","*","10142","15372","26314","42731","39057","*","157936","*","10472","14112","23817","39090","35416","*","212195","*","15759","20584","32773","51668","45204","*","188532","*","15317","18834","29985","45105","38323","*","192881","13475","10236","16887","29149","50198","47753","25182","184823","14623","10342","15611","28871","48459","44280","22637","110242","9773","7840","10902","16899","26983","23845","14000","129601","17510","11142","13529","21804","30034","22847","12735","102264","10268","7128","9249","15418","24452","22251","13500","144385","10984","8424","12802","22420","37802","33310","18643","215346","10352","9274","15152","27246","55805","62283","35234","201292","18196","11976","18589","30585","49978","46363","25605","165896","13652","9362","14658","24810","41989","40024","21401","162958","16142","10377","15371","24032","39275","37198","20562","198100","21307","13869","19819","29901","47226","43375","22603","167411","9832","8846","15000","23954","42771","42978","24031","234999","26602","16999","23628","37499","55919","48597","25755","202817","14477","10700","16979","29245","52311","51488","27617","107314","8751","7045","10052","15500","26441","24574","14952","106873","10124","7417","9760","15809","25868","23865","14031","140093","17548","12220","14496","21729","32400","26305","15395","134184","9284","7624","11630","19187","33446","33541","19472",
"전북특별자치도","진안군","감소","주민등록인구","24455","2479","1622","1386","2216","4266","5584","6902","24476","2476","1616","1374","2229","4257","5601","6923","24468","2460","1619","1369","2209","4255","5620","6936","24496","2447","1619","1373","2199","4283","5617","6958","24440","2430","1607","1374","2180","4264","5618","6967","24413","2429","1586","1375","2180","4260","5592","6991","24404","2421","1582","1365","2180","4242","5610","7004","24355","2418","1577","1361","2164","4226","5610","6999","24277","2380","1578","1362","2126","4220","5613","6998","24246","2367","1572","1359","2107","4223","5608","7010","24209","2341","1573","1350","2104","4199","5623","7019","24161","2334","1556","1352","2077","4186","5629","7027","24217","2339","1576","1344","2087","4200","5618","7053","24253","2347","1558","1348","2087","4220","5638","7055","24225","2341","1524","1350","2073","4196","5633","7108","24238","2351","1523","1349","2073","4197","5626","7119","24219","2331","1523","1356","2065","4183","5627","7134","24191","2319","1515","1354","2064","4166","5619","7154","24171","2315","1515","1349","2060","4134","5634","7164","24198","2334","1506","1347","2075","4113","5637","7186","24205","2317","1509","1354","2056","4112","5655","7202","24192","2316","1514","1346","2050","4082","5680","7204","24237","2310","1527","1351","2056","4075","5688","7230","24249","2307","1529","1369","2051","4054","5708","7231","24284","2299","1537","1370","2058","4054","5713","7253","24289","2302","1523","1360","2061","4029","5739","7275","24321","2288","1519","1358","2066","4013","5781","7296",
"전북특별자치도","진안군","감소","체류인구","84268","9067","6359","8815","15057","21921","17047","6003","112985","16200","10845","12266","21210","27201","18485","6778","115793","8896","6765","10938","20416","32067","26187","10523","201542","10158","9147","15413","28634","55043","55613","27534","159573","13199","9643","14804","26920","42599","36221","16188","144531","12606","8391","13609","23999","38413","33434","14078","132667","13745","8723","12324","21471","34787","29773","11845","186990","20877","14022","18805","30446","47380","39562","15898","163477","17622","13584","17100","27715","40825","32678","13953","167922","11103","8516","15203","26909","45914","42113","18163","160009","12275","8634","13998","26664","44206","38624","15608","85640","7432","6166","9390","14760","22746","18183","6963","104979","15163","9452","12053","19659","25785","17195","5672","77587","7913","5452","7759","13265","20185","16580","6435","119714","8634","6779","11297","20275","33560","27644","11525","190628","7992","7623","13633","25089","51559","56627","28105","176482","15855","10302","17015","28407","45738","40705","18460","140848","11322","7685","12897","22573","37761","34374","14236","137690","13817","8689","13417","21769","35078","31532","13387","172793","18963","12189","17859","27621","43048","37707","15406","142156","7505","7163","13082","21703","38596","37290","16818","209850","24277","15321","21787","35268","51779","42878","18540","177839","12159","9029","15277","27051","48186","45761","20376","82484","6435","5391","8427","13357","22340","18825","7710","82123","7816","5763","8218","13678","21770","18112","6767","115343","15236","10582","12969","19596","28325","20526","8109","109397","6986","5991","10099","17049","29389","27718","12165",
"전북특별자치도","진안군","감소","외국인","408","6","116","131","60","55","31","9","387","5","108","126","55","54","30","9","399","7","113","129","57","53","31","9","422","8","121","139","62","52","31","9","627","*","147","275","103","56","31","*","792","*","165","388","135","58","31","*","865","*","167","423","166","61","33","*","850","*","160","418","163","62","32","*","778","*","155","372","144","60","32","*","713","5","148","325","133","61","32","9","605","7","135","263","103","54","33","10","441","7","118","160","62","51","33","10","405","8","114","132","58","49","34","10","424","8","118","142","66","47","33","10","446","9","121","155","72","46","33","10","480","9","128","170","84","49","30","10","591","10","151","218","113","57","31","11","857","11","162","407","173","62","31","11","1097","10","173","605","203","63","32","11","1109","10","174","613","205","65","31","11","1050","10","174","564","195","63","33","11","957","9","164","495","181","58","39","11","741","8","144","351","138","50","39","11","581","9","125","256","92","47","41","11","466","9","117","172","73","44","40","11","461","10","115","167","72","46","40","11","466","10","114","173","72","44","42","11",
"전북특별자치도","무주군","감소","계","426497","*","74973","59018","69650","72791","54948","*","303045","*","49949","39429","52368","52064","35799","*","146572","*","15668","15801","24828","32025","24192","*","152560","*","10087","15116","24502","37177","31650","*","180841","*","12286","19143","30786","43419","33820","*","204385","*","16657","25585","35187","48756","38670","*","220876","*","17535","24378","36592","50884","41560","*","347480","*","29350","40372","58426","76946","60806","*","234433","*","20996","30893","40589","51154","40206","*","192380","18715","11075","18881","30144","48057","43194","22312","211640","18685","13434","20740","33103","52538","48622","24518","270232","*","39479","40664","48097","48876","33939","*","443960","*","75357","65140","76517","69337","49568","*","272235","*","43800","36792","46669","43507","33741","*","139301","*","13674","15018","22034","30340","24841","*","135246","14018","8789","13225","20140","32722","28922","17430","200787","27622","14877","22533","34239","45772","36062","19682","198147","20951","17819","25705","32964","44911","36336","19461","234371","32262","17193","25918","38006","52198","44735","24060","305160","44153","24175","34028","49181","68223","56989","28412","201114","23221","13264","26014","32813","43916","40386","21501","235425","30945","17812","26687","38587","53663","44866","22866","205048","17800","11759","19332","29835","48346","49168","28808","222120","36119","29747","32100","38987","39778","30483","14906","372117","72795","53987","51460","63254","60573","49825","20223","308963","62167","44469","41358","53541","50951","38773","17705","135936","18440","13188","14336","21354","29116","24950","14552",
"전북특별자치도","무주군","감소","주민등록인구","23223","2560","1523","1439","2468","4025","5015","6193","23161","2557","1497","1427","2460","4011","5030","6179","23167","2544","1501","1419","2449","4023","5028","6203","23160","2539","1483","1417","2426","4040","5038","6217","23138","2514","1487","1405","2412","4040","5036","6244","23125","2511","1488","1404","2381","4054","5013","6274","23114","2506","1490","1402","2370","4059","5016","6271","23101","2497","1493","1405","2351","4065","5007","6283","23101","2490","1503","1404","2357","4057","5000","6290","23108","2476","1516","1411","2357","4046","5001","6301","23066","2458","1532","1412","2334","4028","4999","6303","23032","2448","1527","1415","2323","4002","5006","6311","23021","2437","1527","1401","2307","3997","5005","6347","22984","2439","1510","1404","2294","3988","4984","6365","22989","2442","1511","1409","2283","3980","4980","6384","22976","2433","1503","1408","2270","3978","4983","6401","22945","2423","1504","1411","2273","3941","4978","6415","22917","2418","1492","1411","2280","3932","4967","6417","22904","2403","1479","1420","2260","3926","4984","6432","22840","2390","1456","1419","2232","3919","4982","6442","22810","2375","1439","1429","2214","3910","4981","6462","22813","2368","1439","1430","2216","3892","4985","6483","22781","2361","1444","1416","2216","3871","4977","6496","22787","2367","1447","1425","2221","3858","4976","6493","22777","2348","1443","1423","2216","3860","4981","6506","22871","2353","1444","1434","2209","3882","5016","6533","23063","2350","1463","1475","2218","3900","5092","6565",
"전북특별자치도","무주군","감소","체류인구","403029","73307","73403","57517","67123","68719","49909","13051","279650","55779","48402","37945","49857","48007","30745","8915","123169","19056","14117","14324","22327","27957","19139","6249","129111","14795","8549","13616","22003","33089","26589","10469","157243","21151","10718","17581","28242","39321","28760","11470","180503","18005","15049","23875","32575","44633","33633","12733","196696","27184","15880","22551","33876","46726","36520","13958","323306","49537","27688","38539","55726","72783","55777","23256","210266","27963","19322","29069","37885","46999","35184","13844","168271","16233","9386","17083","27471","43918","38172","16006","187877","16222","11784","19069","30558","48433","43601","18210","246927","41988","37890","39186","45698","44832","28911","8422","420695","86633","73774","63683","74152","65295","44542","12614","249017","50465","42236","35334","44320","39478","28736","8448","116068","16870","12101","13554","19696","26320","19839","7687","111945","11578","7205","11738","17787","28697","23918","11022","177327","25192","13263","20959","31816","41771","31067","13259","174232","18524","16143","23903","30380","40894","31352","13036","210388","29851","15507","24075","35416","48184","39736","17620","281228","41755","22511","32182","46615","64213","51991","21962","177226","20838","11621","24173","30262","39913","35389","15031","211579","28570","16184","24867","36045","49675","39865","16374","181472","15432","10171","17613","27379","44399","44175","22303","199018","33745","28223","30584","36694","35876","25492","8404","349056","70440","52475","49959","60976","56672","44827","13707","285829","59806","42959","39854","51276","47032","33740","11163","112606","16081","11657","12794","19077","25179","19840","7978",
"전북특별자치도","무주군","감소","외국인","245","*","47","62","59","47","24","*","234","*","50","57","51","46","24","*","236","*","50","58","52","45","25","*","289","*","55","83","73","48","23","*","460","*","81","157","132","58","24","*","757","*","120","306","231","69","24","*","1066","*","165","425","346","99","24","*","1073","*","169","428","349","98","22","*","1066","*","171","420","347","98","22","*","1001","6","173","387","316","93","21","5","697","5","118","259","211","77","22","5","273","*","62","63","76","42","22","*","244","*","56","56","58","45","21","*","234","*","54","54","55","41","21","*","244","*","62","55","55","40","22","*","325","7","81","79","83","47","21","7","515","7","110","163","150","60","17","8","998","9","184","391","304","85","17","8","1079","8","207","423","330","88","15","8","1092","8","208","427","334","91","16","8","1078","8","204","412","337","93","16","8","1033","7","189","390","326","96","16","9","795","7","144","303","240","76","16","9","315","7","77","91","72","44","15","9","284","7","69","78","62","41","17","10","263","8","66","70","56","37","17","9","267","9","68","67","59","37","18","9",
"전북특별자치도","장수군","감소","계","67610","7404","5025","6985","11202","15792","12626","8575","92938","14606","9308","10042","16479","20108","13631","8765","77570","8221","5556","7808","12759","18605","14882","9739","93976","7638","5608","9087","15032","23255","20663","12694","105549","10474","6749","10461","17569","26059","21689","12549","103259","8919","6590","10013","16925","26975","21848","11989","101508","11995","6717","10613","16482","23681","20321","11699","145134","17904","9818","15296","24018","33288","29005","15805","143914","19121","11402","15986","24830","32709","25671","14194","98317","7405","5804","9364","16088","25868","21526","12263","100447","9152","6385","10034","16977","25644","20431","11824","66616","6330","4714","6816","10961","15925","12945","8924","84623","12917","7440","9001","14732","18784","13129","8620","58943","6391","4663","5871","9072","13247","11278","8422","77627","7886","5866","7525","12232","18654","15347","10119","88239","6391","5332","9057","14304","21340","19450","12365","110272","11142","7005","11065","17844","26917","22926","13373","93545","8306","6293","9640","15091","23202","19340","11672","105264","11459","6926","10826","16694","24133","22293","12933","126583","15414","8289","12968","20175","29384","25836","14517","115470","9205","7064","12186","18183","27548","25980","15304","132064","17835","10287","13930","22027","30929","23927","13129","98653","7970","5877","9417","15900","24919","21591","12979","66182","5589","4658","6542","10504","15570","13807","9512","63884","6714","4456","6210","9953","14614","12853","9084","87162","13078","8751","9402","14135","18977","13723","9095","71692","6614","5071","7069","10738","16986","14870","10344",
"전북특별자치도","장수군","감소","주민등록인구","20951","2366","1357","1186","2134","3569","4467","5872","20882","2342","1324","1184","2123","3580","4446","5883","20843","2328","1318","1188","2097","3581","4437","5894","20833","2327","1304","1199","2076","3596","4427","5904","20813","2318","1300","1191","2065","3587","4452","5900","20789","2308","1282","1199","2058","3591","4435","5916","20762","2298","1272","1197","2063","3567","4444","5921","20760","2290","1268","1196","2065","3553","4442","5946","20752","2288","1264","1200","2061","3548","4439","5952","20732","2268","1272","1192","2052","3537","4446","5965","20699","2263","1261","1198","2045","3516","4453","5963","20663","2246","1258","1195","2042","3486","4463","5973","20618","2234","1245","1185","2036","3484","4454","5980","20553","2205","1235","1174","2028","3473","4458","5980","20500","2179","1219","1181","2018","3446","4429","6028","20490","2172","1221","1179","2011","3425","4445","6037","20489","2162","1219","1177","2009","3416","4458","6048","20476","2156","1235","1185","1989","3407","4454","6050","20444","2148","1227","1184","1979","3406","4451","6049","20390","2128","1229","1166","1955","3406","4449","6057","20395","2119","1230","1167","1950","3398","4461","6070","20376","2110","1223","1181","1942","3390","4451","6079","20426","2109","1235","1172","1947","3386","4475","6102","20922","2140","1326","1228","1992","3464","4614","6158","21015","2136","1335","1239","1993","3496","4643","6173","21052","2138","1339","1242","1991","3500","4653","6189","21090","2127","1341","1258","2000","3471","4694","6199",
"전북특별자치도","장수군","감소","체류인구","46275","5026","3550","5685","9022","12174","8127","2690","71677","12251","7871","8745","14311","16479","9152","2869","56329","5882","4118","6499","10611","14977","10411","3831","72671","5298","4170","7738","12884","19603","16203","6776","84207","8144","5298","9090","15420","22416","17204","6636","81877","6596","5136","8613","14766","23325","17381","6060","80124","9681","5269","9205","14307","20052","15845","5765","123743","15595","8364","13891","21843","29672","24531","9847","122546","16813","9956","14584","22663","29101","21198","8230","76982","5119","4352","7975","13940","22268","17043","6286","79256","6875","4964","8687","14862","22078","15940","5850","45527","4071","3319","5499","8858","12394","8444","2941","63611","10674","6064","7704","12645","15256","8638","2630","37987","4175","3296","4579","6991","9730","6784","2433","56717","5696","4510","6227","10157","15165","10882","4082","67285","4208","3959","7736","12218","17873","14971","6320","89184","8967","5591","9697","15730","23448","18434","7317","72372","6137","4836","8223","12977","19733","14850","5615","84067","9297","5458","9392","14575","20664","17804","6877","105433","13270","6821","11550","18076","25915","21348","8453","94305","7070","5590","10771","16085","24083","21479","9227","110947","15709","8832","12509","19945","27473","19436","7043","77642","5848","4450","8064","13849","21484","17077","6870","44770","3437","3167","5170","8425","12066","9158","3347","42409","4567","2970","4838","7880","11078","8172","2904","65670","10930","7266","8028","12074","15439","9033","2899","50165","4477","3578","5687","8670","13477","10138","4138",
"전북특별자치도","장수군","감소","외국인","384","12","118","114","46","49","32","13","379","13","113","113","45","49","33","13","398","11","120","121","51","47","34","14","472","13","134","150","72","56","33","14","529","12","151","180","84","56","33","13","593","15","172","201","101","59","32","13","622","16","176","211","112","62","32","13","631","19","186","209","110","63","32","12","616","20","182","202","106","60","34","12","603","18","180","197","96","63","37","12","492","14","160","149","70","50","38","11","426","13","137","122","61","45","38","10","394","9","131","112","51","44","37","10","403","11","132","118","53","44","36","9","410","11","137","117","57","43","36","9","464","11","152","142","75","42","34","8","599","13","195","191","105","53","34","8","697","13","222","232","125","62","36","7","753","14","241","250","140","63","38","7","760","16","239","252","144","63","39","7","770","16","244","248","148","67","40","7","741","16","232","240","140","66","40","7","585","13","192","181","104","49","39","7","490","12","165","144","87","40","35","7","460","11","151","133","80","40","38","7","440","10","146","132","70","38","37","7","437","10","152","124","68","38","38","7",
"전북특별자치도","임실군","감소","계","114563","11679","11170","11280","17508","26863","21994","14068","155896","21392","17061","16516","25231","35206","25642","14847","166865","16210","12348","15883","24523","40889","36070","20942","221890","*","13586","18743","29010","51359","52987","*","246532","25724","16915","21136","33717","59705","56630","32704","192597","16968","13983","17193","27682","46862","44430","25480","154840","17907","12870","14553","23402","36782","30957","18370","174808","20388","14780","17770","26513","41218","34826","19312","214887","26773","20210","21800","32066","49644","41667","22727","308400","35254","17942","27084","40294","68094","74619","45112","209309","20540","14377","18490","28899","49411","48979","28613","164345","*","13006","21346","26265","33207","30736","*","142507","*","15257","15782","22542","31935","23400","*","103985","*","9908","10487","15273","23750","20470","*","152647","*","11281","14158","21236","37288","35204","*","218450","16058","13115","16878","26521","50520","58015","37343","285760","28063","17968","23707","37159","67434","70283","41146","199405","16537","14100","18423","27319","48457","47470","27098","154268","19014","12462","14990","22845","35446","30993","18519","169521","20392","13059","17397","25631","38597","34895","19551","174133","14406","12856","14824","22882","41524","42523","25117","383150","47488","27755","40535","52350","79187","85767","50067","207588","18021","13781","17593","27453","48962","50970","30809","151491","17444","11505","17878","22950","31907","30951","18856","111303","10640","9824","10939","15603","25629","23450","15217","155835","20705","15915","16714","22926","34323","28542","16711","151455","12405","10517","13714","20628","35828","36303","22061",
"전북특별자치도","임실군","감소","주민등록인구","25884","2524","1701","1654","2289","4321","5603","7792","25861","2527","1678","1655","2293","4315","5620","7773","25838","2518","1662","1649","2284","4298","5634","7793","25815","2497","1659","1645","2265","4292","5648","7809","25853","2490","1679","1648","2267","4297","5644","7828","25858","2471","1666","1643","2291","4301","5634","7852","25807","2463","1648","1645","2279","4285","5631","7856","25763","2458","1625","1638","2273","4257","5632","7880","25693","2440","1616","1626","2263","4236","5618","7894","25629","2434","1607","1619","2254","4201","5618","7896","25604","2429","1602","1611","2263","4188","5625","7886","25577","2414","1612","1618","2247","4158","5639","7889","25578","2407","1591","1638","2236","4157","5647","7902","25539","2411","1564","1630","2236","4150","5650","7898","25531","2393","1554","1633","2236","4136","5638","7941","25486","2381","1541","1628","2212","4134","5639","7951","25427","2376","1504","1634","2199","4113","5643","7958","25401","2372","1487","1635","2203","4098","5631","7975","25345","2358","1466","1631","2196","4082","5634","7978","25291","2344","1447","1630","2187","4050","5657","7976","25297","2338","1446","1622","2188","4031","5674","7998","25259","2342","1434","1612","2184","3991","5699","7997","25229","2332","1438","1619","2167","3986","5687","8000","25259","2338","1446","1624","2170","3971","5705","8005","25298","2331","1450","1617","2171","3977","5705","8047","25309","2330","1432","1620","2168","3964","5733","8062","25300","2309","1421","1620","2168","3931","5749","8102",
"전북특별자치도","임실군","감소","체류인구","88314","9150","9361","9512","15167","22495","16361","6267","129670","18859","15278","14746","22887","30841","19993","7065","140645","13687","10579","14111","22182","36539","30407","13140","195584","21634","11799","16916","26659","47014","47312","24250","220155","23228","15103","19289","31354","55354","50959","24867","166214","14490","12183","15351","25295","42506","38770","17620","128506","15437","11088","12704","21030","32444","25298","10506","148524","17924","13011","15936","24153","36908","29168","11423","188660","24326","18451","19973","29710","45355","36021","14824","282254","32814","16196","25271","37952","63842","68971","37207","183277","18106","12655","16731","26570","45172","43325","20718","138362","19615","11277","19589","23958","29001","25068","9855","116532","17151","13551","14009","20250","27729","17725","6118","78048","8049","8230","8722","12978","19551","14794","5725","126704","10134","9609","12381","18938","33103","29541","12998","192414","13672","11437","15029","24209","46335","52350","29382","259750","25682","16321","21839","34848","63268","64614","33178","173420","14160","12470","16553","25001","44307","41815","19113","128341","16651","10848","13122","20543","31311","25336","10531","143657","18042","11462","15543","23341","34490","29214","11566","148263","12062","11260","12975","20596","37436","36824","17109","357331","45141","26176","38700","50070","75139","80043","42061","181909","15684","12215","15810","25219","44924","45258","22800","125786","15101","9930","16091","20715","27887","25220","10842","85572","8304","8245","9165","13373","21603","17720","7161","130093","18368","14352","14940","20698","30312","22785","8639","125727","10089","8968","11935","18402","31853","30531","13950",
"전북특별자치도","임실군","감소","외국인","365","5","108","114","52","47","30","9","365","6","105","115","51","50","29","9","382","5","107","123","57","52","29","9","491","*","128","182","86","53","27","*","524","6","133","199","96","54","27","9","525","7","134","199","96","55","26","8","527","7","134","204","93","53","28","8","521","6","144","196","87","53","26","9","534","7","143","201","93","53","28","9","517","6","139","194","88","51","30","9","428","5","120","148","66","51","29","9","406","*","117","139","60","48","29","*","397","*","115","135","56","49","28","*","398","*","114","135","59","49","26","*","412","*","118","144","62","49","25","*","550","5","137","221","100","51","26","10","583","5","143","234","112","53","26","10","584","5","143","235","115","52","24","10","582","5","148","237","106","53","23","10","573","6","150","224","103","57","24","9","573","6","150","227","98","57","25","10","560","5","145","223","96","57","25","9","450","5","128","164","67","52","25","9","446","5","129","163","65","49","26","9","433","5","129","157","59","49","25","9","433","7","131","154","60","47","24","10","428","7","128","159","58","44","23","9",
"전북특별자치도","순창군","감소","계","103756","12465","7403","10495","16745","23409","20565","12675","141064","20984","12544","14729","24154","31128","23732","13793","141351","12938","8328","13062","22157","35833","31871","17162","165253","16594","9066","13574","24045","41020","38882","22073","168951","17407","9790","15191","26442","41936","37526","20659","153818","14748","9115","14747","25072","37685","33507","18942","128359","13861","9001","13608","20839","29338","25475","16236","170353","21572","11820","18643","28734","37724","32763","19095","183077","22822","14739","18892","29496","42449","35062","19617","202997","18946","9600","15984","28262","51334","50426","28444","263159","17955","11846","18579","34179","67282","73294","40024","108314","10490","7565","11271","16816","25594","22330","14248","118795","16917","11194","12841","19386","26076","19973","12408","93564","12289","6815","9139","14867","20219","17932","12303","125659","14005","7780","12105","19443","28837","26790","16699","142032","12792","7789","11949","19577","33553","34101","22271","160844","17225","9809","14617","24393","38245","35142","21415","152005","17534","8913","15214","24242","34176","32178","19746","145403","21380","9925","16219","24874","29119","26459","17427","175882","29322","11589","20256","30990","34059","30578","19087","124729","9488","7738","11570","17822","30151","29016","18944","216123","25116","15133","20486","31268","48870","47005","28245","278856","18273","11739","19388","34403","67595","81125","46333","107036","10040","7779","10915","16011","24555","22805","14930","94317","10569","6936","9581","14351","20598","19070","13213","128892","20120","11587","13822","20876","27371","21665","13451","114704","11739","7321","10475","17078","26592","25278","16222",
"전북특별자치도","순창군","감소","주민등록인구","26744","3163","1997","1598","2887","4439","5374","7286","26806","3183","1986","1598","2906","4445","5398","7290","26805","3170","1983","1598","2883","4463","5401","7307","26804","3165","1974","1607","2855","4472","5420","7311","26772","3147","1963","1603","2832","4477","5427","7323","26785","3153","1963","1608","2813","4484","5426","7338","26813","3150","1956","1609","2811","4495","5431","7361","26819","3154","1954","1614","2791","4497","5437","7372","26803","3145","1958","1615","2767","4504","5430","7384","26764","3115","1958","1621","2744","4490","5445","7391","26756","3103","1974","1608","2736","4482","5449","7404","26822","3092","1990","1618","2734","4488","5476","7424","26788","3069","1992","1614","2715","4510","5465","7423","26831","3110","1969","1609","2740","4501","5465","7437","26799","3095","1951","1611","2714","4505","5442","7481","26828","3107","1937","1613","2710","4510","5461","7490","26804","3098","1928","1606","2710","4501","5461","7500","26792","3095","1914","1620","2683","4513","5457","7510","26760","3076","1906","1613","2692","4498","5467","7508","26746","3068","1888","1616","2701","4482","5481","7510","26741","3053","1891","1609","2695","4482","5485","7526","27078","3053","1949","1650","2738","4563","5578","7547","27582","3079","2035","1678","2816","4654","5726","7594","27714","3076","2054","1715","2808","4689","5732","7640","27665","3051","2037","1715","2792","4680","5754","7636","27687","3072","2012","1713","2795","4686","5771","7638","27627","3048","1998","1709","2768","4668","5780","7656",
"전북특별자치도","순창군","감소","체류인구","76596","9291","5295","8755","13816","18912","15147","5381","113843","17789","10447","12991","21203","26626","18292","6495","114128","9756","6234","11318","19229","31314","26431","9846","138010","13417","6978","11810","21141","36488","33424","14753","141698","14248","7705","13407","23549","37400","32061","13328","126545","11583","7033","12947","22197","33144","28043","11596","101047","10699","6926","11801","17964","24785","20004","8867","143009","18404","9741","16825","25873","33166","27284","11714","155755","19663","12650","17079","26669","37883","29589","12222","175692","15817","7506","14157","25448","46782","44939","21042","235892","14839","9739","16780","31380","62743","67802","32609","81015","7384","5450","9475","14025","21056","16811","6814","91542","13836","9074","11061","16618","21514","14464","4975","66269","9164","4718","7370","12073","15665","12423","4856","98361","10895","5693","10314","16667","24279","21305","9208","114628","9666","5712","10119","16779","28984","28598","14770","133419","14109","7727","12782","21583","33679","29637","13904","124569","14420","6837","13359","21453","29596","26678","12224","117995","18287","7859","14368","22072","24554","20948","9907","148484","26236","9540","18396","28180","29510","25055","11566","97376","6415","5693","9737","15029","25603","23492","11407","188435","22042","13025","18620","28432","44242","41387","20687","250737","15171","9558","17520","31513","62887","75360","38728","78830","6942","5586","9029","13141","19818","17035","7278","66165","7497","4760","7697","11500","15867","13280","5565","100718","17027","9436","11935","18023","22635","15858","5804","86589","8670","5179","8596","14253","21874","19460","8558",
"전북특별자치도","순창군","감소","외국인","416","11","111","142","42","58","44","8","415","12","111","140","45","57","42","8","418","12","111","146","45","56","39","9","439","12","114","157","49","60","38","9","481","12","122","181","61","59","38","8","488","12","119","192","62","57","38","8","499","12","119","198","64","58","40","8","525","14","125","204","70","61","42","9","519","14","131","198","60","62","43","11","541","14","136","206","70","62","42","11","511","13","133","191","63","57","43","11","477","14","125","178","57","50","43","10","465","12","128","166","53","52","44","10","464","15","128","160","54","53","44","10","499","15","136","180","62","53","43","10","576","19","140","217","88","59","42","11","621","18","154","229","100","65","44","11","644","19","162","235","106","67","43","12","648","17","160","238","110","67","44","12","652","18","161","244","109","67","42","11","612","20","154","224","98","66","39","11","610","21","159","216","98","65","40","11","537","23","146","190","74","54","39","11","492","22","139","171","62","48","38","12","487","21","139","169","59","51","36","12","487","21","139","174","58","50","36","9","488","21","144","170","57","50","38","8",
"전북특별자치도","고창군","감소","계","193412","19869","14933","20097","30436","44296","38580","25200","255339","35788","24077","28142","44436","56029","40870","25996","263115","24457","18867","27195","42664","62147","54018","33767","364235","28336","21545","34085","52284","87896","87367","52722","350090","33162","23541","37109","55511","83718","73307","43743","315204","31384","21610","35431","51200","75004","64294","36281","246926","26266","18976","27257","40799","57211","47305","29112","284294","31600","22316","31738","46717","65790","54555","31578","392786","40932","30511","41193","62083","92839","80510","44718","409641","37122","27327","44632","63172","96884","88205","52299","374256","26760","21094","33865","54770","93846","92385","51536","218720","19248","15835","23397","34368","52507","44908","28457","249154","34791","23061","28900","41460","54686","40795","25461","181948","18382","13668","19207","27728","41048","36590","25324","252127","21992","16867","25894","39482","60142","53510","34240","378161","25755","25378","37642","52564","90738","90917","55168","420664","40712","29558","45909","65062","100288","88203","50932","303399","27979","20451","35574","48806","70898","62461","37229","240379","25217","17911","27404","38243","55564","46602","29438","286168","32533","21565","33221","46372","65481","54519","32478","305623","20852","19189","29436","43109","73122","74482","45433","448354","54105","36003","55820","72437","96994","83383","49613","392851","27614","20914","35599","54439","96419","99799","58067","217485","18279","14805","23582","33208","50945","46176","30492","200802","21082","14988","22163","30546","44734","40203","27086","262385","35807","24036","30821","43434","56653","43742","27893","244978","19395","16156","25759","36584","57609","54412","35062",
"전북특별자치도","고창군","감소","주민등록인구","51701","5855","3484","3289","5274","8544","10610","14645","51628","5806","3450","3250","5277","8535","10613","14697","51538","5742","3426","3242","5251","8543","10615","14719","51489","5764","3391","3240","5205","8545","10615","14729","51401","5742","3362","3237","5178","8522","10610","14750","51327","5725","3335","3235","5165","8511","10591","14765","51241","5706","3285","3236","5130","8493","10590","14801","51145","5684","3259","3221","5091","8488","10572","14830","51058","5672","3242","3225","5055","8461","10559","14844","51114","5727","3232","3225","5054","8448","10566","14862","51070","5719","3226","3213","5056","8413","10564","14879","50982","5702","3223","3207","4989","8393","10585","14883","50869","5646","3223","3188","4960","8383","10553","14916","50788","5643","3172","3171","4965","8360","10555","14922","50851","5782","3168","3152","4912","8341","10544","14952","50770","5738","3185","3134","4878","8349","10551","14935","50716","5724","3175","3148","4844","8310","10562","14953","50631","5694","3150","3149","4822","8288","10547","14981","50546","5667","3121","3136","4820","8276","10546","14980","50563","5653","3126","3160","4816","8258","10545","15005","50595","5643","3130","3173","4836","8224","10563","15026","50542","5634","3110","3179","4822","8168","10583","15046","50452","5611","3078","3182","4818","8126","10571","15066","50396","5604","3065","3167","4840","8076","10581","15063","50242","5529","3054","3140","4818","8080","10563","15058","50196","5516","3032","3127","4805","8085","10570","15061","50228","5610","2993","3133","4759","8066","10585","15082",
"전북특별자치도","고창군","감소","체류인구","140441","13967","11142","16360","25002","35622","27853","10494","202424","29936","20313","24434","39000","47368","30139","11233","210268","18672","15114","23497","37242","53477","43288","18978","311272","22525","17784","30317","46864","79219","76641","37922","296939","27375","19748","33194","50055","75059","62588","28921","261648","25613","17766","31256","45624","66348","53593","21448","193091","20513","15125","22894","35146","48572","36605","14236","230551","25869","18497","27383","41093","57159","43871","16679","339203","35211","26731","36869","56509","84235","69840","29808","355907","31345","23565","40254","57556","88288","77525","37374","321139","20987","17444","29825","49297","85291","81705","36590","166248","13490","12263","19632","29161","43982","34211","13509","196881","29088","19507","25192","36310","46171","30130","10483","129775","12686","10150","15532","22588","32557","25923","10338","199876","16156","13349","22225","34392","51668","42855","19231","325777","19961","21820","33850","47454","82262","80253","40178","367678","34931","25913","41745","59782","91848","77531","35928","249861","22225","16750","31082","43322","62478","51806","22197","186379","19485","14171","22662","32557","47145","35950","14409","231999","26819","17810","28379","40626","57075","43866","17425","251494","15148","15433","24645","37355","64749","63807","30357","394036","48411","32261","50880","66619","88671","72685","34510","339915","21942","17350","31304","49109","88158","89112","42940","165245","12614","11336","19632","28075","42740","35480","15370","148835","15493","11529","18307","25479","36529","29527","11971","210503","30235","20596","26995","38397","48445","33060","12776","193054","13728","12744","21927","31592","49423","43715","19924",
"전북특별자치도","고창군","감소","외국인","1270","47","307","448","160","130","117","61","1287","46","314","458","159","126","118","66","1309","43","327","456","171","127","115","70","1474","47","370","528","215","132","111","71","1750","45","431","678","278","137","109","72","2229","46","509","940","411","145","110","68","2594","47","566","1127","523","146","110","75","2598","47","560","1134","533","143","112","69","2525","49","538","1099","519","143","111","66","2620","50","530","1153","562","148","114","63","2047","54","424","827","417","142","116","67","1490","56","349","558","218","132","112","65","1404","57","331","520","190","132","112","62","1385","53","346","504","175","131","112","64","1400","54","350","517","178","133","111","57","1614","56","373","658","232","127","113","55","2270","57","470","1016","436","130","110","51","2907","60","551","1343","662","132","108","51","3454","65","619","1606","866","143","106","49","3606","61","629","1682","930","148","108","48","3534","61","626","1618","918","149","112","50","3776","60","632","1761","996","155","115","57","2484","61","486","1113","512","135","116","61","1844","61","404","783","293","129","115","59","1725","60","405","716","249","125","113","57","1686","56","408","699","232","123","112","56","1696","57","419","699","233","120","112","56",
"전북특별자치도","부안군","감소","계","261098","32455","22277","28156","44127","56895","48828","28359","311183","48401","29803","35621","55579","63265","49565","28950","303626","30998","23201","32104","48826","66934","64148","37414","365917","33011","24581","37816","57118","79933","81568","51889","389749","45942","28622","44583","66502","83429","75934","44736","364882","42927","27325","44256","64831","78292","68697","38554","347140","48168","28181","41935","66944","72960","57040","31911","442829","67487","37204","54201","83698","90312","72110","37817","413292","52544","36668","51285","73013","86431","73214","40138","391869","39757","25600","42595","65802","85654","81216","51246","374453","32050","24748","36615","59906","87202","85041","48891","274469","28376","22210","31699","44793","61906","54323","31161","306226","44618","29876","36218","52386","65092","49523","28514","224947","28155","18179","24143","36473","47835","43161","27002","298894","29298","21585","32149","47405","66792","63485","38179","333732","26922","21323","33574","49458","73308","78033","51114","427912","54394","30873","50048","72797","90119","81162","48518","368940","40710","27007","45979","62573","79621","72108","40942","323274","44469","26613","40377","57960","65984","55046","32825","420322","63692","33613","52241","76419","85799","69516","39043","297238","26091","21123","34030","47996","65356","63700","38942","466788","62255","38711","55380","79755","94442","84542","51703","360268","29316","22406","34309","54578","82775","84829","52054","264706","25510","19779","28688","41875","58639","55409","34805","247370","29745","19082","26777","38528","54030","48768","30441","301741","44890","27369","35155","50844","61442","50569","31472","268456","25451","19641","27577","40428","58294","59304","37760",
"전북특별자치도","부안군","감소","주민등록인구","49056","5207","3520","3213","5330","8206","10342","13238","48917","5165","3467","3167","5303","8211","10364","13240","48815","5154","3419","3154","5268","8202","10360","13258","48734","5131","3396","3148","5208","8221","10353","13277","48659","5113","3368","3135","5192","8206","10343","13302","48591","5106","3351","3128","5170","8198","10316","13322","48551","5106","3326","3139","5151","8200","10286","13343","48407","5085","3288","3127","5101","8184","10279","13343","48299","5057","3265","3110","5066","8151","10268","13382","48219","5035","3261","3111","5023","8133","10272","13384","48151","5015","3261","3098","4980","8119","10271","13407","48066","5006","3251","3088","4944","8082","10261","13434","47989","4995","3218","3075","4947","8050","10233","13471","47860","4966","3163","3031","4965","8027","10248","13460","47790","4944","3142","3040","4947","8013","10210","13494","47698","4924","3121","3034","4934","7999","10203","13483","47651","4887","3111","3041","4919","7987","10188","13518","47580","4879","3090","3027","4903","7980","10172","13529","47486","4851","3082","3011","4877","7956","10176","13533","47446","4822","3068","3012","4859","7989","10155","13541","47439","4812","3063","3011","4853","7970","10160","13570","47416","4805","3058","3014","4831","7931","10170","13607","47318","4778","3035","3007","4811","7867","10198","13622","47220","4762","3027","2998","4802","7794","10201","13636","47193","4737","3019","2976","4796","7803","10201","13661","47100","4702","2975","2966","4766","7817","10199","13675","47038","4653","2951","2962","4742","7791","10217","13722",
"전북특별자치도","부안군","감소","체류인구","211078","27223","18491","24609","38670","48581","38407","15096","261325","43215","26074","32124","50156","54949","39123","15685","253834","25820","19507","28603","43434","58629","53710","24130","316119","27855","20890","34289","51761","71604","71135","38584","339915","40804","24936","41000","61141","75119","65510","31404","315087","37795","23651","40668","59481","69989","58301","25202","297334","43034","24525","38303","61607","64654","46677","18533","393119","62374","33571","50556","78407","82017","61755","24439","363687","47459","33067","47652","67753","78169","62866","26722","342353","34692","21996","38986","60582","77406","70865","37827","325017","27004","21145","33024","54734","78972","74690","35448","225218","23336","18635","28172","39683","53718","43981","17692","257086","39589","26340","32710","47288","56943","39209","15008","175954","23152","14701","20686","31366","39713","32830","13507","249925","24315","18108","28663","42315","58682","53191","24650","284716","21957","17833","30038","44339","65203","67748","37598","378862","49467","27371","46465","67676","82023","70891","34968","319948","35794","23529","42406","57453","71529","61856","27381","274301","39579","23122","36798","52836","57914","44792","19260","371339","58832","30101","48647","71309","77698","59283","25470","248239","21240","17613","30422","42882","57275","53463","25344","417783","57411","35207","51749","74650","86402","74296","38068","311462","24499","18941","30733","49526","74803","74555","38404","216073","20709","16325","25144","36874","50749","45130","21141","198768","24962","15634","23266","33540","46128","38488","16751","253258","40142","23984","31660","45887","53529","40288","17768","220003","20750","16267","24072","35493","50408","49003","24009",
"전북특별자치도","부안군","감소","외국인","964","25","266","334","127","108","79","25","941","21","262","330","120","105","78","25","977","24","275","347","124","103","78","26","1064","25","295","379","149","108","80","28","1175","25","318","448","169","104","81","30","1204","26","323","460","180","105","80","30","1255","28","330","493","186","106","77","35","1303","28","345","518","190","111","76","35","1306","28","336","523","194","111","80","34","1297","30","343","498","197","115","79","35","1285","31","342","493","192","111","80","36","1185","34","324","439","166","106","81","35","1151","34","318","433","151","99","81","35","1133","37","315","426","142","95","83","35","1179","39","335","446","143","97","84","35","1318","41","369","502","185","106","82","33","1399","40","391","542","202","109","83","32","1412","37","388","546","217","112","80","32","1487","39","409","568","247","114","78","32","1537","38","444","582","251","112","78","32","1560","39","447","597","261","111","77","28","1589","39","446","617","274","109","76","28","1488","39","430","569","241","105","76","28","1413","39","427","546","199","96","78","28","1409","46","429","535","192","99","79","29","1383","46","410","529","191","96","82","29","1415","48","423","543","193","95","84","29",
"전라남도","담양군","감소","계","319102","35085","38042","41170","50143","69390","55975","29297","370061","47802","47632","49404","60344","76808","58103","29968","368533","34309","43736","49182","59122","80851","66451","34882","403061","40757","40379","50594","62894","89916","76433","42087","479268","52084","49966","62049","76838","104538","86160","47634","419946","39292","45898","56241","67450","93762","76414","40890","384828","40776","44839","51811","61429","82951","67384","35638","477061","57426","58202","66535","76979","99086","78293","40539","410371","44373","48561","57247","65111","87642","70429","37008","409628","42374","41586","52987","63191","90840","76726","41923","455831","38640","53533","61705","68248","102068","86295","45341","329314","32595","37499","44805","51818","71332","59615","31651","355796","46540","44289","49719","56314","73519","56143","29272","276650","30007","31490","35983","42117","59137","50525","27390","362564","33891","37212","49120","56925","79751","68595","37069","376575","30720","34695","47174","56919","85444","77312","44311","508773","55901","49569","67683","81597","109984","91779","52259","412013","37062","40894","55113","63863","92531","79474","43076","378085","40854","42451","52762","58727","79208","67158","36924","449595","52535","50479","62608","70587","96139","77028","40221","320820","23937","30825","41632","48325","72846","66111","37143","497966","61041","52745","68267","78707","103531","86643","47032","475548","38104","48699","65411","70336","105620","96539","50840","336439","31594","33526","43531","51365","73716","66643","36063","313524","34134","32176","40804","46450","66464","60559","32937","385650","49464","45034","53621","59439","78268","65086","34737","360989","33110","34970","47660","53205","77290","73384","41369",
"전라남도","담양군","감소","주민등록인구","45272","4837","3789","3341","4743","7974","9455","11133","45165","4805","3745","3328","4739","7945","9462","11141","45059","4749","3726","3320","4693","7925","9491","11155","45007","4722","3669","3320","4646","7950","9521","11179","45066","4809","3646","3332","4639","7934","9528","11178","45031","4798","3625","3325","4617","7922","9534","11210","44913","4780","3585","3303","4592","7902","9528","11223","44812","4766","3544","3274","4565","7875","9539","11249","44800","4758","3520","3279","4541","7884","9532","11286","44678","4734","3468","3259","4510","7843","9556","11308","44655","4702","3473","3240","4509","7854","9561","11316","44623","4685","3455","3241","4486","7835","9571","11350","44569","4662","3450","3218","4461","7817","9579","11382","44461","4616","3406","3202","4452","7801","9593","11391","44458","4596","3368","3186","4453","7781","9610","11464","44451","4603","3350","3180","4431","7777","9622","11488","44402","4577","3329","3183","4406","7754","9641","11512","44384","4563","3330","3174","4399","7742","9663","11513","44314","4526","3309","3164","4381","7724","9676","11534","44272","4516","3267","3169","4365","7686","9709","11560","44195","4512","3231","3165","4352","7630","9729","11576","44201","4518","3220","3162","4358","7592","9749","11602","44164","4508","3197","3166","4343","7556","9773","11621","44177","4500","3201","3185","4327","7537","9794","11633","44140","4477","3184","3169","4331","7527","9796","11656","44108","4453","3158","3150","4340","7504","9827","11676","44101","4439","3098","3185","4303","7484","9879","11713",
"전라남도","담양군","감소","체류인구","272758","30232","33821","37442","45286","61344","46482","18151","323835","42984","43451","45698","55493","68790","48605","18814","322399","29546","39568","45471","54322","72852","56926","23714","356988","36020","36270","46897","58135","81892","66878","30895","433125","47260","45881","58344","72071","96529","76598","36443","373853","34480","41841","52542","62708","85769","66846","29668","338868","35983","40818","48151","56718","74977","57818","24403","431224","52648","54222","62919","72303","91138","68716","29277","364528","39602","44612","53604","60452","79688","60862","25708","363896","37625","37686","49357","58561","82929","67137","30600","410140","33924","49640","58095","63623","94148","76699","34010","283600","27895","33607","41164","47205","63432","50010","20288","310063","41864","40384","46060","51713","65635","46531","17876","230990","25377","27611","32335","37513","51269","40899","15985","316931","29281","33382","45493","52323","71907","58953","25591","330947","26104","30891","43550","52338","77601","67654","32809","463231","51309","45790","64079","77045","102167","82106","40734","366486","32483","37120","51505","59324","84724","69779","31551","332656","36313","38701","49181","54211","71419","57451","25379","404254","48003","46780","59048","66096","88394","67286","28649","275553","19408","27164","38070","43849","65156","56349","25556","452619","56508","49074","64666","74216","95874","76862","35419","430219","33582","45044","61789","65861","98001","86736","39207","291046","27079","29861","39861","46891","66117","56818","24418","268119","29641","28520","37143","41943","58874","50729","21269","340187","44995","41389","49918","54907","70704","55224","23049","315526","28654","31387","43907","48714","69748","63473","29642",
"전라남도","담양군","감소","외국인","1072","16","432","387","114","72","38","13","1061","13","436","378","112","73","36","13","1075","14","442","391","107","74","34","13","1066","15","440","377","113","74","34","13","1077","15","439","373","128","75","34","13","1062","14","432","374","125","71","34","12","1047","13","436","357","119","72","38","12","1025","12","436","342","111","73","38","13","1043","13","429","364","118","70","35","14","1054","15","432","371","120","68","33","15","1036","14","420","370","116","66","35","15","1091","15","437","400","127","65","34","13","1164","14","455","441","140","67","33","14","1199","14","473","446","152","67","33","14","1175","14","462","441","149","63","32","14","1177","13","454","444","150","66","36","14","1140","15","450","421","146","63","32","13","1143","16","444","434","140","65","32","12","1115","15","441","417","135","65","31","11","1069","16","432","391","126","59","33","12","1072","17","430","397","124","60","33","11","1146","15","451","439","133","65","32","11","1165","14","458","456","132","63","30","12","1216","15","464","485","147","62","31","12","1265","16","472","492","176","63","34","12","1355","16","487","553","192","60","35","12","1362","17","485","568","188","58","32","14",
"전라남도","곡성군","감소","계","107010","*","8893","11558","17452","25247","20065","*","147323","19688","14674","16373","25291","33586","23685","14026","148301","13743","10717","16135","24694","36531","29465","17016","176076","17739","11356","18396","27636","42180","36730","22040","386388","*","24317","41149","55030","88098","86102","*","173366","16339","12214","19010","28368","42364","35474","19598","144582","*","11398","15334","23691","35628","28154","*","176077","*","14713","20033","29424","41265","32376","*","179131","*","16327","20661","29413","41861","32486","*","194789","*","12633","28377","33418","41929","33512","*","159384","*","11396","17845","26723","39099","31202","*","118687","*","9438","12969","18878","28860","23525","*","131574","17704","13345","14878","21633","29934","21163","12918","96849","8455","7553","9809","14823","23506","19615","13088","135819","11210","9547","14938","21715","33574","28255","16580","164160","13267","10028","16556","25387","40222","35820","22879","404658","40990","22867","44740","57265","88534","93005","57258","182726","16287","12018","20288","28989","43946","38882","22318","141962","13847","10611","16254","23105","34119","27816","16210","162596","18055","12142","18967","26832","38638","30628","17335","137631","8385","8963","14274","21555","35343","30578","18533","226826","31727","17948","32920","38402","46888","38112","20828","153853","12817","10053","16776","24705","37600","32684","19219","118868","9523","8332","13199","18669","29151","24767","15227","103112","9745","7956","12051","15563","23694","20595","13508","143422","17900","13210","17528","23256","32190","24746","14590","137495","10949","8649","15959","21290","33294","29631","17723",
"전라남도","곡성군","감소","주민등록인구","26844","2423","2002","1528","2576","4620","5738","7957","26803","2417","1970","1510","2582","4622","5747","7955","26768","2395","1951","1520","2564","4615","5778","7945","26769","2387","1932","1522","2536","4615","5830","7947","26749","2380","1914","1524","2526","4609","5832","7964","26715","2358","1897","1540","2508","4601","5827","7984","26689","2346","1880","1558","2500","4594","5833","7978","26635","2335","1849","1571","2478","4581","5833","7988","26638","2327","1856","1581","2469","4575","5828","8002","26630","2335","1840","1581","2460","4570","5832","8012","26590","2323","1835","1589","2444","4554","5833","8012","26566","2323","1822","1606","2431","4526","5855","8003","26548","2315","1811","1606","2421","4537","5851","8007","26553","2332","1788","1602","2423","4528","5877","8003","26581","2326","1814","1606","2407","4535","5866","8027","26609","2321","1822","1613","2404","4543","5889","8017","26607","2313","1823","1600","2409","4526","5912","8024","26613","2311","1820","1612","2401","4511","5929","8029","26591","2299","1799","1627","2381","4519","5934","8032","26592","2304","1789","1640","2364","4524","5938","8033","26597","2308","1778","1648","2358","4503","5939","8063","26621","2314","1783","1666","2348","4479","5965","8066","26694","2317","1775","1687","2336","4487","6001","8091","27287","2354","1839","1746","2403","4617","6164","8164","27426","2337","1848","1753","2419","4661","6207","8201","27499","2346","1826","1775","2422","4683","6240","8207","27582","2357","1819","1794","2414","4657","6303","8238",
"전라남도","곡성군","감소","체류인구","79728","8443","6748","9904","14818","20570","14294","4952","120057","17264","12556","14724","22645","28907","17906","6055","121068","11342","8614","14473","22069","31861","23654","9055","148829","15346","9270","16724","25040","37507","30868","14075","359135","37019","22242","39466","52437","83427","80238","44306","146130","13972","10149","17307","25790","37700","29616","11597","117392","11862","9358","13622","21130","30964","22289","8168","148922","18369","12691","18306","26884","36613","26510","9549","151973","17860","14292","18924","26883","37217","26624","10174","167638","23203","10611","26642","30896","37291","27646","11350","132280","12370","9377","16109","24223","34480","25336","10386","91611","8425","7429","11218","16393","24272","17637","6236","104516","15376","11349","13123","19159","25337","15278","4895","69741","6083","5575","8051","12341","18918","13705","5068","108693","8864","7541","13172","19245","28979","22355","8537","136960","10933","8000","14754","22910","35617","29899","14846","377433","38665","20836","42935","54773","83947","87060","49218","155481","13963","9978","18469","26503","39377","32921","14272","114714","11528","8581","14410","20643","29539","21853","8160","135412","15736","10138","17140","24398","34057","24660","9284","110428","6062","6968","12430","19125","30782","24609","10452","199615","29398","15956","31058","35991","42351","32116","12744","126572","10485","8068","14893","22309","33058","26650","11110","90990","7153","6286","11247","16207","24481","18571","7045","75096","7391","5894","10101","13081","18983","14356","5290","115318","15537","11165","15550","20767","27458","18473","6366","109267","8573","6604","13942","18799","28585","23295","9469",
"전라남도","곡성군","감소","외국인","438","*","143","126","58","57","33","*","463","7","148","139","64","57","32","16","465","6","152","142","61","55","33","16","478","6","154","150","60","58","32","18","504","*","161","159","67","62","32","*","521","9","168","163","70","63","31","17","501","*","160","154","61","70","32","*","520","*","173","156","62","71","33","*","520","*","179","156","61","69","34","*","521","*","182","154","62","68","34","*","514","*","184","147","56","65","33","*","510","*","187","145","54","62","33","*","510","13","185","149","53","60","34","16","555","40","190","156","59","60","33","17","545","20","192","160","63","60","34","16","591","13","206","189","73","62","32","16","618","12","208","205","83","61","33","16","632","13","220","207","85","58","32","17","657","20","231","217","81","61","29","18","592","15","215","187","70","57","30","18","606","15","217","196","72","58","30","18","590","15","209","196","63","58","31","18","587","15","210","196","60","55","33","18","591","16","207","206","59","53","32","18","590","17","214","197","63","50","32","17","605","17","219","203","67","49","33","17","646","19","226","223","77","52","33","16",
"전라남도","구례군","감소","계","118724","*","9329","11634","18165","29019","24248","*","156193","*","14086","15653","24693","37175","28903","*","473614","*","27539","42418","60160","130964","129022","*","228451","*","15007","23209","31597","55286","54288","*","202341","*","13439","19800","30858","50592","43110","*","174657","*","13384","17909","26469","44831","37581","*","171646","*","14352","17682","26182","41868","35202","*","273313","*","27801","31365","42398","65017","50047","*","188247","*","17278","21629","29987","45040","35289","*","189745","*","11303","18302","27992","48276","43447","*","203356","*","11722","17996","29247","53041","49997","*","119703","*","9012","12245","18319","29568","24947","*","141748","*","13152","15687","22807","32797","24159","*","104695","*","7398","10015","15068","25042","22890","*","353413","*","18205","30649","42983","94256","99825","*","234753","*","15627","24120","31579","57316","57313","*","210509","*","13950","21434","31640","51992","45694","*","167765","*","12018","17221","24538","41911","36862","*","181055","19788","15513","19833","27039","42210","37109","19563","245357","*","22269","27575","37189","58834","48422","*","138899","*","9045","13672","19753","33432","30359","*","237531","*","18910","25985","37241","54867","46612","*","192798","*","10468","16030","25964","49789","50357","*","112335","*","8015","11158","16449","26922","24984","*","110833","*","7730","10749","16659","25899","23603","*","147503","18453","13285","16237","22687","33190","28091","15560","406949","23469","20495","38231","51221","103941","113420","56172",
"전라남도","구례군","감소","주민등록인구","24277","2426","1601","1330","2367","4414","5228","6911","24270","2445","1582","1318","2363","4405","5246","6911","24196","2419","1579","1302","2341","4376","5258","6921","24165","2395","1583","1297","2338","4360","5263","6929","24164","2381","1579","1293","2338","4358","5274","6941","24134","2369","1570","1303","2319","4354","5265","6954","24095","2362","1556","1297","2303","4347","5265","6965","24083","2360","1542","1297","2291","4340","5276","6977","24056","2355","1535","1296","2279","4321","5285","6985","24060","2346","1533","1290","2275","4325","5297","6994","24047","2346","1538","1285","2263","4314","5299","7002","24025","2340","1545","1280","2241","4319","5294","7006","24002","2334","1548","1261","2235","4299","5304","7021","24004","2346","1511","1268","2243","4277","5320","7039","23974","2328","1502","1262","2222","4270","5311","7079","23976","2314","1522","1247","2215","4281","5314","7083","23942","2300","1511","1252","2204","4258","5312","7105","23927","2295","1509","1255","2200","4244","5308","7116","23897","2278","1507","1245","2178","4245","5311","7133","23865","2270","1500","1240","2179","4221","5328","7127","23841","2260","1496","1241","2178","4192","5346","7128","23809","2249","1489","1243","2172","4146","5365","7145","23795","2245","1493","1261","2160","4107","5381","7148","23803","2233","1495","1266","2163","4102","5404","7140","23866","2234","1504","1267","2169","4107","5442","7143","23904","2242","1494","1254","2185","4121","5463","7145","23941","2239","1501","1259","2162","4122","5491","7167",
"전라남도","구례군","감소","체류인구","94232","10253","7671","10270","15768","24564","18976","6729","131709","17969","12445","14303","22301","32729","23613","8350","449206","23490","25901","41084","57791","126548","123720","50672","204073","15212","13363","21882","29232","50884","48983","24518","177964","19528","11801","18477","28493","46190","37794","15681","150306","12896","11755","16576","24124","40434","32270","12250","147335","16299","12735","16356","23854","37481","29890","10720","249014","31539","26198","30038","40083","60637","44724","15796","163977","18665","15685","20303","27683","40678","29958","11005","165463","15218","9707","16982","25691","43909","38103","15852","179087","13076","10120","16681","26958","48685","44652","18913","95455","8362","7404","10931","16051","25210","19608","7889","117518","17479","11543","14390","20544","28459","18806","6297","80462","8258","5829","8712","12797","20721","17521","6625","329203","16863","16639","29352","40732","89941","94465","41211","210538","14289","14040","22837","29333","52990","51951","25097","186323","19538","12372","20145","29404","47688","40334","16842","143594","13540","10442","15927","22306","37622","31507","12251","156910","17505","13938","18549","24829","37917","31752","12420","221246","25632","20699","26298","34977","54568","43047","16025","114811","13224","7479","12392","17544","29195","24966","10013","213470","27400","17351","24701","35035","50676","41200","17106","168748","10566","8910","14723","23766","45635","44931","20217","88283","7005","6460","9844","14249","22776","19533","8416","86714","10131","6164","9435","14452","21749","18112","6670","123341","16206","11730","14935","20463","29025","22578","8404","382743","21223","18929","36925","49018","99776","107877","48995",
"전라남도","구례군","감소","외국인","215","*","57","34","30","41","44","*","214","*","59","32","29","41","44","*","212","*","59","32","28","40","44","*","213","*","61","30","27","42","42","*","213","*","59","30","27","44","42","*","217","*","59","30","26","43","46","*","216","*","61","29","25","40","47","*","216","*","61","30","24","40","47","*","214","*","58","30","25","41","46","*","222","*","63","30","26","42","47","*","222","*","64","30","26","42","46","*","223","*","63","34","27","39","45","*","228","*","61","36","28","39","49","*","229","*","58","35","28","44","49","*","236","*","64","35","29","45","49","*","239","*","65","36","31","45","48","*","244","*","67","37","32","46","48","*","244","*","67","39","32","45","47","*","248","5","68","39","32","48","46","10","246","*","70","37","33","45","47","*","247","*","70","39","31","45","47","*","252","*","70","41","34","45","47","*","255","*","65","46","38","47","45","*","249","*","60","48","37","44","47","*","253","*","62","47","38","43","49","*","258","5","61","48","39","44","50","11","265","7","65","47","41","43","52","10",
"전라남도","고흥군","감소","계","206325","20517","14955","18498","31345","45602","43543","31865","274842","39821","25367","27215","46440","58309","45926","31764","231405","17620","14189","20370","34479","53516","53997","37234","250834","18744","14654","21772","35851","56162","60124","43527","293520","31708","17982","27516","46333","64225","61858","43898","266619","23050","16686","24193","40552","62414","60362","39363","253084","25667","17472","24796","44036","56864","49580","34670","292039","33822","21414","28615","48267","66061","56869","36991","318988","41765","28003","34388","54001","68101","55728","37002","247767","21823","14792","23068","37644","54999","55059","40382","257762","20768","15697","23592","38441","57935","59548","41781","219237","19067","14719","20460","33515","49670","47342","34465","283937","*","26007","29208","46837","60266","48150","*","179412","16105","11732","15796","25569","39176","39683","31352","225778","16290","13348","19558","31338","52636","54009","38600","242525","16627","13757","20432","32503","53391","60616","45199","321082","36870","19285","30309","50570","69417","67951","46680","273941","22127","16093","24524","39131","64225","65194","42648","261546","25110","17299","26026","47603","58784","51092","35633","283032","32103","19982","28217","45915","63165","56377","37273","219852","17177","14387","21935","32796","48123","48896","36539","373248","50551","30503","40690","63041","77945","66528","43989","265259","19748","16161","25945","39719","57898","61173","44615","220715","18452","14616","21202","33925","48689","47656","36174","206230","19594","14295","19543","28666","43690","45543","34899","283879","38367","25042","29135","43831","60298","51820","35387","218255","13769","12725","19400","29083","48419","54838","40021",
"전라남도","고흥군","감소","주민등록인구","61057","5417","3480","3136","5422","9524","13493","20585","60933","5381","3437","3088","5394","9550","13502","20581","60871","5364","3403","3074","5373","9548","13494","20615","60832","5363","3394","3070","5316","9578","13503","20608","60722","5313","3376","3085","5293","9529","13514","20612","60672","5307","3339","3087","5274","9518","13519","20628","60605","5302","3323","3091","5256","9481","13496","20656","60535","5290","3312","3101","5211","9459","13514","20648","60385","5249","3271","3097","5176","9448","13481","20663","60332","5244","3262","3105","5167","9429","13445","20680","60273","5218","3267","3110","5146","9408","13459","20665","60190","5191","3256","3113","5121","9384","13455","20670","60100","5168","3237","3095","5091","9367","13428","20714","60093","5162","3197","3090","5119","9356","13417","20752","60052","5146","3193","3080","5112","9318","13354","20849","60028","5116","3206","3094","5078","9298","13399","20837","59991","5107","3210","3086","5064","9273","13385","20866","59898","5068","3195","3087","5065","9230","13358","20895","59805","5042","3165","3085","5054","9197","13366","20896","59712","5024","3156","3062","5025","9161","13383","20901","59669","5008","3147","3060","5007","9121","13412","20914","59576","4974","3125","3037","4981","9085","13420","20954","59507","4957","3106","3047","4980","9039","13422","20956","59455","4929","3089","3059","4962","9021","13442","20953","59394","4900","3066","3059","4935","9023","13441","20970","59317","4877","3045","3037","4931","8987","13474","20966","59194","4852","2975","3053","4914","8914","13510","20976",
"전라남도","고흥군","감소","체류인구","143575","15091","10846","14722","25711","35974","29977","11254","212184","34431","21300","23457","40832","48659","32349","11156","168830","12248","10155","16635","28902","43872","40428","16590","188440","13369","10636","18133","30376","46490","46547","22889","231312","26383","13981","23924","40891","54606","48271","23256","204459","17732","12728","20595","35124","52802","46773","18706","190965","20355","13530","21169","38623","47288","36016","13985","229938","28519","17468","24948","42899","56506","43286","16312","257029","36503","24084","30723","48674","58558","42179","16308","185808","16568","10864","19369","32322","45474","41542","19669","195782","15539","11737","19840","33139","48428","46016","21083","157293","13863","10760","16672","28233","40192","33814","13760","221842","35532","21985","25298","41563","50808","34650","12005","117144","10930","7680","11802","20246","29729","26194","10564","163571","11129","9302","15594","26022","43226","40585","17714","180590","11497","9774","16599","27245","44001","47146","24328","259320","31749","15344","26555","45343","60055","54493","25781","212253","17047","12166","20758","33889","54910","51764","21720","199903","20055","13412","22227","42351","49503","37653","14703","221478","27064","16109","24444","40684","53920","42919","16338","158292","12156","10521","18122","27575","38918","35411","15590","311774","45564","26654","36891","57854","68776","53033","23001","203531","14777","12262","21953","34474","48768","47676","23621","158834","13508","10654","17096","28685","39572","34136","15182","144176","14679","10288","15306","23428","34564","32022","13889","221877","33477","21061","24889","38591","51212","38267","14381","156334","8902","8781","15130","23856","39410","41249","19006",
"전라남도","고흥군","감소","외국인","1693","9","629","640","212","104","73","26","1725","9","630","670","214","100","75","27","1704","8","631","661","204","96","75","29","1562","12","624","569","159","94","74","30","1486","12","625","507","149","90","73","30","1488","11","619","511","154","94","70","29","1514","10","619","536","157","95","68","29","1566","13","634","566","157","96","69","31","1574","13","648","568","151","95","68","31","1627","11","666","594","155","96","72","33","1707","11","693","642","156","99","73","33","1754","13","703","675","161","94","73","35","1995","*","785","815","183","91","72","*","2175","13","855","904","204","91","72","36","2155","15","853","884","204","92","70","37","1907","14","777","739","180","92","71","34","1771","14","731","668","163","89","73","33","1790","12","732","679","177","85","72","33","1838","13","722","714","198","84","73","34","1842","15","717","711","206","84","75","34","1891","13","719","753","214","84","73","35","1898","13","724","762","206","84","75","34","2221","14","793","945","265","91","75","38","2426","15","873","1047","278","96","78","39","2660","15","941","1178","303","103","80","40","2685","13","936","1209","309","99","79","40","2727","15","969","1217","313","95","79","39",
"전라남도","보성군","감소","계","174982","18177","13665","17032","26327","38914","36357","24511","215858","29305","20485","22390","34810","46801","37700","24366","198032","17203","13114","18699","29294","46144","44498","29081","240687","*","13865","20892","33769","57919","58911","*","261849","26500","17428","25659","40489","61082","56687","34003","238661","21231","15376","23168","36213","58833","52404","31435","192846","20262","13969","19055","29744","44142","39883","25790","223694","24966","16858","23137","34178","50968","45229","28357","249798","30440","22193","27518","39489","54810","46256","29093","208323","19794","13028","20691","31311","47339","45540","30621","210269","18225","13617","19829","31733","48528","47212","31126","181505","17526","12286","17439","27283","41823","39013","26135","225878","31364","21155","24464","34955","48664","40197","25079","153764","13741","10632","14734","21552","34059","34792","24255","194472","17383","11789","18508","28394","44268","44784","29346","221349","16540","12640","19638","29978","52023","54707","35822","295229","31430","19577","29633","45207","67247","63606","38530","237316","20831","14807","23570","34755","56282","54194","32877","187068","18985","13010","18724","27210","42093","40207","26839","214216","23323","14991","21899","31781","48051","45150","29021","182245","14456","11157","17461","25782","41432","42844","29113","287672","37164","24246","31799","44466","60671","54054","35272","210073","16582","12701","19277","30338","48565","49867","32744","181944","15474","11813","16965","26019","41139","41704","28829","176007","17445","13060","16801","23823","37515","40027","27337","217791","28079","19359","23230","32334","45571","41797","27421","184459","14686","11231","16384","25100","40720","45286","31051",
"전라남도","보성군","감소","주민등록인구","37619","3530","2341","2045","3427","6088","8084","12104","37562","3509","2325","2027","3419","6087","8094","12101","37520","3499","2289","2031","3405","6086","8092","12118","37483","3490","2267","2037","3367","6110","8109","12103","37461","3492","2261","2035","3359","6124","8096","12094","37401","3481","2260","2029","3334","6105","8094","12098","37315","3474","2228","2031","3306","6074","8106","12096","37247","3457","2219","2010","3289","6053","8112","12107","37164","3446","2210","1994","3272","6034","8096","12112","37099","3417","2205","1990","3258","6012","8085","12132","37070","3411","2193","1985","3262","5984","8090","12145","37045","3411","2203","1986","3253","5959","8069","12164","37149","3431","2242","1987","3281","5973","8052","12183","37007","3396","2197","1961","3278","5950","8059","12166","36974","3376","2189","1972","3262","5904","8037","12234","36947","3360","2178","1974","3263","5885","8051","12236","36873","3348","2156","1973","3230","5870","8053","12243","36846","3347","2143","1981","3220","5856","8049","12250","36796","3339","2132","1961","3210","5845","8057","12252","36720","3321","2110","1962","3197","5812","8052","12266","36684","3329","2085","1956","3192","5798","8061","12263","36660","3304","2107","1959","3187","5758","8076","12269","36634","3298","2103","1956","3174","5722","8101","12280","36858","3313","2161","1987","3179","5764","8151","12303","36956","3312","2183","1990","3178","5789","8142","12362","36819","3245","2174","1958","3163","5758","8164","12357","36729","3218","2134","1954","3128","5735","8177","12383",
"전라남도","보성군","감소","체류인구","136707","14637","11165","14724","22789","32760","28239","12394","177673","25786","18003","20113","31292","40652","29574","12252","159900","13694","10670","16421","25794","39998","36372","16952","202597","15497","11440","18615","30313","51747","50766","24220","223716","22994","15003","23348","37028","54892","48553","21897","200350","17735","12902","20740","32727","52649","44271","19325","154519","16770","11507","16570","26258","37992","31738","13683","185430","21492","14407","20665","30706","44841","37079","16239","211638","26976","19762","25074","36034","48701","38122","16970","170154","16359","10596","18202","27853","41251","37417","18477","172149","14795","11200","17357","28270","42474","39085","18969","143432","14095","9845","14969","23852","35805","30907","13959","187725","27913","18681","22008","31504","42631","32105","12883","115825","10324","8210","12364","18111","28048","26693","12076","156616","13986","9392","16155","24978","38302","36705","17098","183525","13161","10250","17294","26556","46074","46619","23570","257407","28064","17197","27245","41804","61311","55516","26271","199297","17466","12409","21034","31308","50360","46109","20611","148886","15628","10557","16102","23733","36180","32115","14571","176126","19986","12573","19273","28316","42174","37065","16739","144183","11110","8767","14844","22311","35567","34750","16834","249638","33844","21828","29193","40996","54846","45944","22987","172143","13265","10283","16742","26897","42777","41733","20447","144021","12141","9366","14514","22653","35318","33519","16509","138018","14114","10592","14360","20478","31667","31850","14958","179894","24817","16899","20785","28990","39759","33597","15047","146655","11447","8818","13947","21787","34931","37073","18651",
"전라남도","보성군","감소","외국인","656","10","159","263","111","66","34","13","623","10","157","250","99","62","32","13","612","10","155","247","95","60","34","11","607","*","158","240","89","62","36","*","672","14","164","276","102","66","38","12","910","15","214","399","152","79","39","12","1012","18","234","454","180","76","39","11","1017","17","232","462","183","74","38","11","996","18","221","450","183","75","38","11","1070","18","227","499","200","76","38","12","1050","19","224","487","201","70","37","12","1028","20","238","484","178","59","37","12","1004","20","232","469","170","60","40","13","932","21","225","409","163","61","40","13","882","21","208","381","154","62","42","14","877","19","212","370","159","64","37","16","949","18","224","415","173","66","37","16","1173","18","255","555","227","66","36","16","1386","18","321","661","267","68","35","16","1370","16","308","664","268","65","33","16","1378","17","305","661","279","67","33","16","1374","16","311","647","283","67","34","16","1296","19","315","579","267","66","33","17","1065","20","286","464","187","57","34","17","1033","19","285","451","167","59","35","17","1078","17","286","487","181","54","36","17","1075","21","279","483","185","54","36","17",
"전라남도","화순군","감소","계","292020","37373","24331","32309","48789","63790","52445","32982","338443","46808","34569","38285","57758","73745","54187","33092","319055","30485","30291","33773","52968","74379","60780","36378","385854","36854","31806","42401","61062","88441","77343","47947","368816","40797","29486","38504","62178","85916","69345","42589","344836","36896","27771","38592","58684","79947","64406","38539","342142","42675","28468","38508","57294","76226","62030","36941","387156","53710","34563","44719","65557","83319","66537","38751","364538","41482","34769","42470","60513","83253","64270","37782","384920","36741","28490","41527","60846","89834","79804","47677","351236","31232","26280","37290","56284","83151","73041","43958","293494","28715","23547","32319","47807","67636","58106","35364","322474","46002","31060","38493","52953","68036","53462","32468","264711","31694","22442","28267","41249","57382","51239","32438","321360","30796","29153","32608","49272","73218","66242","40071","365365","28319","27959","39459","56274","85356","78313","49686","377270","39210","29081","40687","61307","87697","73679","45609","339352","33377","25091","37843","55402","79026","67269","41346","345398","45781","28363","39602","55828","73780","62848","39196","375276","53474","32038","42410","61269","79530","65995","40561","302104","24050","22240","32273","46895","71696","64428","40523","445864","48109","36852","50638","69344","98617","88418","53888","336594","26750","23408","34159","52137","80401","74017","45724","292374","25756","22054","32261","46088","67231","60923","38061","285290","36216","21908","32134","43682","60025","55487","35838","338455","45737","32459","38937","51875","71585","60728","37133","318979","30067","27974","31852","45349","70962","69362","43414",
"전라남도","화순군","감소","주민등록인구","61177","7752","6170","4504","7035","11232","11202","13282","61088","7723","6116","4456","7028","11229","11252","13284","60966","7658","6069","4445","6988","11213","11292","13301","60946","7612","6072","4456","6898","11256","11365","13287","60923","7579","6034","4471","6896","11242","11405","13296","60941","7557","6010","4511","6871","11262","11429","13301","60919","7536","5992","4516","6850","11247","11451","13327","60943","7535","5966","4559","6821","11232","11473","13357","60886","7490","5942","4574","6795","11214","11510","13361","60851","7443","5949","4574","6750","11219","11522","13394","60832","7431","5930","4587","6730","11185","11570","13399","60735","7413","5893","4601","6668","11152","11595","13413","60737","7387","5861","4645","6631","11158","11617","13438","60606","7344","5784","4636","6608","11159","11626","13449","60582","7314","5755","4671","6573","11152","11591","13526","60600","7308","5757","4697","6546","11117","11592","13583","60561","7285","5741","4671","6524","11092","11617","13631","60498","7270","5725","4654","6506","11076","11632","13635","60399","7219","5693","4667","6460","11052","11679","13629","60370","7200","5668","4715","6434","10994","11719","13640","60384","7189","5677","4740","6387","10975","11780","13636","60268","7169","5641","4730","6348","10966","11787","13627","60293","7166","5635","4746","6335","10939","11830","13642","60215","7156","5610","4750","6303","10880","11867","13649","60205","7146","5561","4776","6303","10867","11880","13672","60160","7122","5512","4759","6302","10840","11934","13691","60126","7094","5451","4801","6268","10778","11970","13764",
"전라남도","화순군","감소","체류인구","229851","29586","17835","27518","41656","52432","41152","19671","276375","39051","28137","33544","50632","62388","42845","19779","257112","22791","23909","29039","45886","63040","49398","23048","323919","29201","25421","37655","54068","77062","65885","34627","306852","33178","23129","33707","55177","74559","57841","29260","282839","29297","21436","33747","51704","68572","52877","25205","280109","35098","22138","33628","50320","64865","50479","23581","325106","46133","28265","39803","58611","71969","54964","25361","302544","33950","28500","37535","53593","71921","52658","24388","322912","29256","22199","36572","53961","78492","68181","34250","289254","23758","20016","32330","49414","71843","61369","30524","231639","21259","17332","27357","41005","56361","46410","21915","260653","38576","24883","33499","46202","56755","41743","18995","203031","24311","16353","23282","34523","46099","39509","18954","259701","23443","23091","27581","42581","61945","54550","26510","303629","20970","21872","34380","49600","74121","66618","36069","315541","31885","22988","35630","54648","76485","61961","31944","277620","26067","19000","32766","48742","67831","55538","27678","283768","38523","22316","34507","49211","62606","51073","25532","313676","46234","26018","37272","54672","68413","54183","26885","240501","16817","16221","27117","40345","60595","52558","26849","384355","40897","30865","45469","62830","87530","76544","40222","275076","19540","17417","28976","45653","69342","62104","32046","230971","18555","16102","27099","39635","56235","48971","24374","223886","29024","16007","26927","37239","49041","43520","22128","277106","38567","26607","33758","45430","60630","48712","23401","257648","22926","22170","26629","38935","60068","57312","29609",
"전라남도","화순군","감소","외국인","992","35","326","287","98","126","91","29","980","34","316","285","98","128","90","29","977","36","313","289","94","126","90","29","989","41","313","290","96","123","93","33","1041","40","323","326","105","115","99","33","1056","42","325","334","109","113","100","33","1114","41","338","364","124","114","100","33","1107","42","332","357","125","118","100","33","1108","42","327","361","125","118","102","33","1157","42","342","381","135","123","101","33","1150","43","334","373","140","123","102","35","1120","43","322","361","134","123","101","36","1084","39","316","349","120","123","102","35","1074","39","305","349","118","124","104","35","1077","39","307","356","118","121","101","35","1136","41","330","382","128","118","103","34","1168","40","352","386","135","120","101","34","1234","40","366","423","154","119","99","33","1231","39","354","428","157","122","96","35","1230","40","352","423","163","123","93","36","1219","44","342","416","163","126","90","38","1241","43","346","439","166","121","87","39","1225","44","356","437","149","120","83","36","1188","45","342","412","150","116","85","38","1199","46","340","431","140","117","87","38","1189","48","340","420","143","115","82","41","1205","47","353","422","146","116","80","41",
"전라남도","장흥군","감소","계","132057","13679","10139","13263","21119","30505","26267","17085","160992","22242","15310","17274","28202","36240","25442","16283","134432","10302","9519","13439","21501","32335","28672","18665","164136","11603","10601","15468","24368","39301","38310","24485","166818","16542","11346","16368","28000","40050","33252","21260","144269","12077","10372","14479","24095","35373","29264","18608","163417","20407","12970","17983","27748","35852","29796","18662","179294","21540","14383","19447","30115","41661","32910","19238","189294","26195","17116","20747","32467","42760","31258","18752","162818","10792","10396","15234","25456","41202","36831","22908","158644","11600","11124","15472","24964","38405","35037","22042","142543","12272","10760","14811","23670","34327","28569","18134","170280","23043","16196","18869","28583","37947","28391","17251","112923","10033","8772","11291","17486","26093","23412","15836","135024","9605","9207","12985","20847","33677","29669","19033","159680","11751","10097","14800","23456","38142","37066","24369","176366","17128","11795","16934","28347","42208","36982","22972","143534","12193","9735","14165","22710","34718","30426","19586","160045","19346","12553","17414","26616","35975","29784","18358","161487","18708","12202","17799","26792","36356","30684","18945","136810","8485","9387","13492","21372","33595","30090","20389","208530","24660","17943","22623","34601","47833","38468","22403","152365","11337","10083","14632","23338","36357","34391","22226","137585","11241","10104","14332","21786","32484","28908","18730","133149","13060","9948","13651","20333","29938","27882","18336","162785","21501","15240","17918","26333","35565","28443","17785","132559","9188","9173","13313","20253","31373","29661","19598",
"전라남도","장흥군","감소","주민등록인구","34950","3884","2474","2250","3516","5882","7044","9900","34877","3861","2450","2230","3511","5883","7053","9889","34810","3829","2430","2238","3465","5891","7061","9896","34729","3792","2430","2233","3440","5877","7073","9884","34656","3773","2423","2232","3432","5851","7063","9882","34633","3744","2435","2225","3411","5867","7052","9899","34594","3732","2402","2231","3409","5837","7089","9894","34559","3715","2404","2231","3409","5812","7094","9894","34544","3699","2390","2243","3396","5803","7098","9915","34529","3701","2399","2224","3401","5766","7129","9909","34467","3686","2400","2228","3380","5737","7123","9913","34451","3692","2388","2241","3361","5701","7125","9943","34417","3686","2379","2217","3351","5714","7119","9951","34311","3654","2333","2209","3365","5686","7115","9949","34319","3633","2349","2210","3358","5686","7118","9965","34322","3617","2357","2215","3343","5685","7123","9982","34308","3609","2361","2219","3322","5680","7115","10002","34290","3601","2359","2214","3303","5672","7129","10012","34235","3576","2320","2217","3301","5652","7142","10027","34212","3570","2308","2216","3300","5626","7148","10044","34210","3550","2316","2226","3301","5606","7162","10049","34205","3557","2295","2233","3296","5577","7180","10067","34181","3559","2281","2216","3305","5566","7177","10077","34201","3557","2298","2214","3289","5558","7194","10091","34141","3541","2280","2213","3269","5547","7209","10082","34102","3509","2254","2212","3278","5539","7207","10103","34076","3501","2232","2207","3277","5495","7250","10114",
"전라남도","장흥군","감소","체류인구","96523","9784","7514","10831","17519","24533","19174","7168","125539","18368","12708","14874","24606","30269","18338","6377","99051","6459","6945","11029","17950","26358","21560","8751","128824","7797","8022","13064","20836","33337","31186","14582","131559","12756","8765","13954","24470","34115","26139","11360","108988","8321","7768","12053","20573","29419","22160","8693","128147","16663","10392","15540","24222","29926","22653","8752","144042","17812","11799","17002","26588","35755","25760","9326","154017","22484","14529","18273","28946","36864","24103","8819","127520","7078","7793","12762","21922","35340","29647","12979","123418","7900","8534","13003","21444","32570","27859","12108","107337","8567","8174","12326","20173","28536","21390","8171","135106","19342","13628","16389","25104","32143","21219","7281","77861","6362","6245","8825","13996","20321","16243","5869","99968","5955","6665","10523","17369","27907","22497","9051","124631","8107","7557","12337","19996","32377","29888","14370","141341","13494","9254","14470","24911","36446","29813","12953","108486","8567","7185","11694","19276","28958","23247","9558","124990","15745","10030","14915","23161","30232","22593","8315","126421","15113","9687","15286","23328","30636","23486","8884","101727","4911","6853","10962","17908","27892","22877","10324","173436","21081","15420","20079","31140","42159","31238","12320","117232","7755","7551","12077","19856","30693","27166","12133","102350","7658","7509","11741","18318","26835","21665","8624","97930","9494","7354","11031","16884","24305","20622","8239","127570","17968","12662","15272","22874","29942","21185","7667","97364","5663","6612","10672","16790","25798","22360","9469",
"전라남도","장흥군","감소","외국인","584","11","151","182","84","90","49","17","576","13","152","170","85","88","51","17","571","14","144","172","86","86","51","18","583","14","149","171","92","87","51","19","603","13","158","182","98","84","50","18","648","12","169","201","111","87","52","16","676","12","176","212","117","89","54","16","693","13","180","214","118","94","56","18","733","12","197","231","125","93","57","18","769","13","204","248","133","96","55","20","759","14","190","241","140","98","55","21","755","13","198","244","136","90","54","20","757","15","189","263","128","90","53","19","751","17","194","257","125","86","54","18","737","17","193","252","120","84","54","17","727","27","183","248","117","80","55","17","717","25","180","245","114","82","54","17","758","25","191","257","131","88","50","16","820","25","203","282","154","91","49","16","854","25","207","297","164","94","50","17","873","24","218","304","163","97","51","16","889","22","228","311","165","97","50","16","952","23","251","339","177","98","48","16","1034","26","297","377","179","91","49","15","1078","25","314","407","180","86","51","15","1113","24","324","434","181","84","51","15","1119","24","329","434","186","80","51","15",
"전라남도","강진군","감소","계","128260","14864","9709","12151","19859","28175","25837","17664","181054","26465","16038","18649","30499","38501","31631","19270","183058","15102","11162","16328","27787","44461","43162","25055","259782","15165","12703","18876","33724","64832","71865","42616","186581","18699","11909","15954","27817","42655","41965","27581","158033","13738","10466","14257","24350","38630","34985","21608","149349","16817","11336","14347","24427","34201","29232","18989","173098","21572","13258","17777","28821","39390","32456","19825","182339","22815","16310","19147","29857","41117","32862","20231","176191","15667","10560","14773","24931","40576","42797","26886","176817","13651","11769","15602","25883","40964","42106","26843","136110","11639","10321","13179","21574","31652","28713","19031","159386","22900","15020","16716","26109","33808","27333","17501","131007","15076","9159","12586","20218","28553","27438","17977","178366","13554","10602","15443","25446","42679","44662","25980","229325","13449","10708","16144","27315","53760","65683","42268","198381","19678","13120","17191","28547","45513","45003","29328","161619","13434","10523","14818","24076","38026","37169","23572","143182","16978","10544","14205","22578","31904","28147","18827","168729","19878","12947","17408","27561","38147","32706","20082","137340","10263","10359","12801","20188","31844","30830","21054","222732","26291","18726","22862","34026","48271","45337","27219","175473","14655","11016","15515","24423","38868","42735","28261","136214","11066","10173","13298","20739","31457","29499","19984","124643","14387","9210","12009","18456","26625","25986","17970","183152","24251","15845","19304","28295","37614","36054","21788","164762","12801","10868","14785","23528","38167","39897","24716",
"전라남도","강진군","감소","주민등록인구","32718","3655","2340","2136","3238","5255","6771","9323","32651","3636","2314","2102","3261","5243","6799","9296","32602","3609","2327","2098","3241","5228","6799","9300","32587","3619","2311","2095","3203","5244","6814","9301","32526","3604","2298","2087","3184","5247","6813","9293","32478","3598","2279","2107","3170","5230","6826","9268","32446","3596","2266","2101","3164","5230","6828","9261","32352","3568","2259","2087","3144","5219","6816","9259","32306","3569","2255","2096","3122","5193","6811","9260","32275","3557","2242","2115","3101","5165","6828","9267","32197","3554","2234","2119","3081","5144","6808","9257","32189","3546","2244","2125","3065","5133","6801","9275","32169","3546","2224","2133","3070","5111","6807","9278","32085","3521","2193","2118","3085","5107","6809","9252","32050","3506","2195","2136","3066","5085","6772","9290","32009","3503","2173","2139","3042","5082","6779","9291","31934","3503","2145","2139","3027","5057","6778","9285","31876","3487","2131","2135","3009","5052","6755","9307","31817","3475","2114","2143","2983","5039","6768","9295","31767","3460","2109","2114","2986","5011","6779","9308","31728","3457","2102","2113","2980","4985","6777","9314","31801","3486","2110","2120","2989","4968","6799","9329","31849","3483","2120","2136","2973","4967","6821","9349","31799","3472","2136","2138","2960","4951","6812","9330","31804","3464","2135","2136","2956","4933","6831","9349","31759","3462","2118","2105","2979","4929","6813","9353","31776","3457","2111","2123","2970","4885","6861","9369",
"전라남도","강진군","감소","체류인구","94987","11196","7223","9813","16557","22854","19017","8326","147848","22815","13575","16349","27174","33192","24783","9959","149902","11480","8687","14029","24484","39168","36313","15740","226655","11534","10256","16576","30458","59526","65005","33299","153502","15083","9467","13660","24564","37347","35109","18271","125001","10128","8037","11944","21114","33339","28117","12323","116325","13209","8916","12030","21189","28908","22362","9711","140162","17992","10844","15477","25598","34107","25596","10549","149452","19235","13901","16838","26658","35859","26005","10956","143332","12098","8172","12438","21752","35346","35921","17604","144019","10085","9385","13254","22721","35753","35251","17571","103333","8081","7931","10829","18433","26452","21864","9742","126612","19340","12654","14349","22957","28625","20479","8209","98322","11538","6826","10236","17055","23374","20582","8711","145736","10032","8265","13086","22308","37526","37843","16676","196740","9923","8393","13787","24208","48611","58857","32963","165855","16153","10828","14825","25449","40391","38179","20029","129143","9926","8237","12455","20996","32910","30367","14251","110721","13481","8266","11819","19509","26798","21331","9518","136298","16396","10672","15041","24483","33068","25880","10758","104935","6784","8086","10432","17113","26789","24007","11723","190239","22783","16444","20479","30939","43232","38489","17873","142893","11150","8714","13100","21340","33831","35862","18896","103706","7573","7862","10886","17676","26437","22635","10639","92130","10901","6902","9598","15401","21620","19105","8603","150701","20767","13567","16920","25222","32614","29193","12417","132307","9323","8603","12390","20463","33213","32987","15328",
"전라남도","강진군","감소","외국인","555","13","146","202","64","66","49","15","555","14","149","198","64","66","49","15","554","13","148","201","62","65","50","15","540","12","136","205","63","62","46","16","553","12","144","207","69","61","43","17","554","12","150","206","66","61","42","17","578","12","154","216","74","63","42","17","584","12","155","213","79","64","44","17","581","11","154","213","77","65","46","15","584","12","146","220","78","65","48","15","601","12","150","229","81","67","47","15","588","12","146","225","76","67","48","14","605","14","142","234","82","72","47","14","600","17","140","232","78","72","47","14","580","16","142","221","72","68","47","14","576","23","142","218","65","67","47","14","592","22","147","227","71","65","46","14","600","21","155","228","71","64","47","14","644","22","164","243","86","67","48","14","664","22","166","253","92","68","47","16","677","22","171","256","95","70","46","17","692","22","172","263","98","71","49","17","731","22","182","279","110","70","52","16","709","21","175","274","103","69","52","15","709","22","173","275","99","72","50","18","692","22","160","279","94","71","48","18","679","21","154","272","95","69","49","19",
"전라남도","해남군","감소","계","227295","24779","19818","23983","37042","49772","43352","28551","285052","40885","28580","31335","50303","59943","45244","28762","260430","21529","19589","26201","42360","61779","54833","34138","273951","21593","19095","26161","41972","65119","61309","38701","296875","31572","22246","32731","49596","65725","57918","37086","279533","24575","21481","28503","46693","65930","57329","35021","256289","28280","21486","27635","42885","57107","47618","31277","308786","39516","25235","33237","52766","68734","56048","33250","320524","39448","31016","37199","55089","69370","55137","33264","285565","25267","20975","30537","46885","64041","59890","37970","296390","22227","21673","29018","45581","69121","66790","41980","254412","22491","21541","27979","42576","58184","50171","31470","296189","42584","29851","33686","50669","62525","47691","29181","211977","21511","18736","22180","33543","45962","41756","28289","258164","20497","19170","26520","40414","60170","56441","34951","265714","18985","19275","25595","38747","60761","61751","40600","334664","38247","24362","38751","55459","72082","65258","40505","277628","25082","20530","29040","44264","64025","58470","36215","257075","27166","21410","28158","42269","56777","49327","31968","303193","34635","24491","33809","51513","67423","57051","34270","252468","18834","20108","27913","40330","57342","53212","34730","403265","50106","36324","46609","68366","87501","72398","41959","300687","22022","22264","30352","44942","67927","69211","43969","253743","22800","20697","28020","41048","56249","51955","32974","234374","24715","20534","26072","37021","49661","46298","30073","296553","40290","29504","34337","49155","61642","50236","31389","253195","19412","18985","26585","38660","57154","56867","35532",
"전라남도","해남군","감소","주민등록인구","64444","7610","4740","4052","6924","10889","13129","17100","64246","7547","4662","3989","6940","10885","13112","17111","64096","7490","4610","4000","6883","10886","13123","17104","64016","7452","4582","3996","6820","10880","13177","17109","63949","7421","4570","4003","6781","10872","13168","17134","63877","7404","4560","3977","6760","10843","13166","17167","63747","7368","4533","3980","6728","10797","13177","17164","63601","7323","4497","3989","6703","10734","13208","17147","63457","7289","4460","3991","6655","10708","13213","17141","63394","7273","4437","3978","6642","10673","13244","17147","63280","7242","4422","3967","6616","10599","13288","17146","63120","7199","4395","3947","6574","10568","13297","17140","63002","7171","4372","3943","6541","10549","13280","17146","62910","7102","4327","3938","6528","10573","13265","17177","62871","7069","4316","3975","6498","10535","13244","17234","62744","7025","4291","3958","6489","10485","13272","17224","62668","6990","4269","3967","6457","10478","13255","17252","62557","6948","4260","3969","6442","10410","13269","17259","62480","6914","4260","3923","6428","10393","13290","17272","62401","6902","4229","3927","6402","10377","13305","17259","62297","6871","4204","3941","6385","10363","13261","17272","62190","6852","4166","3950","6336","10322","13294","17270","62181","6830","4175","3939","6322","10310","13325","17280","62188","6811","4174","3959","6296","10272","13377","17299","62171","6791","4174","3943","6277","10294","13374","17318","62147","6751","4164","3927","6282","10267","13406","17350","62114","6717","4143","3966","6266","10219","13432","17371",
"전라남도","해남군","감소","체류인구","160966","17142","14527","19189","29831","38720","30141","11418","218969","33311","23382","26621","43086","48901","32050","11618","194511","14010","14445","21483","35210","50731","41631","17000","208140","14115","13994","21465","34879","54077","48054","21555","231092","24124","17143","28020","42529","54691","44669","19915","213693","17141","16369","23756","39613","54912","44083","17818","190482","20882","16380","22839","35810","46132","34361","14077","243037","32161","20146","28390","45698","57817","42758","16067","254877","32126","25954","32322","48068","58475","41842","16089","219913","17962","15914","25650","39860","53180","46559","20788","230804","14952","16593","24119","38591","58338","53412","24799","189080","15258","16517","23129","35662","47438","36781","14295","230999","35377","24848","28839","43814","51805","34315","11999","146866","14370","13778","17332","26691","35227","28392","11076","193035","13388","14184","21626","33583","49477","43094","17682","200689","11920","14318","20702","31910","50124","48374","23341","269567","31213","19404","33777","48600","61452","51902","23219","212522","18090","15565","24004","37382","53457","45099","18923","191810","20205","16398","23072","35330","46211","35933","14661","237897","27686","19490","28656","44578","56870","43640","16976","187129","11919","15083","22679","33388","46791","39845","17425","337787","43209","31219","41273","61437","76993","58996","24658","234936","15148","17056","24877","37994","57420","55783","26658","187766","15943","15396","22401","34107","45793","38482","15644","168280","17875","15179","20431","30077","39171","32825","12722","230507","33487","24200","28718","42186","51179","36731","14006","187106","12642","13704","20881","31669","46741","43341","18128",
"전라남도","해남군","감소","외국인","1885","27","551","742","287","163","82","33","1837","27","536","725","277","157","82","33","1823","29","534","718","267","162","79","34","1795","26","519","700","273","162","78","37","1834","27","533","708","286","162","81","37","1963","30","552","770","320","175","80","36","2060","30","573","816","347","178","80","36","2148","32","592","858","365","183","82","36","2190","33","602","886","366","187","82","34","2258","32","624","909","383","188","87","35","2306","33","658","932","374","184","90","35","2212","34","629","903","340","178","93","35","2188","36","631","904","314","171","96","36","2201","39","631","910","324","162","99","36","2258","40","670","919","333","158","103","35","2281","40","666","935","348","152","105","35","2429","44","689","1007","402","152","101","34","2549","44","705","1067","440","158","102","33","2785","47","752","1163","511","173","104","35","2895","47","772","1226","533","176","106","35","3042","44","821","1293","557","188","106","33","3288","45","939","1386","593","186","108","31","3570","44","1033","1536","626","197","103","31","3789","46","1127","1660","645","184","96","31","3923","49","1181","1698","667","196","99","33","3899","52","1140","1692","687","196","99","33","3975","53","1138","1738","725","194","94","33",
"전라남도","영암군","감소","계","216911","19541","23054","27716","41290","50366","35335","19610","265319","30368","30515","33878","50292","60015","39394","20860","274284","21372","27914","34870","51376","65024","47852","25876","290605","21214","27226","35760","52961","69906","53171","30367","288457","26603","28329","36495","55170","68261","47916","25684","262781","21013","26392","34120","49790","63129","44735","23603","267564","30172","29332","35620","50903","59111","40319","22108","305554","38500","34206","41770","57681","65371","44791","23235","300855","30175","33852","39872","56269","69033","47407","24248","286430","23025","27020","36284","52828","68215","51689","27369","293721","21092","28357","36315","52804","70661","55004","29489","242003","19640","25620","31311","45666","57319","40840","21605","254223","29870","29956","33632","47131","56167","37306","20162","204693","16861","21684","26447","38377","46452","34871","20001","242740","17334","23621","30372","44758","58055","44257","24344","277689","18846","25994","34431","49478","65760","52748","30432","287853","26768","27919","36878","53792","66825","48981","26690","260621","22837","25810","34293","48854","60552","43964","24311","266933","31074","28948","36937","50032","57182","40698","22060","291449","36637","31011","40091","54109","61975","44272","23354","256531","17252","25291","34056","47555","60765","46411","25202","331342","34493","35939","43797","59776","73476","54613","29248","289282","20637","26060","34897","50920","68428","56931","31410","239964","18359","23968","30621","44499","55945","42902","23671","214695","19814","22726","28277","39160","47286","36548","20884","260650","29851","29790","34482","47365","56710","40300","22152","240112","17000","22544","30325","43138","56693","44686","25725",
"전라남도","영암군","감소","주민등록인구","52331","6657","4689","3953","6974","9534","9471","11053","52180","6578","4636","3938","6952","9537","9472","11067","52129","6565","4635","3935","6906","9527","9488","11073","52050","6515","4630","3908","6861","9552","9530","11054","51958","6482","4620","3902","6828","9519","9554","11053","51875","6460","4592","3874","6814","9499","9576","11060","51798","6426","4584","3867","6778","9483","9576","11084","51669","6378","4542","3850","6746","9459","9591","11103","51573","6338","4524","3852","6712","9415","9619","11113","51471","6319","4491","3831","6688","9387","9636","11119","51456","6283","4506","3847","6639","9412","9650","11119","51391","6268","4466","3838","6617","9390","9685","11127","51261","6220","4429","3800","6602","9392","9658","11160","51116","6166","4335","3780","6596","9373","9682","11184","50971","6105","4279","3765","6558","9347","9665","11252","50984","6086","4305","3779","6510","9353","9683","11268","50857","6064","4258","3769","6453","9328","9705","11280","50789","6037","4233","3763","6441","9323","9700","11292","50481","5974","4150","3703","6391","9274","9688","11301","50329","5942","4101","3690","6345","9225","9715","11311","50264","5928","4063","3688","6321","9185","9743","11336","50170","5899","4037","3671","6279","9159","9780","11345","50131","5861","4028","3680","6249","9127","9802","11384","50069","5847","3983","3665","6252","9110","9814","11398","50051","5820","3972","3675","6203","9124","9848","11409","50058","5786","3935","3687","6191","9139","9897","11423","50039","5754","3952","3693","6151","9090","9948","11451",
"전라남도","영암군","감소","체류인구","155818","12507","15758","20425","33116","40087","25484","8442","204302","23417","23232","26560","42148","49733","29539","9676","213157","14426","20565","27519","43248","54751","37971","14677","229430","14310","19845","28385","44867","59594","43245","19184","227211","19726","20925","29062","47064","57981","37953","14501","201359","14147","18954","26593","41639","52867","34749","12411","206049","23329","21874","28041","42728","48852","30334","10892","244067","31706","26780","34142","49517","55138","34784","12000","239388","23430","26435","32208","48104","58840","37372","13000","225073","16289","19640","28642","44693","58058","41637","16114","232276","14381","20924","28613","44709","60480","44939","18231","180731","12936","18226","23676","37652","47169","30732","10338","193167","23197","22653","26058","39151","46019","27229","8861","143772","10243","14475","18882","30396","36344","24761","8671","181899","10771","16448","22793","36809","47976","34156","12947","216799","12280","18777","26835","41596","55671","42624","19016","226964","20216","20734","29234","45912","56768","38842","15258","199538","16304","18623","26515","40896","50502","33834","12864","206011","24598","21832","29155","42063","47183","30572","10606","230506","30179","23909","32254","46128","52020","34125","11891","195549","10780","18238","26174","39557","50859","36231","13711","270488","28044","28938","35966","51804","63593","44397","17746","228362","14225","19059","26989","42949","58577","46692","19872","179294","11940","17066","22834","36575","46113","32651","12116","154233","13400","15894","20540","31380","37437","26261","9321","200251","23472","23035","26751","39603","46853","29962","10575","179719","10642","15759","22568","35442","46899","34285","14123",
"전라남도","영암군","감소","외국인","8762","377","2607","3338","1200","745","380","115","8837","373","2647","3380","1192","745","383","117","8998","381","2714","3416","1222","746","393","126","9125","389","2751","3467","1233","760","396","129","9288","395","2784","3531","1278","761","409","130","9547","406","2846","3653","1337","763","410","132","9717","417","2874","3712","1397","776","409","132","9818","416","2884","3778","1418","774","416","132","9894","407","2893","3812","1453","778","416","135","9886","417","2889","3811","1447","770","416","136","9989","428","2927","3855","1456","769","415","139","9881","436","2928","3797","1397","760","423","140","9795","453","2874","3774","1378","756","419","141","9805","452","2874","3785","1385","735","428","146","9870","458","2894","3814","1391","732","436","145","9906","480","2912","3817","1372","736","441","148","10032","488","2927","3875","1427","729","434","152","10294","496","2954","4015","1517","727","430","155","10441","502","2966","4079","1578","725","438","153","10614","516","3001","4147","1636","730","432","152","10718","544","2990","4194","1677","721","437","155","10684","550","2964","4160","1693","724","436","157","10789","551","2973","4228","1722","724","437","154","10601","572","2919","4122","1672","722","437","157","10411","594","2860","4062","1577","725","439","154","10341","593","2820","4044","1571","718","441","154","10354","604","2833","4064","1545","704","453","151",
"전라남도","함평군","감소","계","131930","12344","12512","14259","21458","30224","24977","16156","168720","21316","18929","19014","29040","37438","26690","16293","156406","12548","13737","16812","26230","37745","30523","18811","227276","20713","17784","25893","36646","50692","46127","29421","244845","27108","19492","29358","41375","53675","46256","27580","177385","*","15146","19449","31256","43705","33894","*","160227","17292","14171","18300","28027","36397","28787","17253","184009","23712","15988","21254","32775","40500","31653","18126","208931","22223","20282","23583","34485","48898","38099","21360","218189","17276","16046","22287","34278","51421","46694","30188","193617","15220","15344","20688","31685","46403","39902","24375","164671","16233","15068","20450","28234","37350","29780","17557","162429","21190","17739","18558","27028","36233","26007","15675","118718","10414","10561","13241","18833","27304","22965","15400","156721","12376","13437","17364","25516","37627","31404","18996","210120","*","16246","24026","33086","47229","43749","*","262209","*","19386","33649","44264","55003","48797","*","170629","*","14459","19719","29132","40779","33007","*","152167","16357","13274","17692","26243","34039","27581","16981","170623","*","14072","19937","29699","37529","30325","*","155443","*","13413","15928","23965","37613","33905","*","245911","*","22061","27180","38876","55793","46548","*","205877","*","14854","21910","31633","48274","44518","*","157761","*","13579","18823","25834","36031","30465","*","127151","*","11217","14635","19945","27952","24801","*","164794","20157","16777","19354","27152","36693","27711","16950","145218","10804","12062","15658","23111","34288","30169","19126",
"전라남도","함평군","감소","주민등록인구","30523","2811","2078","1786","2923","5246","6540","9139","30466","2794","2064","1768","2916","5226","6571","9127","30405","2771","2050","1772","2904","5212","6582","9114","30393","2759","2030","1769","2899","5225","6594","9117","30366","2770","2037","1760","2881","5218","6597","9103","30348","2765","2030","1770","2860","5215","6604","9104","30279","2752","2009","1774","2849","5183","6606","9106","30208","2735","1987","1773","2832","5159","6614","9108","30107","2721","1982","1765","2816","5135","6597","9091","30058","2708","1990","1761","2807","5086","6599","9107","30018","2703","1991","1770","2782","5080","6590","9102","30010","2703","1994","1792","2764","5076","6590","9091","29913","2681","1964","1779","2726","5074","6583","9106","29865","2682","1931","1771","2724","5078","6567","9112","29871","2670","1930","1781","2732","5046","6561","9151","29813","2656","1923","1784","2708","5027","6554","9161","29756","2650","1920","1771","2704","5005","6544","9162","29733","2650","1913","1790","2696","4987","6516","9181","29686","2632","1887","1787","2678","4985","6536","9181","29596","2623","1864","1779","2667","4961","6528","9174","29541","2618","1844","1764","2655","4931","6533","9196","29514","2611","1839","1750","2635","4933","6536","9210","29512","2612","1844","1763","2622","4930","6540","9201","29458","2614","1836","1778","2607","4902","6527","9194","29394","2600","1810","1761","2602","4895","6528","9198","29325","2589","1784","1756","2606","4870","6521","9199","29320","2588","1770","1777","2592","4829","6560","9204",
"전라남도","함평군","감소","체류인구","100552","9526","10103","12177","18443","24912","18389","7002","137409","18513","16539","16959","26028","32146","20074","7150","125119","9769","11337","14746","23228","32461","23898","9680","195963","17947","15373","23820","33646","45397","39493","20287","213541","24331","17064","27281","38393","48394","39618","18459","146040","11373","12713","17336","28275","38422","27250","10672","128872","14533","11731","16148","25042","31147","22142","8129","152703","20967","13563","19100","29801","35273","24999","8999","177714","19493","17857","21425","31525","43699","31465","12249","187004","14558","13620","20118","31321","46268","40058","21062","162516","12503","12931","18531","28763","41259","33275","15254","133624","13517","12657","18293","25347","32210","23153","8448","131556","18495","15375","16457","24200","31093","19387","6550","87888","7718","8226","11149","16006","22158","16362","6269","125838","9695","11083","15238","22676","32511","24808","9826","179306","13489","13911","21889","30271","42137","37159","20449","231417","28909","17040","31519","41437","49934","42213","20366","139812","11247","12103","17543","26303","35732","26454","10430","121278","13715","10917","15466","23402","28988","21008","7782","139760","18356","11721","17678","26863","32497","23762","8884","124598","7041","11067","13671","21139","32604","27337","11740","215086","23551","19723","24934","36068","50779","39977","20053","175069","12638","12517","19656","28845","43260","37943","20210","127046","11682","11253","16562","23084","31049","23905","9510","96559","9543","8944","12404","17216","22984","18240","7228","134281","17552","14540","17130","24416","31753","21157","7733","114675","8199","9822","13402","20383","29388","23577","9904",
"전라남도","함평군","감소","외국인","855","7","331","296","92","66","48","15","845","9","326","287","96","66","45","16","882","8","350","294","98","72","43","17","920","7","381","304","101","70","40","17","938","7","391","317","101","63","41","18","997","*","403","343","121","68","40","*","1076","7","431","378","136","67","39","18","1098","10","438","381","142","68","40","19","1110","9","443","393","144","64","37","20","1127","10","436","408","150","67","37","19","1083","14","422","387","140","64","37","19","1037","13","417","365","123","64","37","18","960","14","400","322","102","66","37","19","965","14","404","321","103","68","36","19","1012","11","424","345","108","70","35","19","1001","*","412","353","107","65","36","*","1036","*","426","359","123","64","40","*","1084","*","443","386","133","60","37","*","1203","10","470","439","163","66","37","18","1267","*","487","480","169","71","35","*","1304","*","502","493","171","78","35","*","1311","*","499","496","173","81","35","*","1296","*","493","491","166","84","35","*","1257","*","490","483","143","80","33","*","1198","*","463","470","127","73","33","*","1188","16","453","468","130","70","33","18","1223","17","470","479","136","71","32","18",
"전라남도","영광군","감소","계","180255","18625","16201","19328","28746","40521","34774","22061","219342","29993","23059","24336","37652","47911","34885","21506","204731","18346","17260","21121","33044","47318","41476","26167","252547","19746","19812","25077","38976","59120","54477","35338","245076","22732","19533","24546","39016","58219","50183","30846","231423","19675","18182","24094","36602","54719","48936","29215","207436","21683","17591","22013","33840","47696","40128","24486","241175","26279","21110","26056","38463","55692","46725","26850","340111","32203","29448","33673","49373","79401","75420","40593","248505","20136","18854","24058","37363","59214","54600","34280","215260","18609","17016","21906","33439","50373","45556","28361","178994","16588","14948","19486","28090","41216","35843","22822","210438","29710","21428","23941","34361","45037","34306","21655","149436","14968","13048","16321","22845","32939","28935","20380","192823","17408","16029","20170","29450","44203","39319","26243","220844","17697","16643","21157","32488","50120","48604","34133","251444","25495","20709","26392","38548","56628","50330","33341","219411","18439","17547","23588","33557","50940","46163","29176","196265","19536","17056","21228","30826","44150","38661","24807","237318","24349","19591","24958","36275","55739","47919","28486","271561","16234","18273","23743","34318","63788","71601","43602","310834","34752","28607","34542","47818","68128","60299","36689","212598","16421","16104","21225","30929","48805","47567","31546","178448","15655","14464","19313","26743","40315","37200","24759","165604","17820","14464","18061","24472","35503","32905","22379","206541","27265","20652","24178","32479","44449","34784","22733","189269","16188","15598","21216","28559","42235","38788","26686",
"전라남도","영광군","감소","주민등록인구","51670","7265","4403","4531","6025","8356","9164","11926","51609","7234","4372","4479","6069","8356","9178","11921","51552","7212","4337","4468","6036","8361","9188","11950","51492","7209","4303","4454","5977","8368","9213","11968","51408","7182","4285","4456","5923","8364","9215","11983","51376","7167","4265","4463","5914","8357","9203","12007","51340","7126","4266","4492","5873","8358","9209","12016","51432","7141","4276","4509","5842","8402","9246","12016","51688","7169","4296","4574","5872","8441","9305","12031","51948","7187","4387","4619","5905","8430","9365","12055","51999","7187","4390","4648","5885","8424","9389","12076","52098","7183","4420","4675","5882","8416","9406","12116","52272","7201","4444","4721","5894","8446","9409","12157","52308","7200","4396","4700","5932","8477","9427","12176","52487","7230","4437","4729","5941","8484","9430","12236","52624","7229","4448","4794","5928","8513","9460","12252","52724","7238","4452","4814","5944","8525","9465","12286","52882","7249","4490","4840","5955","8560","9482","12306","53033","7253","4491","4884","5979","8587","9515","12324","53142","7260","4491","4893","5997","8595","9556","12350","53191","7238","4479","4915","5976","8608","9585","12390","53218","7216","4467","4936","5973","8602","9602","12422","53308","7199","4475","4970","5990","8600","9617","12457","53526","7200","4521","5018","6004","8626","9671","12486","53713","7206","4519","5053","6023","8669","9714","12529","53807","7217","4522","5043","6044","8694","9730","12557","53957","7277","4504","5085","6048","8676","9774","12593",
"전라남도","영광군","감소","체류인구","127581","11328","11528","14491","22605","32016","25511","10103","166746","22728","18426","19551","31470","39410","25608","9553","152191","11101","12661","16345","26895","38815","32189","14186","200067","12505","15246","20316","32884","50611","45168","23336","192651","15518","14968","19775","32972","49710","40877","18830","179017","12478","13631","19305","30563","46221","39644","17175","155003","14527","13028","17174","27822","39188","30828","12437","188603","19112","16518","21182","32464","47138","37388","14801","287280","25008","24841","28733","43339","70807","66023","28529","195405","12922","14163","19064","31288","50633","45142","22193","162109","11392","12329","16882","27385","41796","36072","16253","125789","9376","10235","14455","22048","32655","26344","10675","157091","22481","16703","18880","28314","36445","24801","9467","96080","7741","8382","11284","16769","24320","19411","8173","139281","10151","11313","15106","23367","35577","29792","13974","167161","10440","11914","16024","26419","41467","39046","21849","197629","18231","15954","21235","32454","47963","40769","21022","165343","11162","12725","18379","27421","42233","36587","16835","141986","12255","12225","15942","24650","35411","29054","12448","182902","17065","14748","19649","30077","46989","38274","16099","217058","8969","13439","18399","28129","55018","61926","31176","256288","27507","23781","29173","41625","59362","50607","24234","158017","9193","11287","15834","24740","40049","37860","19053","123701","8424","9612","13892","20557","31538","27441","12238","110712","10583","9627","12609","18277","26694","23107","9815","151537","20016","15813","18732","26254","35608","24970","10143","134080","8878","10776","15708","22323","33409","28927","14060",
"전라남도","영광군","감소","외국인","1004","32","270","306","116","149","99","32","987","31","261","306","113","145","99","32","988","33","262","308","113","142","99","31","988","32","263","307","115","141","96","34","1017","32","280","315","121","145","91","33","1030","30","286","326","125","141","89","33","1093","30","297","347","145","150","91","33","1140","26","316","365","157","152","91","33","1143","26","311","366","162","153","92","33","1152","27","304","375","170","151","93","32","1152","30","297","376","169","153","95","32","1107","29","293","356","160","145","93","31","1075","28","281","340","153","146","96","31","1048","27","270","337","144","142","97","31","1055","27","279","335","142","142","97","33","1059","28","281","339","141","140","98","32","1091","26","303","343","150","140","96","33","1186","28","332","369","181","147","94","35","1246","28","340","402","197","152","92","35","1274","24","352","416","201","155","89","37","1312","27","355","429","213","162","90","36","1328","29","359","433","220","164","90","33","1273","29","342","421","199","156","90","36","1221","31","331","403","182","151","88","35","1179","31","318","399","172","140","84","35","1197","32","317","403","181","147","84","33","1232","33","318","423","188","150","87","33",
"전라남도","장성군","감소","계","197302","18877","21806","22583","33208","46012","35037","19780","239905","29494","29225","27768","41499","53846","37675","20398","239197","20247","25563","26475","40157","57387","45344","24026","275252","24722","27736","29671","44586","65109","53045","30384","317307","30879","32443","34325","52414","75816","59662","31768","275713","22329","29178","30527","45898","66909","52734","28138","240589","23106","27090","27736","40452","56831","42369","23004","284065","30614","32881","33939","47344","65252","48779","25255","280514","28777","32969","33246","46994","64820","48063","25646","347084","32371","30041","38791","54495","81257","71535","38593","336712","24390","29313","33545","50969","83174","75437","39883","214885","17784","22712","25176","35878","51336","40353","21645","224241","27205","26568","27331","37981","50500","35292","19365","180888","16996","19891","20940","29218","41905","33002","18937","236018","18974","25929","26365","38458","56352","44793","25147","269374","19075","27423","29939","43371","64871","53729","30965","311434","28192","31631","36058","51223","73574","58701","32055","267738","21055","28200","30876","43342","64433","52126","27706","243241","22618","26616","29092","40089","56548","44377","23902","273788","26591","29378","32868","44828","64588","49673","25861","237350","16630","24147","26534","37895","57634","48090","26418","379042","40489","37779","45256","59991","84378","71527","39622","349616","24732","28095","35085","51118","84343","81556","44687","217338","17187","22986","25246","35073","51947","42040","22860","200037","18746","20710","23806","31812","46152","37574","21237","241753","28754","27482","29458","39312","54129","40579","22038","242744","18478","24868","27876","38202","57520","48965","26835",
"전라남도","장성군","감소","주민등록인구","42479","4941","3597","3149","4800","7380","8233","10379","42496","4950","3565","3160","4805","7375","8270","10371","42449","4938","3563","3159","4769","7376","8287","10357","42389","4914","3562","3163","4717","7364","8302","10367","42247","4864","3514","3156","4693","7340","8308","10372","42233","4855","3511","3130","4678","7369","8304","10386","42247","4851","3501","3139","4664","7380","8339","10373","42177","4826","3470","3139","4652","7336","8390","10364","42129","4806","3446","3150","4638","7321","8400","10368","42058","4804","3408","3130","4640","7296","8416","10364","42087","4809","3400","3160","4614","7288","8449","10367","42026","4810","3361","3166","4563","7302","8444","10380","42024","4808","3359","3175","4551","7284","8437","10410","42054","4843","3319","3175","4555","7285","8431","10446","42460","4886","3385","3260","4623","7350","8427","10529","42655","4916","3406","3320","4612","7399","8443","10559","42787","4909","3445","3344","4632","7389","8471","10597","42842","4908","3455","3350","4622","7372","8499","10636","42893","4920","3421","3366","4610","7364","8556","10656","42839","4934","3362","3367","4601","7342","8575","10658","42881","4927","3379","3387","4606","7334","8556","10692","42842","4904","3363","3383","4578","7345","8565","10704","42891","4892","3391","3391","4579","7330","8587","10721","42958","4902","3405","3400","4570","7316","8622","10743","42975","4903","3405","3394","4566","7326","8632","10749","43001","4923","3394","3396","4562","7298","8655","10773","42984","4913","3323","3425","4533","7286","8691","10813",
"전라남도","장성군","감소","체류인구","153790","13914","17822","19101","28305","38520","26737","9392","196376","24519","25270","24276","36591","46363","29339","10018","195710","15286","21606","22986","35280","49903","36993","13658","231775","19788","23761","26167","39742","57635","44677","20006","273956","25995","28514","30813","47591","68366","51290","21387","232362","17454","25251","27035","41089","59424","44367","17742","197210","18235","23170","24223","35656","49337","33967","12621","240760","25767","28991","30433","42560","57801","40327","14880","237243","23951","29095","29721","42222","57387","39601","15267","303854","27546","26206","35263","49713","73850","63056","28219","293486","19560","25479","30010","46228","75779","66923","29506","171743","12951","18919","21646","31197","43927","31847","11255","181108","22377","22793","23787","33309","43108","26790","8945","137717","12132","16162","17391","24535","34510","24506","8482","192431","14066","22138","22718","33705","48893","36302","14609","225548","14137","23595","26221","38618","57357","45225","20394","267404","23260","27759","32278","46425","66063","50173","21446","223608","16121","24310","27061","38548","56940","43571","17057","199025","17674","22744","25249","35296","49066","35764","13233","229624","21636","25558","29021","40047","57127","41044","15190","193090","11679","20286","22649","33101","50181","39479","15713","334807","35560","33940","41367","55213","76912","62910","28905","305374","19815","24244","31201","46348","76897","72916","33953","173066","12257","19123","21366","30331","44520","33366","12104","155713","13812","16840","19914","27062","38716","28895","10474","197405","23799","23621","25563","34567","46725","31878","11251","198401","13533","21075","23938","33488","50130","40229","16008",
"전라남도","장성군","감소","외국인","1033","22","387","333","103","112","67","9","1033","25","390","332","103","108","66","9","1038","23","394","330","108","108","64","11","1088","20","413","341","127","110","66","11","1104","20","415","356","130","110","64","9","1118","20","416","362","131","116","63","10","1132","20","419","374","132","114","63","10","1128","21","420","367","132","115","62","11","1142","20","428","375","134","112","62","11","1172","21","427","398","142","111","63","10","1139","21","434","375","127","107","65","10","1116","23","432","364","118","107","62","10","1109","20","416","369","121","108","65","10","1117","21","410","374","128","110","65","9","1127","22","406","387","130","109","64","9","1171","22","422","398","141","115","61","12","1243","23","427","436","166","122","57","12","1288","26","435","465","172","121","56","13","1323","24","451","477","183","118","57","13","1325","21","458","480","180","119","54","13","1379","24","482","498","188","119","55","13","1393","25","476","506","200","121","52","13","1351","25","460","493","191","116","53","13","1314","28","458","480","172","111","52","13","1349","31","465","498","184","110","47","14","1347","32","467","499","183","106","46","14","1359","32","470","513","181","104","45","14",
"전라남도","완도군","감소","계","166787","16584","13379","17025","28022","37446","33417","20915","196173","27371","18592","20785","35892","41541","32004","19987","175879","12005","12213","17090","27860","41667","40593","24452","216074","12018","13241","18371","29330","52401","57572","33141","206107","19050","15035","20736","32597","45329","45009","28351","180480","14768","13742","18886","29382","40495","38660","24547","191624","22061","16047","20671","33706","40804","36001","22334","239545","30818","20092","25734","41962","52002","43761","25176","221957","28049","21073","25155","39033","46514","38411","23722","188234","14760","13002","18922","30008","42201","42213","27128","173156","11497","13009","17524","27173","39139","39362","25452","162992","12883","13606","17939","27674","36766","32983","21140","207453","28024","19838","22994","37634","44728","33893","20343","141801","13412","11592","14885","22990","30536","28820","19568","168936","11032","12248","16866","25545","38862","39865","24518","206306","11424","12556","18099","26838","47844","55573","33972","240232","24254","17144","24332","37724","52880","52398","31500","185987","15307","14120","19683","29129","41534","40688","25527","200254","23985","17205","22914","34329","41290","37224","23307","246432","32250","20472","27909","42966","52043","44860","25933","157497","10921","12255","16794","24112","34779","35271","23365","287234","38819","25004","32874","50261","59523","50769","29983","180830","11786","13332","18638","28100","40554","41379","27042","173791","13686","14411","19971","29086","38784","35458","22395","162616","16553","13512","17903","26102","35160","32448","20938","203934","27195","19699","23519","35381","42565","34219","21356","162885","9745","12408","17157","23655","36193","38757","24970",
"전라남도","완도군","감소","주민등록인구","46530","5724","3111","3043","5539","7436","9201","12476","46399","5676","3079","2994","5540","7428","9197","12485","46291","5643","3049","2985","5520","7412","9192","12490","46226","5625","3055","2958","5469","7428","9223","12468","46161","5597","3040","2973","5457","7411","9215","12468","46103","5579","3045","2938","5437","7405","9236","12463","46014","5562","3036","2930","5413","7378","9240","12455","45912","5526","3020","2924","5383","7357","9239","12463","45837","5522","3006","2909","5361","7334","9246","12459","45754","5483","3012","2914","5327","7327","9212","12479","45702","5458","3009","2906","5309","7295","9216","12509","45631","5439","2992","2889","5281","7295","9215","12520","45503","5406","2953","2866","5275","7294","9181","12528","45385","5354","2922","2847","5262","7299","9171","12530","45323","5329","2920","2839","5247","7304","9122","12562","45263","5312","2914","2849","5224","7303","9103","12558","45189","5309","2889","2847","5208","7281","9089","12566","45108","5299","2867","2836","5201","7269","9072","12564","44980","5281","2834","2791","5169","7268","9066","12571","44908","5271","2823","2768","5162","7237","9062","12585","44838","5252","2803","2778","5130","7228","9054","12593","44761","5237","2777","2773","5111","7204","9049","12610","44676","5209","2749","2764","5107","7190","9041","12616","44613","5180","2732","2767","5111","7154","9057","12612","44535","5139","2739","2753","5066","7138","9054","12646","44416","5092","2707","2715","5083","7126","9046","12647","44339","5076","2671","2720","5061","7062","9070","12679",
"전라남도","완도군","감소","체류인구","117406","10841","9219","12708","22167","29897","24153","8422","146830","21678","14440","16443","30036","34002","22746","7484","126604","6344","8084","12712","22038","34144","31339","11944","166825","6374","9093","13997","23560","44861","48285","20655","156768","13435","10862","16241","26833","37802","35731","15864","131042","9168","9546","14324","23604","32972","29363","12065","142304","16473","11873","16140","27953","33307","26697","9861","190388","25267","15940","21257","36245","44525","34458","12696","172908","22502","16940","20733","33325","39060","29100","11248","138933","9250","8783","14301","24278","34754","32932","14635","123721","6012","8735","12809","21435","31722","30079","12929","113662","7417","9382","13249","21956","29350","23701","8606","158531","22591","15706","18505","31962","37326","24641","7801","92929","8030","7470","10364","17340","23125","19579","7023","120114","5668","8132","12348","19904","31444","30675","11943","157468","6074","8431","13515","21213","40434","46400","21401","191532","18904","13044","19801","32135","45493","43234","18921","137323","9968","10020","15132","23550","34156","31546","12952","151902","18664","13185","18524","28804","33912","28088","10725","198082","26938","16430","23519","37440","44693","35727","13336","109287","5629","8244","12429","18638","27439","26147","10761","238714","33542","20914","28253","44777","52214","41650","17363","132187","6537","9216","13888","22600","33260","32271","14416","124927","8467","10241","15029","23558","31527","26332","9773","114005","11376","9376","13089","20639","27918","23325","8282","155349","22065","15586","18671","29886","35338","25104","8699","114285","4632","8309","12244","18173","29026","29620","12281",
"전라남도","완도군","감소","외국인","2851","19","1049","1274","316","113","63","17","2944","17","1073","1348","316","111","61","18","2984","18","1080","1393","302","111","62","18","3023","19","1093","1416","301","112","64","18","3178","18","1133","1522","307","116","63","19","3335","21","1151","1624","341","118","61","19","3306","26","1138","1601","340","119","64","18","3245","25","1132","1553","334","120","64","17","3212","25","1127","1513","347","120","65","15","3547","27","1207","1707","403","120","69","14","3733","27","1265","1809","429","122","67","14","3699","27","1232","1801","437","121","67","14","3419","27","1179","1623","397","108","71","14","3487","28","1200","1674","388","112","70","15","3499","35","1196","1679","394","114","68","13","3575","38","1211","1735","401","107","70","13","3511","41","1211","1684","381","106","75","13","3556","40","1233","1715","378","109","70","11","3372","40","1186","1599","356","110","70","11","3442","41","1219","1622","364","113","71","12","3372","40","1208","1587","344","112","70","11","3759","40","1313","1848","373","105","70","10","3967","40","1367","1986","393","104","67","10","4251","39","1438","2175","417","103","69","10","4076","38","1397","2061","397","104","69","10","4169","38","1406","2133","412","101","69","10","4261","37","1428","2193","421","105","67","10",
"전라남도","진도군","감소","계","137198","17182","12480","14897","22805","28948","25611","15275","160959","25262","15897","17797","28684","32395","25510","15413","141476","10670","10945","14364","21349","32176","32646","19327","146230","11106","10877","15831","22141","32443","33167","20666","157649","16834","12689","17493","26155","33920","31127","19430","148580","15922","13015","17593","25226","31679","27991","17153","147590","20104","14419","17618","25814","30125","24082","15428","180917","25275","16537","21376","31731","38032","30860","17105","172914","21951","17588","22251","29672","35791","28751","16911","150595","13715","11967","17427","24113","32202","31681","19490","141048","11684","12243","15936","21749","30984","30220","18233","139315","14598","13429","17331","23217","30040","25469","15231","162910","24155","16740","19343","28602","33330","25819","14921","120154","15731","11227","13470","20014","24381","21392","13940","146350","11263","11757","15664","21330","32305","34078","19954","141255","9524","10355","15286","20054","31396","33471","21170","163267","18222","12503","18794","26428","34882","32431","20007","138838","13790","11681","16992","23025","29828","26814","16709","147821","19511","13585","18098","25995","29805","24926","15900","176177","23763","16213","21495","30572","36379","30225","17530","126908","9501","11747","16166","19284","26792","26420","16998","188872","24408","17690","22131","32065","38699","33770","20109","131803","9932","11560","14956","19831","28529","28783","18213","127666","12320","11747","15843","20687","27169","24515","15385","121914","15123","11309","14060","19559","24754","22655","14455","151851","23557","15095","17927","26054","29797","24391","15030","116713","7985","9654","12622","16744","25669","26911","17128",
"전라남도","진도군","감소","주민등록인구","28938","3285","2169","1888","3130","4795","5717","7954","28880","3277","2142","1891","3111","4789","5726","7944","28860","3277","2131","1887","3108","4765","5766","7926","28807","3262","2136","1881","3068","4776","5779","7905","28748","3260","2128","1868","3028","4773","5771","7920","28717","3236","2133","1872","3002","4782","5777","7915","28704","3228","2115","1879","3013","4758","5787","7924","28690","3225","2097","1892","3006","4755","5797","7918","28623","3209","2087","1873","2993","4748","5808","7905","28569","3190","2083","1854","2982","4739","5810","7911","28545","3175","2093","1843","2969","4744","5818","7903","28478","3168","2076","1855","2942","4739","5808","7890","28374","3139","2063","1840","2907","4727","5822","7876","28348","3126","2030","1842","2905","4735","5829","7881","28357","3115","2031","1852","2890","4730","5825","7914","28358","3115","2014","1855","2869","4719","5858","7928","28329","3108","2013","1846","2859","4699","5844","7960","28323","3101","2004","1855","2830","4700","5849","7984","28219","3090","1971","1824","2820","4680","5858","7976","28163","3079","1954","1817","2818","4652","5858","7985","28136","3078","1938","1809","2812","4629","5876","7994","28052","3057","1926","1793","2797","4608","5880","7991","28017","3048","1914","1791","2787","4578","5895","8004","27964","3031","1912","1788","2780","4544","5916","7993","27925","3016","1913","1784","2765","4540","5905","8002","27922","3006","1907","1774","2781","4531","5913","8010","27922","3013","1886","1766","2781","4505","5934","8037",
"전라남도","진도군","감소","체류인구","106850","13888","9703","12459","19552","24079","19864","7305","130659","21976","13143","15348","25450","27533","19754","7454","111190","7384","8198","11921","18118","27335","26850","11385","115897","7831","8106","13361","18918","27579","27358","12745","127323","13558","9919","15005","22965","29058","25324","11493","118247","12672","10230","15082","22051","26806","22183","9222","117241","16860","11656","15073","22625","25278","18264","7485","150547","22033","13785","18794","28545","33188","25033","9168","142591","18724","14839","19670","26505","30953","22914","8987","120229","10503","9207","14811","20936","27372","25838","11562","110593","8488","9394","13299","18579","26153","24369","10312","108925","11407","10596","14674","20073","25221","19630","7324","132586","20994","13910","16678","25485","28524","19968","7027","89789","12581","8389","10786","16892","19566","15535","6041","115990","8126","8931","12977","18214","27495","28228","12020","110903","6388","7578","12606","16933","26589","27588","13222","132746","15092","9685","16022","23272","30086","26563","12026","108378","10668","8888","14221","19920","25035","20943","8704","117485","16401","10831","15359","22914","25030","19046","7903","145872","20660","13469","18760","27482","31632","24345","9524","96589","6400","9007","13418","16190","22069","20522","8983","158523","21327","14914","19358","28962","33998","27869","12095","101394","6859","8754","12124","16746","23859","22867","10186","97318","9262","8943","13015","17615","22537","18576","7370","91614","12081","8501","11231","16517","20129","16725","6431","121622","20526","12318","15137","23010","25181","18453","6997","86445","4949","6892","9820","13686","21078","20952","9068",
"전라남도","진도군","감소","외국인","1410","9","608","550","123","74","30","16","1420","9","612","558","123","73","30","15","1426","9","616","556","123","76","30","16","1526","13","635","589","155","88","30","16","1578","16","642","620","162","89","32","17","1616","14","652","639","173","91","31","16","1645","16","648","666","176","89","31","19","1680","17","655","690","180","89","30","19","1700","18","662","708","174","90","29","19","1797","22","677","762","195","91","33","17","1910","21","756","794","201","87","33","18","1912","23","757","802","202","80","31","17","1950","22","767","825","210","79","29","18","2017","24","808","842","217","80","28","18","2003","22","795","835","226","80","25","20","1994","21","763","825","252","88","25","20","2192","22","805","926","297","97","24","21","2137","21","789","916","275","93","22","21","2117","20","783","915","261","95","22","21","2142","24","790","918","272","95","22","21","2183","23","802","939","282","94","22","21","2297","24","850","980","306","93","21","23","2392","25","892","1041","298","92","21","23","2384","27","892","1040","292","88","23","22","2375","26","895","1045","277","85","25","22","2307","25","870","1016","263","85","25","23","2346","23","876","1036","277","86","25","23",
"전라남도","신안군","감소","계","145359","12018","12206","14286","21838","33822","32195","18994","169028","20385","16004","17265","27897","37124","31473","18880","183638","11276","12220","15802","25355","44159","48064","26763","295826","16827","16172","22650","35749","66328","86973","51127","258112","18061","15725","21009","34342","60145","69588","39243","227634","15862","14278","19477","31133","54306","60795","31782","182216","17471","14560","18498","27750","41025","39994","22918","236552","25198","17874","24236","36307","54025","52187","26724","221528","23529","19645","23742","34584","48624","45608","25797","209207","13061","13420","17874","27454","47914","57060","32424","173364","10172","12617","15791","23603","39855","45128","26198","146180","10509","11948","15219","22366","33031","33017","20089","175851","20008","16651","18874","27362","38741","34354","19859","121995","*","10300","12332","17367","26943","27394","*","173673","*","12207","15651","23223","40441","45714","*","241679","11511","13539","17699","27229","52528","72322","46850","271102","21265","15977","22040","34674","61389","73880","41877","212682","14277","13715","18440","27774","49930","56777","31769","174304","17039","14301","18008","26166","37821","37868","23102","209368","22342","16608","21543","31311","46058","45422","26084","157442","9621","12515","15849","21442","34331","39196","24487","257148","28419","21360","26311","38154","53788","56100","33015","167920","9726","12255","15177","21974","36898","44345","27544","141642","10178","11714","14585","20811","31576","32144","20634","136832","11441","11625","13399","19104","30154","30828","20282","167809","19582","15599","17814","26236","35395","32850","20332","166013","10215","11816","15565","21838","36750","43195","26635",
"전라남도","신안군","감소","주민등록인구","38044","3271","2372","2273","3940","6745","8537","10906","38088","3262","2374","2284","3956","6765","8551","10896","38181","3302","2380","2283","3946","6779","8572","10919","38191","3312","2375","2259","3931","6778","8621","10915","38195","3314","2369","2247","3932","6768","8617","10948","38222","3315","2369","2245","3924","6786","8626","10957","38179","3290","2366","2242","3925","6764","8625","10967","38174","3320","2363","2225","3915","6758","8630","10963","38133","3319","2361","2212","3900","6725","8655","10961","38087","3278","2372","2207","3886","6702","8677","10965","38102","3273","2381","2211","3881","6684","8668","11004","38173","3291","2397","2208","3874","6672","8700","11031","38221","3316","2402","2211","3869","6683","8698","11042","38376","3350","2437","2225","3921","6702","8704","11037","38694","3444","2454","2256","3950","6760","8720","11110","38835","3493","2483","2254","3975","6751","8746","11133","38933","3537","2481","2264","3968","6761","8774","11148","38996","3572","2493","2255","3981","6747","8784","11164","38955","3583","2472","2245","3955","6738","8771","11191","38930","3585","2460","2246","3933","6735","8771","11200","38883","3591","2454","2231","3925","6718","8775","11189","39903","3775","2557","2310","4081","6937","8963","11280","41545","4000","2775","2454","4300","7272","9348","11396","41858","4043","2804","2462","4359","7336","9455","11399","41850","4037","2810","2459","4330","7349","9461","11404","41889","4018","2829","2460","4348","7353","9462","11419","42045","4071","2840","2490","4336","7317","9530","11461",
"전라남도","신안군","감소","체류인구","106436","8731","9529","11645","17808","27027","23620","8076","130054","17110","13323","14607","23851","30309","22884","7970","144550","7961","9517","13139","21321","37329","39454","15830","256700","13503","13457","20001","31730","59498","78314","40197","218924","14733","12998","18355","30308","53320","60931","28280","188382","12532","11542","16804","27102","47460","52131","20810","142908","14166","11794","15779","23705","34196","31332","11936","197235","21864","15107","21532","32262","47202","43521","15746","182216","20198","16868","21040","30542","41833","36918","14818","169903","9769","10627","15160","23414","41145","48347","21441","133972","6885","9791","13031","19560","33103","36425","15177","106755","7204","9129","12452","18344","26299","24284","9042","136367","16678","13823","16102","23342","31999","25621","8800","82380","6555","7436","9562","13298","20183","18656","6691","133732","6923","9334","12832","19132","33623","36955","14933","201586","8008","10638","14875","23112","45716","63537","35699","230922","17717","13089","19202","30560","54569","65073","30712","172453","10694","10818","15614","23653","43126","47960","20588","133997","13444","11410","15129","22041","31017","29064","11893","169067","18747","13708","18663","27210","39254","36618","14867","117102","6019","9585","12951","17339","27540","30386","13281","215723","24631","18300","23303","33888","46781","47101","21718","124814","5712","8973","11998","17484","29556","34959","16131","98230","6121","8411","11388","16265","24180","22647","9218","93431","7390","8304","10221","14578","22756","21323","8860","124397","15550","12257","14650","21704","27997","23343","8895","122418","6132","8447","12364","17309","29388","33622","15157",
"전라남도","신안군","감소","외국인","879","16","305","368","90","50","38","12","886","13","307","374","90","50","38","14","907","13","323","380","88","51","38","14","935","12","340","390","88","52","38","15","993","14","358","407","102","57","40","15","1030","15","367","428","107","60","38","15","1129","15","400","477","120","65","37","15","1143","14","404","479","130","65","36","15","1179","12","416","490","142","66","35","18","1217","14","421","507","154","67","36","18","1290","14","445","549","162","68","35","17","1252","14","422","559","148","60","33","16","1263","14","426","561","151","59","35","17","1239","*","427","545","148","58","34","*","1247","*","419","563","141","58","39","*","1258","10","418","570","142","61","39","18","1247","11","407","574","146","59","33","17","1233","11","404","571","140","57","33","17","1352","12","419","634","170","66","33","18","1371","10","440","634","168","69","33","17","1457","11","476","667","178","73","35","17","1522","13","503","698","185","70","36","17","1561","14","507","725","190","70","38","17","1554","14","499","735","187","60","42","17","1551","14","511","719","196","49","44","18","1523","14","513","704","184","45","45","18","1550","12","529","711","193","45","43","17",
"경상북도","경주시","관심","계","1369472","236205","181129","193579","229815","243368","190575","94801","1491908","260939","207657","210590","254697","257164","200453","100409","1519136","188177","202961","225429","250895","289889","240894","120890","1735611","209251","208459","254331","277786","338168","290284","157333","1638435","267306","193773","231586","275127","301643","240408","128592","1498148","201277","182834","231639","259796","285112","226010","111481","1541800","257367","203631","232955","263282","270044","209428","105093","1861251","344427","260268","290575","330488","301016","225424","109053","1584397","227338","207881","252773","265764","284993","230531","115117","1737612","282734","195938","253685","290437","319587","261058","134174","1647180","209563","200780","240383","267935","324966","269670","133883","1361799","187616","178762","207285","218274","253351","209957","106554","1506388","260431","200090","231492","252748","256215","202887","102524","1293614","219997","172040","180831","211846","221939","187235","99726","1429361","173239","182532","218910","231398","269836","231631","121815","1650324","181238","196215","251449","255528","318479","286932","160482","1741566","289546","207243","256071","292740","307105","252369","136491","1482023","192282","183610","234009","246583","276888","229416","119234","1522605","252670","201003","235849","256786","260292","208349","107655","1918664","351321","256732","303085","339954","310985","238252","118335","1400546","170346","168030","223761","226977","265545","225484","120403","1978967","328138","236135","307219","341814","338224","278210","149227","1781087","216066","202559","258186","278780","342156","310597","172743","1445078","198045","173990","218969","229205","265897","232401","126570","1491596","254887","179619","219919","245803","258558","216659","116151","1649020","293660","214420","247882","280666","272482","220981","118928","1455564","167977","180433","220891","225702","271285","249552","139725",
"경상북도","경주시","관심","주민등록인구","247124","32833","22687","22936","33041","46120","46110","43397","246708","32639","22439","22851","32895","46173","46138","43573","246371","32441","22251","22821","32694","46108","46290","43766","246081","32282","22187","22809","32436","46101","46384","43882","245920","32161","22113","22814","32287","46059","46479","44007","245669","32047","21963","22776","32174","46019","46517","44173","245601","31935","21852","22881","32015","46017","46539","44362","245475","31865","21765","22890","31897","45945","46636","44477","245365","31751","21688","22910","31814","45880","46686","44636","245285","31635","21653","22916","31667","45849","46783","44782","245127","31551","21552","22943","31528","45842","46811","44900","244769","31431","21368","22902","31353","45805","46881","45029","244589","31327","21227","22899","31159","45815","46887","45275","244334","31184","20983","22814","31135","45805","46942","45471","244408","31080","20912","22916","31036","45684","46963","45817","244486","30990","20895","22989","30947","45626","47078","45961","244495","30935","20841","23019","30854","45545","47157","46144","244411","30854","20744","23047","30778","45485","47234","46269","244342","30784","20632","23084","30723","45385","47315","46419","244247","30679","20540","23109","30688","45338","47352","46541","244215","30611","20503","23147","30593","45267","47443","46651","244345","30601","20498","23151","30502","45193","47568","46832","244248","30548","20441","23141","30417","45060","47636","47005","244055","30460","20315","23095","30303","45011","47720","47151","243781","30328","20164","23028","30198","44992","47697","47374","243462","30079","20039","22937","30099","44940","47758","47610","243282","29948","19887","22985","29959","44701","47872","47930",
"경상북도","경주시","관심","체류인구","1108314","201738","155126","166521","194481","195680","143636","51132","1231200","226665","181927","183645","219497","209428","153485","56554","1258484","154073","177345","198395","215847","242214","193777","76832","1475144","175294","182870","227288","242968","290496","243075","113154","1377953","233459","168181","204487","240439","253996","193105","84286","1237826","167536","157355","204543","225210","237520","178656","67007","1281269","223707","178206","205658","228796","222437","162035","60430","1600732","310823","234898","263234","296111","253461","177938","64267","1323760","193806","182400","225414","231481","237501","182985","70173","1476906","249283","170459","226291","256263","272115","213412","89084","1386217","176165","175274","212812","233824","277482","221991","88669","1101010","154324","153384","179682","184301","205905","162206","61208","1245719","227246","174830","203901","218928","208760","155122","56931","1033097","186927","146977","153302","178060","174485","139407","53939","1168380","140172","157377","191179","197698","222493","183780","75681","1388988","148256","170998","223545","221839","271188","238958","114203","1480133","256628","182009","228106","259149","259897","204310","90033","1220354","159413","158364","205927","212986","229732","181277","72654","1260904","219836","175812","207736","223222","213243","160131","60923","1656841","318572","231568","274873","306383","263969","190000","71476","1137906","137585","142272","195419","193465","218586","177146","73433","1715936","295404","210231","278801","308356","291335","229732","102077","1517811","183393","176570","229644","245358","295375","262052","125419","1181801","165454","148047","190400","195879","219153","183773","79094","1228510","222418","153847","191388","212539","211823","168043","68452","1386596","261495","189017","219467","247509","225807","172305","70995","1192890","135925","154878","192374","192660","224836","200753","91465",
"경상북도","경주시","관심","외국인","14034","1634","3316","4122","2293","1568","829","272","14000","1635","3291","4094","2305","1563","830","282","14281","1663","3365","4213","2354","1567","827","292","14386","1675","3402","4234","2382","1571","825","297","14562","1686","3479","4285","2401","1588","824","299","14653","1694","3516","4320","2412","1573","837","301","14930","1725","3573","4416","2471","1590","854","301","15044","1739","3605","4451","2480","1610","850","309","15272","1781","3793","4449","2469","1612","860","308","15421","1816","3826","4478","2507","1623","863","308","15836","1847","3954","4628","2583","1642","868","314","16020","1861","4010","4701","2620","1641","870","317","16080","1858","4033","4692","2661","1640","878","318","16183","1886","4080","4715","2651","1649","886","316","16573","1987","4243","4815","2664","1659","888","317","16850","1992","4322","4915","2742","1665","896","318","16938","1983","4393","4946","2737","1663","902","314","17258","2015","4502","5035","2819","1671","905","311","17359","2050","4559","5029","2841","1664","903","313","17576","2070","4624","5103","2883","1678","900","318","18425","2150","5255","5195","2919","1692","895","319","18686","2133","5406","5267","2956","1696","910","318","19028","2125","5548","5401","3005","1721","909","319","19222","2131","5628","5474","3023","1733","908","325","19305","2141","5608","5503","3066","1743","919","325","18962","2086","5364","5478","3058","1735","918","323","19392","2104","5668","5532","3083","1748","927","330",
"경상북도","김천시","관심","계","380035","41665","39481","48514","64650","81981","65599","38145","445210","59598","50159","59132","77707","91762","68165","38688","437590","51782","44410","55773","74995","92256","75109","43265","470542","46655","49296","61055","76197","101103","86340","49895","477477","55235","46258","59831","81752","103363","83619","47418","456870","51678","43781","58290","77978","99472","80763","44908","435438","54215","41751","55363","73957","92534","75600","42019","466760","57054","45867","60201","78026","99797","81059","44756","515166","63960","53215","68568","86792","107947","87189","47496","480080","49057","42899","59962","77669","104325","89922","56245","465441","47791","43658","57787","76511","101434","87049","51209","409010","44711","40668","53044","68894","87284","72266","42142","439128","58671","49127","60577","74079","88333","68265","40075","369999","43498","36176","48093","61536","77455","63980","39260","425171","50254","40375","54080","71023","89296","75264","44879","461537","48979","45651","60314","73983","96607","84879","51124","500423","62372","47172","63655","82963","104518","87717","52026","439850","46688","41623","56333","72687","95217","80729","46573","436950","54687","40696","56192","72722","91218","76884","44551","455367","54334","43217","59216","74114","95676","82008","46801","453300","41504","40284","55988","72594","99447","89482","54000","551578","68058","58092","76159","89613","111552","93878","54226","469697","46708","41647","57893","76094","101562","91150","54643","396584","40579","37987","50690","64632","84406","73512","44777","380556","42065","36888","48849","61692","80015","68306","42740","455886","62140","49058","62111","76576","90640","72378","42983","420227","44612","37905","52487","68497","89813","78943","47970",
"경상북도","김천시","관심","주민등록인구","137247","20770","12325","13561","18353","23049","24433","24756","136923","20567","12236","13485","18305","23036","24464","24830","136769","20534","12154","13492","18191","22989","24500","24909","136658","20507","12062","13468","18081","22976","24607","24957","136440","20417","11983","13448","18003","22969","24579","25041","136202","20323","11923","13395","17953","22947","24563","25098","136012","20227","11877","13350","17913","22936","24556","25153","135855","20122","11834","13336","17845","22916","24602","25200","135767","20067","11754","13377","17813","22866","24631","25259","135685","20015","11712","13356","17800","22812","24666","25324","135561","19956","11647","13347","17757","22788","24690","25376","135446","19919","11564","13342","17696","22719","24756","25450","135610","19885","11491","13342","17676","22860","24809","25547","135227","19697","11324","13271","17619","22873","24804","25639","135218","19818","11213","13280","17552","22808","24789","25758","135209","19809","11211","13268","17514","22802","24781","25824","135076","19714","11184","13237","17446","22814","24771","25910","134925","19663","11107","13244","17399","22792","24755","25965","134669","19593","10968","13208","17345","22740","24773","26042","134537","19557","10912","13197","17330","22669","24750","26122","134427","19482","10843","13165","17324","22634","24769","26210","134247","19414","10781","13110","17302","22566","24784","26290","134111","19363","10711","13103","17276","22498","24817","26343","133791","19258","10601","13066","17231","22374","24848","26413","133444","19119","10525","12988","17151","22301","24875","26485","133080","18937","10397","12921","17095","22260","24926","26544","133145","19136","10292","12896","17033","22188","24927","26673",
"경상북도","김천시","관심","체류인구","239789","20715","26047","34009","45994","58700","41021","13303","305315","38854","36848","44706","59088","68492","43557","13771","297748","31037","31172","41311","56468","69031","50462","18267","330485","25846","36032","46525","57753","77886","61592","24850","337495","34496","33013","45269","63377","80152","58896","22291","316949","30955","30497","43776","59659","76284","56054","19724","295719","33594","28522","40888","55675","69355","50907","16779","327187","36552","32673","45737","59800","76639","56316","19470","375658","43515","40100","54050","68590","84837","62417","22150","340640","28682","29824","45448","59473","81271","65106","30835","326199","27481","30658","43324","58376","78409","62203","25746","269918","24433","27744","38613","50838","64331","47351","16607","299933","38438","36310","46146","56057","65237","43303","14441","231202","23475","23530","33725","43567","54351","39018","13535","286314","30098","27801","39683","53119","66260","50321","19032","322477","28847","32990","45831","56086","73572","59942","25209","361380","42336","34516","49134","65112","81466","62790","26026","300846","26667","29006","41778","54873","72182","55821","20519","298108","34706","28171","41664","54953","68235","51959","18420","316644","34409","30736","44694","56360","72760","57097","20587","314638","21635","27840","41503","54847","76558","64556","27698","413033","48231","45665","61736","71887","88736","68935","27843","331411","26944","29311","43538","58417","78824","66170","28207","258683","20929","25755","36403","47024","61801","48501","18269","242982","22559","24704","34652","44154","57487","43264","16161","318680","42778","37036","47988","59090","68157","47287","16344","282871","25060","25933","38374","51055","67402","53848","21199",
"경상북도","김천시","관심","외국인","2999","180","1109","944","303","232","145","86","2972","177","1075","941","314","234","144","87","3073","211","1084","970","336","236","147","89","3399","302","1202","1062","363","241","141","88","3542","322","1262","1114","372","242","144","86","3719","400","1361","1119","366","241","146","86","3707","394","1352","1125","369","243","137","87","3718","380","1360","1128","381","242","141","86","3741","378","1361","1141","389","244","141","87","3755","360","1363","1158","396","242","150","86","3681","354","1353","1116","378","237","156","87","3646","359","1360","1089","360","234","159","85","3585","348","1326","1089","346","236","153","87","3570","326","1322","1097","350","231","158","86","3639","338","1361","1117","352","228","154","89","3851","323","1450","1215","383","233","156","91","3967","322","1472","1284","405","238","156","90","4079","358","1510","1311","415","243","153","89","4173","388","1557","1320","424","243","152","89","4186","368","1569","1325","424","247","161","92","4235","387","1601","1320","423","255","157","92","4298","413","1646","1313","424","250","159","93","4175","401","1625","1252","401","240","163","93","4110","392","1631","1221","377","231","163","95","4130","387","1659","1209","387","227","167","94","4126","425","1625","1202","391","223","165","95","4211","416","1680","1217","409","223","168","98",
"경상북도","안동시","감소","계","467087","56926","49317","57369","76312","94118","79449","53596","554822","77445","64814","68816","94248","110966","84515","54019","515024","56765","53551","62623","83249","108502","91377","58957","549857","56928","53526","63774","83957","118299","105393","67978","589563","69644","59464","68933","94623","123943","105853","67103","546500","57979","55709","65172","86462","116901","100389","63888","512188","59941","54403","61507","81735","107220","89226","58156","578273","70568","62832","70697","94065","122245","97954","59911","675344","83019","74423","86326","109446","138339","114823","68968","640931","70119","59321","77186","100446","134144","123109","76606","608925","60553","59016","70308","92795","132147","120615","73492","505045","54015","52646","60419","78756","106169","92137","60903","582415","85773","66368","76565","96819","111883","88289","56718","451956","51908","47334","53825","71184","92320","79827","55557","505787","52873","50267","61065","79925","108607","92041","61009","497055","45847","48235","58386","75457","105613","97025","66492","611563","72502","58828","72607","97980","127393","110307","71946","546504","55965","53741","65985","84498","116433","103010","66873","508819","56796","53777","62810","80049","106152","89543","59693","584333","70496","62524","73606","93094","121732","99791","63091","569424","52644","55122","70069","85571","121671","111925","72421","759896","98416","78326","95044","120084","150947","133366","83713","607694","57362","57130","70763","90281","131268","122894","77995","496299","51162","50449","60145","75484","104460","92662","61936","485574","56370","48604","59090","74932","98916","87914","59750","570453","77227","63879","72022","91832","114183","91493","59819","512190","50617","49978","60709","76634","108306","98825","67121",
"경상북도","안동시","감소","주민등록인구","152751","21282","14872","13910","20194","25534","27215","29744","152657","21203","14862","13841","20115","25593","27239","29804","152733","21171","14912","13868","19997","25581","27259","29945","152981","21215","15109","13887","19866","25585","27328","29991","153500","21326","15449","13909","19806","25574","27392","30044","153816","21409","15687","13888","19801","25523","27380","30128","153660","21294","15701","13866","19721","25510","27377","30191","153425","21192","15612","13874","19631","25476","27421","30219","153348","21123","15617","13868","19605","25408","27431","30296","153490","21073","15757","13884","19582","25401","27474","30319","153444","21007","15716","13908","19507","25426","27520","30360","153159","20863","15541","13942","19400","25434","27561","30418","152902","20728","15415","13923","19284","25499","27486","30567","152553","20609","15203","13899","19174","25531","27466","30671","152893","20658","15304","13983","19114","25507","27455","30872","153973","21062","15769","14054","19080","25515","27506","30987","153859","20971","15749","14060","19013","25494","27496","31076","153754","20892","15679","14044","19003","25508","27496","31132","153613","20756","15583","14068","18971","25522","27498","31215","153443","20626","15486","14082","18907","25540","27527","31275","153399","20565","15528","14124","18812","25567","27483","31320","153131","20408","15478","14103","18729","25520","27520","31373","153030","20322","15440","14090","18690","25511","27579","31398","152610","20206","15241","14094","18575","25402","27666","31426","152149","20054","15036","14077","18412","25431","27615","31524","151745","19915","14791","14014","18353","25399","27671","31602","152097","20172","14889","14014","18244","25329","27712","31737",
"경상북도","안동시","감소","체류인구","312697","35541","34017","42947","55904","68390","52097","23801","400579","56145","49542","54487","73924","85177","57142","24163","360686","35484","38214","48273","63049","82723","63983","28960","395140","35602","37958","49335","63867","92513","77928","37935","434140","48212","43521","54364","74552","98164","78323","37004","390685","36471","39507","50585","66375","91174","72870","33703","356461","38552","38175","46909","61712","81500","61709","27904","422684","49283","46671","56024","74121","96560","70391","29633","519763","61808","58220","71638","89512","112721","87251","38613","485152","48962","42967","62453","80523","108527","95496","46224","453373","39445","42745","55659","72997","106504","92950","43074","350025","33054","36576","45893","59115","80528","64432","30427","427716","64943","50439","62098","77299","86179","60660","26098","297610","31198","31613","39381","51779","66590","52216","24832","351122","32112","34461","46536","60586","82900","64444","30083","341055","24684","31892","43659","56100","79893","69379","35448","455543","51427","42477","57795","78664","101692","82674","40814","390185","34965","37365","50989","65091","90718","75373","35685","352571","35928","37486","47755","60650","80423","61908","28422","428122","49765","46304","58434","73751","95980","72128","31761","413284","31977","38873","54868","66326","95892","84301","41046","604044","77909","62139","79871","100917","125219","105705","52284","452267","36942","41057","55783","71223","105549","95173","46539","341602","30850","34622","45355","56615","78852","64855","30452","331400","36217","32986","44332","56259","73282","60160","28166","416722","57211","48514","57350","73230","88581","63681","28157","358146","30328","34522","46085","58140","82777","70969","35325",
"경상북도","안동시","감소","외국인","1639","103","428","512","214","194","137","51","1586","97","410","488","209","196","134","52","1605","110","425","482","203","198","135","52","1736","111","459","552","224","201","137","52","1923","106","494","660","265","205","138","55","1999","99","515","699","286","204","139","57","2067","95","527","732","302","210","140","61","2164","93","549","799","313","209","142","59","2233","88","586","820","329","210","141","59","2289","84","597","849","341","216","139","63","2108","101","555","741","291","217","145","58","1861","98","529","584","241","207","144","58","1797","102","514","544","236","205","143","53","1793","101","518","545","231","199","145","54","1772","103","502","546","225","200","142","54","2027","101","574","673","277","205","140","57","2161","104","602","752","303","207","137","56","2565","108","697","952","404","207","141","56","2635","112","708","987","428","207","137","56","2768","105","734","1090","436","212","136","55","2741","102","721","1077","433","212","141","55","2721","99","709","1070","438","208","141","56","2397","98","633","890","368","208","142","58","2087","106","586","696","294","206","141","58","2025","99","582","681","261","203","139","60","1986","101","574","658","249","203","141","60","1947","117","567","610","250","200","144","59",
"경상북도","영주시","감소","계","255327","30155","24182","27415","40054","53466","47775","32280","315988","46089","34432","36191","53251","63313","49970","32741","268818","28327","25543","28579","41854","58012","51593","34910","285405","27097","25384","29565","42091","62381","59231","39656","333951","38748","28909","34273","51688","72004","65867","42463","299262","31666","26580","31236","45221","65670","60131","38759","282394","32079","26410","30138","43117","60030","54516","36104","314372","37198","29046","33659","48940","67414","60073","38041","358114","46231","37464","41408","57823","73047","62257","39883","353701","31447","27373","33543","48559","76989","82105","53685","335706","32168","27739","33448","49912","74465","72339","45635","263069","27884","25452","28544","39771","55597","50693","35128","312846","47055","33053","35954","51168","61967","49936","33712","236179","27141","22238","25018","34726","48594","45193","33268","260799","27347","24227","27990","38905","55195","50778","36358","263253","24670","23485","27461","37346","56116","55202","38973","338533","38103","28742","36351","52322","71774","67040","44201","286999","27232","25393","30282","41871","61671","59563","40987","279922","34665","25916","30133","41419","57351","53340","37099","302633","36578","27622","32966","46049","63437","57548","38433","279402","24567","24459","29442","39844","60046","59385","41657","423337","51453","38976","46048","63741","85485","83250","54383","330904","29723","26683","33234","47083","72970","72360","48852","255810","25404","23460","27754","37309","53934","51059","36890","255787","30950","23116","27680","37635","52689","48687","35031","317205","44936","33363","36937","50313","62930","52395","36331","256376","25209","22838","27387","36620","54063","52153","38106",
"경상북도","영주시","감소","주민등록인구","100100","13694","8861","7570","12258","17187","19210","21320","99966","13639","8783","7541","12199","17200","19200","21404","100072","13741","8793","7526","12131","17156","19223","21502","99960","13640","8802","7516","12020","17188","19244","21550","99819","13605","8756","7513","11972","17137","19214","21622","99735","13557","8698","7525","11927","17131","19191","21706","99604","13461","8686","7556","11859","17134","19170","21738","99479","13395","8658","7541","11807","17123","19156","21799","99309","13344","8620","7506","11762","17084","19133","21860","99176","13284","8609","7502","11726","17021","19120","21914","99028","13198","8617","7435","11705","16993","19132","21948","98870","13148","8560","7406","11626","16985","19145","22000","98782","13238","8484","7379","11542","16950","19121","22068","98522","13113","8379","7386","11508","16899","19107","22130","98465","13110","8353","7406","11454","16811","19057","22274","98228","13033","8288","7384","11406","16788","19028","22301","98072","12964","8287","7363","11353","16747","18997","22361","98042","12894","8279","7397","11329","16777","18944","22422","97842","12841","8188","7400","11274","16733","18946","22460","97706","12748","8142","7423","11209","16752","18923","22509","97548","12691","8105","7404","11131","16732","18931","22554","97433","12634","8059","7411","11093","16681","18940","22615","97273","12582","8014","7381","11051","16617","18981","22647","97162","12666","7878","7397","10998","16573","18972","22678","97021","12640","7777","7415","10955","16549","18943","22742","96790","12533","7672","7392","10922","16492","18971","22808","96673","12500","7628","7383","10838","16413","18960","22951",
"경상북도","영주시","감소","체류인구","154084","16403","15025","19494","27647","36129","28457","10929","214875","32383","25356","28302","40905","45962","30660","11306","167529","14520","16441","20655","29564","40708","32266","13375","184123","13394","16257","21596","29877","45043","39884","18072","232715","25081","19803","26257","39513","54709","46548","20805","198066","18047","17516","23186","33092","48372","40835","17019","181334","18557","17367","22053","31054","42731","35240","14332","213392","23737","20005","25588","36925","50122","40808","16206","257288","32825","28458","33359","45849","55795","43016","17985","253049","18086","18393","25533","36632","59800","62872","31733","235276","18891","18759","25545","38029","57309","53094","23649","162872","14655","16554","20707","27981","38450","31435","13090","212756","33738","24216","28166","39469","44856","30706","11604","136319","13933","13505","17216","23054","31536","25976","11098","160875","14133","15485","20104","27273","38227","31610","14044","163375","11535","14749","19492","25739","39165","36064","16631","238624","25035","19963","28291","40733","54866","47938","21798","187098","14238","16603","22178","30301","44739","40517","18522","180204","21727","17204","22016","29905","40463","34292","14598","203031","23728","18954","24819","34594","46531","38523","15882","179883","11763","15814","21284","28450","43159","40349","19062","323998","38704","30386","37923","52403","68646","64207","31728","231946","17027","18175","25278","35824","56198","53278","26167","157089","12626","15105","19855","26134","37212","31984","14173","157219","18195","14862","19786","26501","35994","29632","12250","218878","32281","25226","29069","39211","46295","33314","13482","158116","12575","14729","19514","25601","37506","33077","15114",
"경상북도","영주시","감소","외국인","1143","58","296","351","149","150","108","31","1147","67","293","348","147","151","110","31","1217","66","309","398","159","148","104","33","1322","63","325","453","194","150","103","34","1417","62","350","503","203","158","105","36","1461","62","366","525","202","167","105","34","1456","61","357","529","204","165","106","34","1501","66","383","530","208","169","109","36","1517","62","386","543","212","168","108","38","1476","77","371","508","201","168","113","38","1402","79","363","468","178","163","113","38","1327","81","338","431","164","162","113","38","1308","79","353","409","157","161","109","40","1338","95","354","416","164","159","110","40","1459","104","389","480","178","157","111","40","1650","102","448","585","201","163","110","41","1837","104","492","697","236","161","105","42","1859","100","511","707","241","155","102","43","1876","97","524","717","240","155","102","41","1896","102","526","724","246","154","102","42","1971","113","540","754","263","155","105","41","1906","115","531","714","245","158","103","40","1685","114","494","575","208","155","101","38","1559","112","477","502","177","149","103","39","1547","115","477","479","179","146","112","39","1537","122","465","476","180","143","110","41","1587","134","481","490","181","144","116","41",
"경상북도","영천시","감소","계","338420","33515","30064","37483","54209","77349","66802","38998","429672","51835","44263","49832","70357","94833","76192","42360","392194","35130","30981","42568","62016","92221","82162","47116","420415","34301","32421","45323","64916","99013","91423","53018","481517","44566","41752","51846","75411","113464","99388","55089","420511","37145","35225","47307","66828","98891","86812","48303","387906","37505","33726","43118","62292","90513","77592","43159","423138","47088","35411","48049","68997","96555","82531","44507","505941","53990","48174","59549","80299","113428","97674","52828","420110","38884","32311","45973","66223","97052","87711","51956","408883","38948","34013","44034","64258","94255","84078","49296","354102","32640","30330","39699","55772","81109","72136","42418","399546","50712","40633","48236","63604","84897","70963","40501","317144","28881","27954","34298","47750","71192","66584","40486","378389","34346","31249","40895","57110","85715","80580","48494","387071","28309","30392","41384","57230","89907","86848","53000","474081","45350","38191","51657","72312","108671","100406","57494","406880","33923","35695","45738","61562","93243","86112","50606","376103","36957","32948","42611","58130","84854","76377","44226","413632","46948","34683","46765","65452","91686","81955","46143","406746","31596","32740","44084","61856","94544","89674","52253","506765","56386","47670","61009","79062","108643","97595","56400","412056","34763","33964","44765","63320","94601","88065","52579","345619","28693","28412","38250","52672","78708","73799","45085","330960","31230","28519","37612","50299","72753","68422","42124","417400","49552","40394","49622","64917","88873","78461","45581","386457","30596","30868","40536","56035","86645","88354","53422",
"경상북도","영천시","감소","주민등록인구","100110","11174","8288","8598","11495","17700","20594","22261","100206","11192","8241","8588","11479","17699","20688","22319","100195","11173","8177","8562","11412","17717","20786","22368","100146","11135","8153","8542","11318","17722","20912","22364","100051","11090","8145","8504","11289","17680","20917","22426","100013","11088","8109","8500","11258","17660","20933","22465","99638","11039","7986","8415","11229","17560","20917","22492","99332","10982","7843","8381","11162","17490","20942","22532","99034","10878","7777","8330","11090","17442","20943","22574","98770","10842","7685","8284","11025","17380","20911","22643","98492","10798","7597","8238","10991","17274","20935","22659","98143","10729","7502","8197","10903","17185","20944","22683","97872","10678","7427","8133","10789","17206","20878","22761","97439","10557","7298","8042","10727","17129","20852","22834","97256","10515","7236","8011","10676","17043","20791","22984","97132","10498","7157","8006","10612","17000","20800","23059","97031","10475","7124","8014","10548","16930","20805","23135","96797","10435","7051","7980","10487","16893","20767","23184","96420","10375","6857","7962","10428","16831","20755","23212","96142","10301","6717","7941","10373","16817","20726","23267","95914","10239","6651","7902","10311","16784","20716","23311","95730","10168","6587","7899","10257","16744","20709","23366","95524","10120","6543","7836","10194","16690","20726","23415","95185","10080","6440","7771","10165","16565","20728","23436","94943","10054","6347","7721","10074","16523","20688","23536","94756","10085","6201","7682","10022","16452","20705","23609","94633","10066","6151","7663","9963","16324","20730","23736",
"경상북도","영천시","감소","체류인구","235161","22170","20907","27711","42283","59349","46048","16693","326348","40472","35154","40087","58451","76840","55347","19997","288847","23779","21932","32824","50175","74219","61215","24703","317006","22980","23368","35541","53153","81006","70352","30606","378109","33280","32688","42074","63659","95489","78307","32611","317072","25861","26184","37511","55087","80933","65714","25782","284751","26268","24788","33362","50571","72645","56504","20612","320227","35905","26608","38290","57326","78758","61421","21919","403301","42905","39434","49844","68683","95678","76563","30195","317668","27826","23628","36302","54671","79358","66629","29254","306691","27924","25387","34411","52750","76668","62971","26579","252288","21683","21799","30136","44358","63616","51021","19677","298010","39800","32174","38754","52307","67382","49911","17682","216042","18083","19635","24910","36510","53754","45558","17593","277453","23584","22995","31530","45910","68367","59617","25450","286186","17551","22196","31994","46087","72605","65870","29882","373179","34609","30016","42190","61210","91432","79421","34301","306134","23211","27568","36275","50510","76035","65169","27365","275634","26296","24992","33128","47112","67702","55448","20956","313389","36351","26863","37290","54474","74544","61050","22817","306659","21047","24966","34641","50918","77436","68770","28882","406825","45898","39966","51552","68171","91573","76695","32970","312317","24318","26287","35378","52500","77592","67144","29099","246233","18269","20832","28932","41908","61828","52880","21584","231796","20818","21030","28335","39632","55919","47541","18520","318468","39116","33077","40383","54306","72120","57559","21907","287612","20174","23588","31310","45471","70018","67425","29625",
"경상북도","영천시","감소","외국인","3149","171","869","1174","431","300","160","44","3118","171","868","1157","427","294","157","44","3152","178","872","1182","429","285","161","45","3263","186","900","1240","445","285","159","48","3357","196","919","1268","463","295","164","52","3426","196","932","1296","483","298","165","56","3517","198","952","1341","492","308","171","55","3579","201","960","1378","509","307","168","56","3606","207","963","1375","526","308","168","59","3672","216","998","1387","527","314","171","59","3700","226","1029","1385","517","313","172","58","3671","228","1029","1366","511","308","171","58","3664","234","1032","1349","508","309","174","58","3663","241","1021","1346","513","309","174","59","3680","247","1018","1354","524","305","172","60","3753","260","1039","1384","531","302","178","59","3871","266","1051","1453","554","309","180","58","3949","277","1076","1483","565","315","176","57","4049","286","1099","1521","590","321","174","58","4101","296","1103","1534","605","325","179","59","4173","310","1123","1541","627","324","188","60","4210","320","1117","1558","634","326","191","64","4215","325","1134","1551","626","319","195","65","4201","344","1140","1547","599","315","191","65","4221","358","1142","1556","593","311","193","68","4176","351","1116","1557","589","301","197","65","4212","356","1129","1563","601","303","199","61",
"경상북도","상주시","감소","계","300377","35221","24729","33285","48480","64641","57722","36298","371689","53305","37188","44131","63197","76955","60653","36261","336544","36911","26809","37647","55270","74744","65517","39647","364613","38660","27217","40034","57410","82303","74367","44621","401042","48084","31725","45627","67247","88796","75244","44321","380185","39884","31014","43629","62976","85455","74136","43091","343640","39450","29008","38512","55777","75500","65884","39510","399562","49260","34050","46785","65598","86299","75010","42558","448886","56032","41852","54336","74198","94930","81174","46363","418024","43505","32928","47326","66990","92949","84644","49681","408354","40552","34125","46638","66355","90635","82254","47795","330036","34148","31027","38027","51467","71444","64530","39393","380571","53130","39373","45727","61717","77467","64725","38433","281359","29829","25455","30373","42518","60057","56086","37041","338438","33802","28742","37751","52405","73647","69139","42952","340204","30150","27468","36971","51349","76378","73224","44665","419926","51516","36298","48508","68280","89104","79234","46985","370873","37989","32927","42821","58083","80670","74395","43988","357608","43654","32219","40827","55999","75031","68461","41417","395109","48604","36095","47002","62877","82358","74950","43223","371320","31817","29745","40594","56611","83381","80651","48522","488752","61670","47097","60572","78989","101569","88871","49983","390276","35736","31453","43738","60548","86841","82319","49642","314109","30841","27984","36379","47806","66964","63554","40581","316066","35800","27151","36478","48353","65693","62549","40043","384185","52825","39989","48049","61573","77266","64673","39809","324389","30879","26128","36293","49113","70561","67836","43579",
"경상북도","상주시","감소","주민등록인구","93645","11431","6832","6447","10310","15475","19819","23331","93441","11402","6748","6400","10238","15467","19821","23365","93418","11474","6710","6384","10144","15450","19828","23428","93212","11380","6631","6383","10073","15414","19848","23483","93060","11329","6586","6398","10022","15346","19858","23521","92908","11277","6561","6380","9975","15303","19842","23570","92778","11237","6511","6339","9940","15294","19834","23623","92579","11186","6437","6328","9906","15246","19851","23625","92452","11139","6422","6318","9858","15216","19848","23651","92261","11047","6408","6297","9811","15156","19880","23662","92010","10980","6355","6250","9739","15136","19874","23676","91850","10971","6299","6229","9661","15102","19898","23690","91784","10956","6269","6217","9622","15070","19863","23787","91468","10842","6191","6174","9553","15002","19880","23826","91399","10863","6125","6151","9522","14957","19845","23936","91227","10802","6097","6138","9453","14933","19820","23984","91096","10745","6061","6159","9388","14892","19778","24073","90996","10701","6062","6146","9380","14858","19780","24069","90799","10620","6032","6142","9342","14833","19741","24089","90520","10533","5943","6105","9279","14788","19763","24109","90400","10484","5921","6082","9251","14768","19740","24154","90222","10420","5900","6044","9209","14708","19730","24211","90039","10343","5885","6009","9147","14670","19742","24243","89888","10315","5881","5971","9118","14574","19756","24273","89795","10234","5891","5927","9109","14555","19745","24334","89602","10157","5804","5919","9093","14522","19726","24381","89579","10196","5796","5882","9061","14412","19753","24479",
"경상북도","상주시","감소","체류인구","205093","23742","17484","26314","37876","48965","37798","12913","276766","41854","30056","37271","52719","61294","40732","12841","241628","25383","19718","30793","44877","59103","45591","16164","269583","27223","20146","33040","46989","66684","54418","21082","305700","36700","24589","38435","56738","73214","55282","20744","284832","28551","23858","36400","52462","69903","54192","19466","248255","28153","21866","31258","45252","59950","45948","15829","304381","38014","26979","39560","55101","70798","55052","18875","353881","44834","34798","47147","63773","79454","61216","22658","323159","32401","25849","40150","56614","77528","64651","25965","313934","29513","27128","39555","56152","75251","62271","24064","236142","23121","24188","31090","41450","56124","44522","15647","287041","42116","32625","38922","51840","62203","44749","14587","188187","18925","18808","23621","32721","44868","36090","13154","245396","22877","22168","31056","42651","58508","49184","18952","247013","19278","20850","30152","41576","61249","53291","20618","326443","40696","29608","41515","58437","73994","59344","22848","277282","27213","26157","35786","48186","65585","54499","19856","264017","32955","25431","33740","46076","59947","48604","17264","301487","37990","29315","39747","52996","67315","55073","19051","277857","21246","23001","33404","46752","68355","60796","24304","395447","51166","40376","53406","69164","86599","69027","25708","297433","25315","24841","36682","50862","71937","62462","25335","221965","20455","21474","29574","38332","52197","43689","16244","224195","25498","20670","29796","38943","50954","42694","15641","292627","42599","33642","41416","52201","62571","44837","15360","232750","20616","19756","29628","39764","55980","47973","19033",
"경상북도","상주시","감소","외국인","1639","48","413","524","294","201","105","54","1482","49","384","460","240","194","100","55","1498","54","381","470","249","191","98","55","1818","57","440","611","348","205","101","56","2282","55","550","794","487","236","104","56","2445","56","595","849","539","249","102","55","2607","60","631","915","585","256","102","58","2602","60","634","897","591","255","107","58","2553","59","632","871","567","260","110","54","2604","57","671","879","565","265","113","54","2410","59","642","833","464","248","109","55","2044","56","540","708","356","218","110","56","1746","58","479","588","255","194","113","59","1704","62","456","578","244","187","116","61","1643","62","449","544","232","182","110","64","1964","70","521","681","320","196","113","63","2387","75","629","834","455","218","112","64","2595","75","708","889","517","227","116","63","2792","79","756","945","581","251","116","64","3102","81","837","1150","602","255","114","63","3063","87","823","1108","608","258","115","64","3083","84","821","1122","616","262","114","64","2804","78","727","1047","539","234","115","64","2256","71","629","834","356","193","109","64","2076","68","590","755","301","184","110","68","1956","69","543","714","279","173","110","68","2060","67","576","783","288","169","110","67",
"경상북도","문경시","감소","계","245979","28163","21528","27352","40272","52867","47441","28356","318672","45458","32178","37338","56035","65494","52661","29508","289382","30588","22826","32544","47431","64391","58557","33046","343672","31916","24793","37004","52288","78554","76778","42338","394930","46174","28161","41524","63022","87923","83145","44979","359066","34317","26219","39126","56364","82473","79290","41275","334989","42182","28230","36418","51935","71511","67790","36923","425247","51226","37189","48238","66764","92991","85492","43347","427275","51941","37688","50453","69680","91772","83567","42174","473464","44125","29495","47683","71531","109307","112633","58691","399191","36990","27488","42249","61651","90117","91686","49009","269135","26986","22194","30403","43457","59048","55066","31980","309282","44353","30432","37247","52497","62810","51905","30038","230994","24745","19613","24674","36230","49698","46884","29151","277762","28298","22195","30976","42611","60359","58345","34977","300471","25211","21415","31935","43409","67216","69392","41892","420397","50804","30103","46300","66621","89438","88362","48768","354603","34193","25740","39600","54463","78689","78608","43310","349230","38533","28730","39124","53222","75085","74133","40402","410541","47032","34618","48449","62710","87595","84802","45336","342867","29262","24674","36052","49865","76921","79656","46437","529581","60954","40875","60353","83529","112674","111352","59845","403446","32630","25565","41231","59615","92216","98058","54131","257642","23678","20282","28782","39065","56484","55300","34051","252335","28306","20486","28408","39170","53505","51285","31175","331404","46503","32117","40622","54672","66933","57359","33198","284798","27254","21624","32441","43016","61600","61683","37180",
"경상북도","문경시","감소","주민등록인구","68529","8297","5388","4896","7796","11254","14375","16523","68369","8262","5328","4847","7762","11223","14402","16545","68232","8266","5238","4830","7692","11202","14428","16576","68205","8238","5231","4818","7660","11193","14452","16613","68050","8190","5170","4791","7613","11180","14455","16651","67929","8164","5118","4772","7599","11160","14427","16689","67756","8101","5080","4743","7583","11117","14396","16736","67726","8105","5053","4751","7537","11131","14361","16788","67544","8057","5010","4718","7513","11076","14369","16801","67395","8001","4984","4681","7486","11044","14394","16805","67340","7968","4982","4662","7449","11018","14418","16843","67257","7928","4973","4655","7410","11015","14420","16856","67025","7822","4955","4628","7324","11019","14377","16900","66708","7712","4850","4579","7268","10987","14377","16935","66675","7751","4817","4579","7218","10934","14317","17059","66501","7693","4767","4560","7190","10903","14270","17118","66382","7663","4713","4544","7154","10874","14284","17150","66259","7638","4682","4516","7137","10856","14273","17157","66032","7567","4643","4469","7105","10832","14243","17173","65877","7514","4608","4429","7069","10805","14241","17211","65755","7483","4547","4401","7049","10795","14218","17262","65660","7458","4533","4405","6998","10761","14229","17276","65555","7411","4506","4406","6954","10728","14260","17290","65348","7355","4491","4351","6905","10697","14245","17304","65189","7270","4459","4321","6837","10734","14187","17381","64989","7173","4389","4323","6792","10692","14175","17445","64904","7188","4324","4306","6745","10624","14151","17566",
"경상북도","문경시","감소","체류인구","176477","19840","15913","22171","32330","41474","32952","11797","249333","37173","26619","32206","48129","54135","38143","12928","220180","22301","17356","27426","39595","53057","44010","16436","274349","23655","19295","31834","44446","67220","62208","25690","325637","37954","22715","36331","55178","76593","68572","28292","289863","26122","20825","33939","48518","71163","64742","24552","265933","34048","22861","31259","44100","60239","53273","20153","356192","43086","31831","43064","58970","81706","71011","26524","358328","43848","32350","45288","61887","80538","69078","25339","404631","36085","24179","42545","63752","98103","98118","41850","330500","28986","22184","37165","53947","78945","77144","32128","200672","19023","16922","25373","35856","47887","40524","15086","241141","36497","25200","32277","45011","51650","37407","13099","163166","16997","14481","19755","28804","38568","32385","12177","209993","20515","17103","26065","35237","49287","43908","17877","232712","17486","16335","26995","36005","56161","54996","24733","352619","43107","25034","41311","59227","78406","73956","31577","286890","26521","20688","34614","47070","67675","64210","26112","281734","30934","23710","34180","45860","64102","59758","23189","343153","39481","29633","43524","55371","76633","70428","28084","275515","21735","19724","31131","42525","65960","65304","29136","462314","53453","35942","55417","76242","101747","96984","42530","336373","25174","20683","36312","52414","81332","83656","36802","190989","16278","15440","24040","31970","45640","40913","16708","185881","20986","15694","23701","32161","42630","36954","13755","265190","39282","27406","35930","47714","56104","43040","15714","218673","20012","16970","27786","36105","50837","47389","19574",
"경상북도","문경시","감소","외국인","973","26","227","285","146","139","114","36","970","23","231","285","144","136","116","35","970","21","232","288","144","132","119","34","1118","23","267","352","182","141","118","35","1243","30","276","402","231","150","118","36","1274","31","276","415","247","150","121","34","1300","33","289","416","252","155","121","34","1329","35","305","423","257","154","120","35","1403","36","328","447","280","158","120","34","1438","39","332","457","293","160","121","36","1351","36","322","422","255","154","124","38","1206","35","299","375","191","146","122","38","1116","34","277","342","162","141","121","39","1120","36","282","340","158","143","122","39","1094","32","275","332","156","138","120","41","1258","32","313","380","214","152","126","41","1396","34","356","445","240","158","122","41","1454","34","370","470","256","158","125","41","1464","32","377","475","257","151","132","40","1511","37","377","496","270","157","133","41","1597","44","403","520","291","166","134","39","1607","43","400","531","289","166","139","39","1518","45","376","513","247","156","142","39","1305","45","351","391","190","147","142","39","1265","50","333","386","172","141","144","39","1225","48","322","369","166","137","144","39","1221","54","330","349","166","139","143","40",
"경상북도","의성군","감소","계","156970","14885","9607","14393","23737","37211","33828","23308","220210","28852","19064","22940","35604","49998","38970","24782","210511","15396","10858","18533","31278","55005","50097","29345","205310","14029","10761","18347","30578","52766","48570","30258","232531","20245","13326","21678","36697","58094","51591","30900","211672","15733","11913","19957","32835","53995","47976","29263","191073","16488","11100","18064","29292","47164","42442","26524","210249","19393","12402","20488","33335","51703","45436","27492","285945","30387","22445","29806","44596","67008","57972","33731","213102","14841","10730","18971","31579","53743","51060","32178","211654","17133","11318","19074","32128","52692","48824","30484","168877","14969","9540","15645","25316","40175","37783","25449","199947","27351","17285","20624","31141","43623","35791","24132","141410","11020","8306","12073","19307","33266","33505","23932","199702","13321","11995","19341","30790","49971","45843","28439","195169","11637","10015","17510","28655","49585","47371","30395","233854","20488","13613","22082","36237","57544","52108","31781","209885","15122","12586","19586","30704","51363","49530","30994","193195","15672","11051","18260","28990","46814","44400","28009","201475","18115","12014","18979","30716","49035","44634","27981","216369","12027","11573","19191","30698","54246","54848","33787","269590","29880","20688","28390","41116","61969","54551","32997","207531","14631","11468","18422","30383","51253","49674","31700","159802","12092","8798","14513","22262","38025","37937","26173","151301","14231","9012","14089","21314","33781","34167","24707","212288","26685","17851","22252","32430","46574","40313","26184","205592","12976","10037","17777","28365","50898","53197","32342",
"경상북도","의성군","감소","주민등록인구","49882","3705","2463","2860","4092","7777","12504","16481","49727","3652","2435","2840","4060","7752","12471","16517","49696","3689","2389","2859","4033","7687","12475","16564","49588","3678","2351","2841","4021","7640","12467","16590","49484","3665","2324","2827","3996","7620","12465","16587","49375","3656","2300","2820","3975","7594","12439","16591","49253","3616","2262","2810","3952","7585","12431","16597","49116","3591","2228","2791","3929","7552","12399","16626","48994","3565","2201","2775","3927","7496","12377","16653","48888","3543","2193","2758","3918","7460","12346","16670","48780","3525","2184","2724","3901","7410","12340","16696","48690","3495","2176","2724","3879","7373","12346","16697","48620","3484","2164","2715","3853","7362","12327","16715","48441","3428","2104","2683","3842","7301","12320","16763","48456","3431","2100","2671","3841","7253","12322","16838","48448","3439","2084","2670","3849","7218","12350","16838","48377","3422","2073","2661","3826","7203","12331","16861","48325","3393","2054","2645","3809","7209","12338","16877","48239","3391","2017","2624","3804","7190","12346","16867","48116","3372","1990","2598","3782","7161","12318","16895","48001","3353","1978","2576","3770","7125","12297","16902","47938","3330","1971","2568","3758","7103","12283","16925","47853","3316","1958","2566","3742","7073","12296","16902","47902","3305","1947","2614","3736","7037","12328","16935","47875","3292","1927","2623","3708","7031","12303","16991","47868","3281","1891","2621","3709","7022","12313","17031","47820","3278","1874","2610","3708","6960","12305","17085",
"경상북도","의성군","감소","체류인구","106337","11165","6931","11290","19555","29349","21243","6803","169732","25176","16414","19859","31457","42164","26420","8242","160031","11682","8245","15415","27150","47237","37543","12760","154879","10325","8180","15211","26444","45046","36027","13645","182094","16555","10759","18500","32547","50394","39048","14291","161257","12050","9358","16749","28677","46316","35458","12649","140708","12845","8573","14828","25139","39487","29933","9904","160034","15774","9917","17278","29207","44059","32957","10842","235856","26793","19989","26618","40467","59419","45515","17055","163200","11270","8289","15842","27493","46186","38635","15485","161986","13579","8902","16050","28100","45184","36406","13764","119348","11445","7137","12637","21331","32714","25359","8725","150526","23837","14893","17654","27194","36174","23383","7391","92171","7555","5982","9134","15372","25879","21107","7141","150370","9853","9661","16367","26837","42630","33444","11576","145648","8161","7667","14433","24633","42274","34948","13531","184262","17024","11253","18947","32200","50242","39701","14894","160277","11688","10232","16426","26670","44052","37117","14092","143635","12237","8724","15107","24952","39522","31978","11116","152002","14697","9710","15829","26695","41772","32240","11058","167042","8628","9279","16094","26694","47017","42474","16857","220410","26505","18408","25348","37153","54763","42190","16044","158654","11268","9217","15493","26520","44085","37300","14771","110991","8739","6591","11586","18432","30902","25530","9209","102525","10890","6831","11150","17516","26666","21784","7688","163521","23347","15715","19313","28635","39470","27919","9123","156860","9642","7921","14834","24559","43858","40816","15230",
"경상북도","의성군","감소","외국인","751","15","213","243","90","85","81","24","751","24","215","241","87","82","79","23","784","25","224","259","95","81","79","21","843","26","230","295","113","80","76","23","953","25","243","351","154","80","78","22","1040","27","255","388","183","85","79","23","1112","27","265","426","201","92","78","23","1099","28","257","419","199","92","80","24","1095","29","255","413","202","93","80","23","1014","28","248","371","168","97","79","23","888","29","232","300","127","98","78","24","839","29","227","284","106","88","78","27","801","30","228","255","94","87","81","26","798","37","220","256","93","86","78","28","876","37","234","303","112","88","77","25","1073","37","264","407","173","93","73","26","1215","42","287","474","211","99","76","26","1283","41","300","515","225","102","75","25","1321","44","310","529","234","102","76","26","1357","46","314","552","239","102","76","28","1326","46","316","521","234","104","77","28","1242","45","309","474","205","103","78","28","1024","47","293","363","121","95","78","27","909","48","260","313","94","86","79","29","901","49","254","316","90","84","80","28","899","57","245","318","86","82","81","30","912","56","242","333","98","80","76","27",
"경상북도","청송군","감소","계","112251","11933","8264","11837","17598","25318","23064","14236","134511","*","12144","14911","22615","29372","23203","*","108319","*","6946","10225","16520","25547","24679","*","119121","*","6275","10137","16923","29582","29900","*","138904","*","8038","12512","21445","33412","31790","*","129019","*","7128","11662","19085","32188","31353","*","126927","11566","7961","11425","17970","30103","29613","18288","157233","15678","11049","15336","23270","36861","35363","19675","171571","17974","13250","18125","26388","39400","36352","20082","214166","12316","8773","15794","28431","54017","61617","33218","264772","16264","11389","19622","34585","66327","76818","39768","117317","10172","7533","11373","17655","27081","26902","16601","138161","19411","11947","15550","22297","29124","24814","15017","96195","9201","6602","9557","14323","21378","21117","14016","104413","8059","6658","10290","15481","24870","23969","15086","96805","5769","5755","8822","13130","22876","24367","16086","126609","11755","7730","11997","19086","28947","29022","18071","120662","8170","6916","11188","17194","29028","29931","18235","121811","10359","7672","11658","17097","28127","28717","18182","140706","13987","9545","13833","20423","32823","31660","18436","124443","6774","6824","11324","16929","29935","32743","19913","217193","21045","14143","20435","30424","48483","53181","29481","251596","15522","10264","18982","33060","62002","73121","38644","109175","*","6544","10972","15685","24888","25819","*","114404","*","7547","12217","17463","24476","24360","*","133874","*","11401","15361","21142","27931","24608","*","101731","*","6056","9544","14076","23405","25026","*",
"경상북도","청송군","감소","주민등록인구","24034","1867","1377","1499","2060","4087","5916","7228","23963","1852","1349","1481","2042","4067","5937","7235","23950","1836","1335","1481","2033","4043","5947","7275","23935","1838","1337","1476","2019","4035","5954","7276","23913","1839","1323","1471","2013","4027","5958","7282","23887","1826","1316","1463","1994","4020","5961","7307","23848","1828","1308","1449","1982","4007","5965","7309","23823","1824","1308","1439","1979","3998","5957","7318","23776","1809","1287","1440","1978","3965","5950","7347","23750","1801","1276","1438","1966","3950","5963","7356","23737","1805","1269","1436","1955","3932","5982","7358","23716","1797","1255","1444","1946","3929","5972","7373","23687","1784","1250","1447","1925","3922","5959","7400","23621","1762","1234","1443","1915","3898","5965","7404","23600","1762","1240","1433","1901","3858","5960","7446","23615","1756","1237","1440","1902","3851","5973","7456","23564","1749","1242","1428","1907","3814","5981","7443","23552","1747","1232","1435","1906","3796","5998","7438","23558","1738","1219","1438","1894","3796","6016","7457","23510","1723","1210","1442","1893","3778","6016","7448","23491","1720","1189","1443","1896","3759","5997","7487","23424","1694","1191","1452","1875","3740","5984","7488","23391","1692","1180","1451","1872","3728","5974","7494","23363","1688","1165","1446","1873","3724","5953","7514","23325","1680","1162","1441","1859","3723","5927","7533","23313","1680","1139","1437","1872","3704","5923","7558","23283","1664","1127","1437","1859","3677","5945","7574",
"경상북도","청송군","감소","체류인구","87936","10061","6828","10248","15490","21188","17124","6996","110299","16589","10747","13355","20531","25263","17240","6575","84119","7525","5562","8669","14444","21463","18705","7751","94900","6417","4881","8574","14853","25500","23917","10759","114579","10507","6630","10899","19344","29333","25804","12061","104671","7590","5723","10026","16992","28115","25363","10862","102592","9733","6560","9795","15879","26041","23618","10965","132905","13849","9640","13711","21176","32808","29376","12344","147259","16158","11863","16478","24290","35376","30372","12722","189827","10509","7393","14121","26324","50008","55623","25849","240501","14452","10031","17981","32497","62339","70805","32397","93241","8368","6207","9821","15633","23096","20902","9214","114164","17620","10632","14017","20317","25147","18827","7603","72278","7433","5306","8033","12357","17427","15123","6598","80537","6291","5361","8779","13539","20960","17981","7626","72865","4006","4452","7282","11166","18973","18370","8616","102461","10000","6379","10319","17043","25086","23016","10617","96460","6415","5553","9475","15141","25186","23905","10785","97608","8614","6325","9944","15055","24285","22672","10714","116502","12257","8200","12087","18365","29001","25617","10976","100235","5048","5499","9567","14857","26130","26719","12414","193041","19345","12817","18664","28370","44693","47170","21981","227579","13825","8971","17261","31035","58228","67121","31137","85498","6848","5311","9420","13756","21123","19841","9199","90782","10878","6322","10680","15550","20712","18408","8232","110270","16030","10202","13828","19219","24187","18660","8144","78204","5632","4883","8031","12178","19689","19056","8735",
"경상북도","청송군","감소","외국인","281","5","59","90","48","43","24","12","249","*","48","75","42","42","26","*","250","*","49","75","43","41","27","*","286","*","57","87","51","47","29","*","412","*","85","142","88","52","28","*","461","*","89","173","99","53","29","*","487","5","93","181","109","55","30","14","505","5","101","186","115","55","30","13","536","7","100","207","120","59","30","13","589","6","104","235","141","59","31","13","534","7","89","205","133","56","31","13","360","7","71","108","76","56","28","14","310","7","65","86","55","55","28","14","296","6","62","81","51","53","29","14","276","6","57","78","41","52","28","14","325","7","66","100","62","52","24","14","584","6","109","250","136","47","25","11","650","8","131","278","147","46","28","12","645","7","128","276","148","46","29","11","694","7","135","304","165","44","27","12","717","6","136","314","176","46","27","12","728","6","135","319","179","50","27","12","626","5","113","270","153","46","26","13","314","*","68","106","56","41","25","*","297","*","63","96","54","41","25","*","291","*","60","96","51","40","25","*","244","*","46","76","39","39","25","*",
"경상북도","영양군","감소","계","51511","*","3500","5881","8555","10247","8996","*","58635","*","5490","5935","9983","12847","9592","*","45173","*","2843","3983","6720","10969","10351","*","52556","*","2968","4263","7396","13273","13108","*","69893","*","3761","5692","9745","16859","17570","*","57561","*","3431","4982","8249","14265","14345","*","57430","*","3797","5269","8537","13489","12567","*","73849","*","5194","6917","11029","17276","16250","*","83862","*","7178","8461","13052","19347","16861","*","59946","*","3252","5006","8182","14720","15250","*","62514","*","3410","5116","9155","15517","15072","*","44388","*","2900","3967","6272","10827","10165","*","71474","*","5866","9220","12562","12676","10060","*","38021","*","2551","3414","5206","8594","8574","*","43732","*","2971","4014","6288","10455","9976","*","47966","*","2918","4155","6649","11830","11591","*","65867","*","3898","5781","9291","15250","15740","*","55725","4077","3213","4805","7503","13543","13837","8747","57701","5247","3928","5303","8204","13378","13419","8221","69997","7939","4544","6687","10210","15711","15691","9215","57702","3917","3533","5123","7962","13510","14428","9229","81970","9440","6711","8333","11991","18516","17183","9795","62419","4768","3429","5214","9036","15434","15317","9221","45898","3417","3322","4400","6238","10625","10674","7222","69856","13993","5130","9672","12152","11337","10448","7124","67874","9702","6805","7702","10861","14182","11361","7261","53737","*","4583","5650","7516","12118","12086","*",
"경상북도","영양군","감소","주민등록인구","15642","1387","865","885","1403","2659","3719","4724","15587","1377","841","867","1400","2659","3720","4723","15553","1365","841","875","1368","2648","3730","4726","15517","1362","830","874","1352","2649","3732","4718","15508","1354","824","868","1361","2637","3746","4718","15490","1349","821","865","1355","2634","3734","4732","15452","1344","808","865","1345","2631","3729","4730","15436","1345","798","868","1344","2609","3739","4733","15403","1337","801","860","1336","2595","3742","4732","15363","1323","795","856","1337","2588","3732","4732","15335","1320","785","855","1332","2592","3721","4730","15328","1318","787","857","1323","2582","3723","4738","15309","1318","796","859","1309","2581","3702","4744","15271","1300","784","872","1292","2578","3688","4757","15261","1295","798","872","1283","2562","3662","4789","15281","1300","810","862","1286","2554","3657","4812","15266","1302","792","865","1284","2549","3648","4826","15231","1297","795","853","1287","2532","3650","4817","15214","1293","789","848","1290","2516","3665","4813","15165","1282","776","837","1282","2504","3670","4814","15185","1286","780","841","1274","2514","3672","4818","15468","1304","825","875","1303","2574","3740","4847","15793","1313","874","916","1344","2634","3828","4884","15941","1316","915","943","1352","2643","3868","4904","15997","1320","919","946","1363","2647","3881","4921","15986","1312","913","942","1349","2640","3893","4937","16005","1309","911","951","1343","2632","3915","4944",
"경상북도","영양군","감소","체류인구","35684","6691","2606","4945","7121","7551","5248","1523","42867","7070","4620","5019","8553","10152","5843","1610","29439","2056","1971","3058","5326","8285","6592","2151","36855","2028","2106","3340","6017","10585","9348","3431","54128","4607","2903","4748","8317","14179","13796","5577","41629","2656","2577","3965","6726","11579","10582","3543","41413","4636","2942","4189","6987","10798","8810","3051","57742","6853","4340","5783","9436","14604","12484","4241","67811","7986","6323","7348","11472","16691","13092","4899","43986","3049","2412","3931","6610","12069","11490","4425","46918","3936","2585","4167","7768","12887","11324","4253","28853","2123","2076","3046","4912","8209","6418","2070","55982","13279","5033","8314","11222","10061","6333","1740","22568","2056","1730","2496","3882","5982","4862","1559","28292","1800","2134","3097","4973","7862","6291","2134","32502","1725","2070","3249","5329","9244","7908","2979","49994","4867","3051","4664","7793","12651","12066","4903","39885","2774","2362","3702","6003","10961","10160","3923","41615","3948","3042","4096","6594","10803","9730","3401","53969","6650","3673","5496","8612","13147","11997","4394","41639","2625","2660","3916","6373","10931","10731","4403","65636","8130","5795","7100","10380","15873","13417","4940","46360","3449","2518","4219","7618","12764","11462","4330","29743","2095","2371","3400","4841","7948","6778","2310","53651","12667","4175","8673","10748","8654","6539","2195","51687","8385","5856","6710","9473","11507","7440","2316","37534","2508","3635","4648","6134","9454","8142","3012",
"경상북도","영양군","감소","외국인","185","*","29","51","31","37","29","*","181","*","29","49","30","36","29","*","181","*","31","50","26","36","29","*","184","*","32","49","27","39","28","*","257","*","34","76","67","43","28","*","442","*","33","152","168","52","29","*","565","*","47","215","205","60","28","*","671","*","56","266","249","63","27","*","648","*","54","253","244","61","27","*","597","*","45","219","235","63","28","*","261","*","40","94","55","38","27","*","207","*","37","64","37","36","24","*","183","*","37","47","31","34","25","*","182","*","37","46","32","34","24","*","179","*","39","45","32","31","23","*","183","*","38","44","34","32","26","*","607","*","55","252","214","50","26","*","609","6","56","250","213","50","27","7","872","6","97","359","320","59","24","7","863","7","95","354","316","60","24","7","878","6","93","366","315","65","25","8","866","6","91","358","308","69","26","8","266","6","37","79","74","36","27","7","214","6","36","57","45","34","28","8","208","6","36","53","41","36","28","8","201","5","36","50","39","35","28","8","198","*","37","51","39","32","29","*",
"경상북도","영덕군","감소","계","330179","41823","25522","34462","56332","76470","65096","30472","309579","41086","26945","34618","53038","69289","56955","27646","294530","25937","18950","30861","46973","68882","67427","35500","252198","19456","15417","25087","39228","58822","58716","35473","277883","30309","18210","29279","46092","63465","57578","32949","284869","30178","20337","33337","48033","64577","57229","31179","309364","44015","26705","38534","53960","63854","54482","27814","431592","66143","41358","57929","76606","86629","69786","33141","304035","35400","27707","38303","51158","65971","55715","29781","263583","21794","16681","26851","42044","62410","59890","33912","257696","20631","16972","25577","40141","61582","59989","32804","267800","24349","19510","28228","41988","63657","59547","30521","341030","46693","30142","38681","55383","75004","64238","30888","256149","30644","16937","23970","40749","57070","56585","30193","290246","25382","18013","28933","43858","67161","69001","37899","211239","13778","13032","20710","31231","49267","50857","32364","300094","33074","20643","32773","50375","66309","60998","35921","287424","28979","19085","34678","48263","63438","59501","33480","327050","45583","27501","42240","57480","65431","57804","31011","440548","69491","38600","59730","78994","85431","72272","36030","227351","18554","16233","28575","37123","50492","48297","28077","338575","41652","26953","38999","55829","71548","65893","37701","269552","22381","16136","26708","41409","61851","64225","36842","264736","23206","18194","27689","40092","60782","61241","33533","331427","42239","24711","34234","52547","72163","69689","35845","308603","42984","25205","34046","51623","64894","58568","31285","265525","23490","16426","27097","40058","57578","63150","37727",
"경상북도","영덕군","감소","주민등록인구","33982","3058","1926","1959","3251","5704","7566","10518","33898","3040","1896","1934","3231","5690","7574","10533","33782","3024","1851","1943","3191","5651","7583","10539","33711","3010","1826","1930","3168","5636","7601","10540","33628","2993","1809","1911","3152","5610","7596","10557","33518","2977","1774","1895","3141","5584","7580","10567","33499","2970","1770","1895","3144","5570","7561","10589","33435","2954","1754","1892","3127","5552","7553","10603","33356","2938","1739","1881","3125","5540","7517","10616","33272","2913","1719","1896","3084","5522","7523","10615","33243","2890","1745","1899","3069","5494","7551","10595","33210","2901","1725","1869","3090","5467","7550","10608","33123","2870","1711","1857","3061","5466","7522","10636","32999","2835","1680","1844","3041","5445","7503","10651","32999","2823","1665","1867","3016","5423","7504","10701","33043","2814","1664","1865","3034","5410","7548","10708","32996","2803","1659","1860","3019","5407","7541","10707","32958","2801","1630","1845","3013","5421","7533","10715","32931","2770","1634","1836","3014","5416","7526","10735","32878","2750","1611","1845","3005","5385","7543","10739","32840","2730","1603","1845","3013","5371","7534","10744","32829","2727","1600","1828","3012","5372","7542","10748","32711","2701","1583","1817","2987","5321","7543","10759","32698","2692","1589","1827","2971","5295","7550","10774","32627","2674","1565","1820","2943","5284","7549","10792","32589","2648","1564","1809","2926","5260","7570","10812","32544","2620","1542","1793","2913","5224","7594","10858",
"경상북도","영덕군","감소","체류인구","295181","38738","23234","32128","52955","70694","57484","19946","274718","38019","24700","32335","49685","63537","49335","17105","259817","22891","16762","28574","43670","63169","59798","24953","217584","16428","13271","22815","35952","53123","51071","24925","243336","27298","16082","27016","42826","57793","49937","22383","250464","27186","18256","31101","44785","58929","49605","20603","274991","41029","24637","36301","50709","58222","46878","17215","397270","63170","39299","55700","73367","81014","62192","22528","269799","32446","25666","36086","47921","60369","48155","19156","229414","18862","14660","24608","38845","56828","52324","23286","223476","17726","14901","23291","36939","56027","52394","22198","233622","21432","17461","25982","38767","58125","51953","19902","306941","43810","28120","36429","52194","69475","56671","20241","222195","27794","14946","21736","37588","51563","49036","19531","256299","22548","16030","26689","40720","61678","61448","27187","177273","10952","11057","18476","28087","43797","43259","21645","266178","30259","18681","30541","47246","60843","53404","25203","253536","26165","17156","32447","45136","57960","51917","22755","293210","42803","25575","40023","54353","59962","50228","20266","406760","66729","36687","57506","75882","79995","64679","25282","193603","15809","14334","26350","34003","45071","40711","17325","304785","38908","25038","36772","52696","66125","58301","26945","235889","19661","14249","24504","38288","56478","56633","26076","231072","20493","16287","25475","36993","55434","53641","22750","297844","39550","22838","32020","49481","66822","62091","25043","275061","40320","23331","31848","48575","59577","50949","20463","232030","20854","14570","24919","37027","52297","55506","26858",
"경상북도","영덕군","감소","외국인","1016","27","362","375","126","72","46","8","963","27","349","349","122","62","46","8","931","22","337","344","112","62","46","8","903","18","320","342","108","63","44","8","919","18","319","352","114","62","45","9","887","15","307","341","107","64","44","9","874","16","298","338","107","62","43","10","887","19","305","337","112","63","41","10","880","16","302","336","112","62","43","9","897","19","302","347","115","60","43","11","977","15","326","387","133","61","44","11","968","16","324","377","131","65","44","11","966","13","311","395","128","63","45","11","955","15","311","390","120","62","46","11","948","11","318","377","122","60","49","11","923","12","311","369","110","60","50","11","920","12","303","372","110","59","53","11","930","13","299","386","114","57","51","10","909","10","292","381","113","53","50","10","910","12","302","379","107","51","50","9","908","15","296","380","107","50","52","8","961","17","315","399","121","51","50","8","952","19","304","387","134","52","49","7","966","21","318","387","128","53","50","9","956","15","308","394","123","57","49","10","953","16","310","389","122","57","49","10","951","16","314","385","118","57","50","11",
"경상북도","청도군","감소","계","296106","34995","25204","36615","46241","64222","59585","29242","360363","44352","32568","41853","55059","79694","72796","34040","369477","33802","26873","42902","56063","85251","83131","41455","358580","32142","24450","43102","55138","81315","79078","43355","367109","43050","26733","45648","60411","80185","72942","38140","341815","37099","24756","43539","56326","76422","68581","35092","345473","43059","27914","44595","55257","73721","67289","33638","438492","63987","39181","62439","73876","85987","75971","37051","364450","41737","32062","47490","58916","77646","70134","36464","378219","40488","24862","45538","61842","83902","79451","42136","372549","37068","27271","46860","59402","83214","77368","41366","301791","32897","24961","40494","46596","63918","61189","31737","336110","47180","31419","45481","52785","67178","61167","30900","279934","27600","20850","30345","38903","61989","66437","33811","343534","29945","22948","38148","49645","78654","81088","43107","312057","26107","19170","34115","45608","71281","73601","42174","370562","46411","27062","45267","59757","77895","73110","41059","330421","35494","22942","42846","52319","71803","68276","36741","345928","45764","25291","46749","55914","69877","67384","34948","424745","62194","33309","59286","70601","82992","77422","38941","284113","21179","19336","32633","42774","65514","65611","37065","421836","53171","33297","52969","68535","87319","81740","44805","348072","31674","23115","39931","53557","79745","77418","42633","270146","26118","20106","33243","39525","57895","59750","33509","282161","31464","21685","34344","41316","59670","60885","32797","345276","41316","29570","42366","51319","71933","71747","37024","329820","26680","19915","34706","46938","73501","82624","45456",
"경상북도","청도군","감소","주민등록인구","41267","3341","2216","2265","3925","6834","10240","12446","41184","3319","2166","2252","3911","6806","10269","12461","41144","3308","2132","2248","3880","6777","10302","12497","41140","3296","2112","2249","3866","6740","10366","12511","41080","3284","2084","2245","3850","6721","10382","12514","40984","3259","2058","2237","3816","6712","10365","12537","40930","3247","2044","2229","3807","6667","10349","12587","40844","3210","2036","2206","3778","6649","10365","12600","40778","3191","2023","2192","3755","6629","10367","12621","40707","3168","2005","2174","3739","6605","10363","12653","40617","3141","1984","2180","3717","6571","10361","12663","40582","3136","1984","2172","3702","6546","10377","12665","40544","3137","1955","2191","3689","6507","10344","12721","40478","3118","1905","2180","3670","6491","10357","12757","40437","3108","1889","2179","3658","6450","10310","12843","40360","3096","1865","2177","3625","6406","10352","12839","40317","3091","1862","2171","3611","6398","10328","12856","40286","3055","1843","2177","3598","6369","10354","12890","40287","3055","1817","2180","3604","6342","10372","12917","40246","3046","1790","2174","3589","6331","10360","12956","40198","3014","1778","2170","3581","6322","10326","13007","40156","3011","1757","2147","3580","6296","10324","13041","40109","2992","1746","2125","3565","6287","10338","13056","40117","2991","1742","2139","3532","6250","10364","13099","40115","2987","1726","2133","3528","6274","10330","13137","40119","3001","1705","2118","3526","6271","10318","13180","40124","2991","1664","2121","3525","6229","10342","13252",
"경상북도","청도군","감소","체류인구","253998","31647","22635","34046","42250","57334","49303","16781","318359","41026","30053","39312","51086","72833","62484","21564","327523","30488","24390","40373","52122","78419","72787","28944","316611","28840","21978","40566","51208","74520","68669","30830","325258","39760","24313","43136","56510","73409","62518","25612","300055","33835","22363","41030","52459","69653","58175","22540","303742","39807","25531","42076","51395","66999","56898","21036","396835","60772","36800","59937","70043","79285","65563","24435","322845","38541","29697","44986","55104","70965","59724","23827","336561","37315","22490","42981","58025","77244","69039","29467","330971","33922","24918","44294","55605","76592","66954","28686","260231","29756","22600","37930","42812","57320","50760","19054","294589","44038","29089","42900","49008","60622","50772","18160","238542","24477","18583","27810","35161","55448","56029","21035","302148","26831","20700","35577","45912","72156","70730","30243","270738","23003","16949","31539","41905","64826","63202","29313","329327","43312","24856","42711","56078","71452","62737","28180","289218","32431","20752","40280","48654","65394","57880","23827","304752","42700","23135","44197","52243","63498","56971","22007","383603","59139","31176","56743","66939","76623","67022","25961","243019","18156","17223","30082","39123","59154","55246","24034","380773","50150","31205","50435","64883","80985","71375","31740","306815","28670","20992","37293","49857","73416","67035","29553","228856","23115","17984","30570","35859","51601","49340","20387","240865","28467","19575","31672","37652","53352","50510","19637","304057","38306","27499","39746","47679","65621","61384","23821","288589","23680","17885","32077","43301","67230","72236","32180",
"경상북도","청도군","감소","외국인","841","7","353","304","66","54","42","15","820","7","349","289","62","55","43","15","810","6","351","281","61","55","42","14","829","6","360","287","64","55","43","14","771","6","336","267","51","55","42","14","776","5","335","272","51","57","41","15","801","5","339","290","55","55","42","15","813","5","345","296","55","53","43","16","827","5","342","312","57","52","43","16","951","5","367","383","78","53","49","16","961","5","369","386","80","51","53","17","978","5","377","392","82","52","52","18","977","5","375","390","88","49","51","19","914","5","362","355","72","50","51","19","949","6","359","392","75","48","48","21","959","8","356","399","78","49","47","22","918","8","344","385","68","45","45","23","917","8","347","389","67","40","42","24","889","9","339","372","67","37","41","24","896","9","343","369","73","38","40","24","896","9","335","381","70","38","39","24","907","10","335","387","72","38","41","24","1148","12","377","513","135","42","45","24","1173","12","380","534","134","44","46","23","1181","10","384","539","136","44","45","23","1100","9","366","502","114","41","45","23","1107","9","366","508","112","42","46","24",
"경상북도","고령군","감소","계","137736","12016","9162","14155","21610","32701","31498","16594","172601","19797","14551","19012","27672","39408","34273","17887","196704","26879","11298","21025","31271","43486","41186","21559","186146","15669","10882","19477","29566","44849","42386","23318","197751","17055","12365","20897","32387","47291","44017","23739","181009","13835","11229","19243","29369","44309","41239","21785","153385","12609","10135","16418","24761","36939","34194","18329","162005","15003","10433","17888","26642","38216","35282","18541","201469","19417","15379","22840","32642","46476","42334","22382","188111","15799","10722","20087","30316","45111","42972","23103","177766","13618","10293","18285","28207","43211","41238","22914","144785","11123","9084","15064","22178","34693","34340","18303","155471","18024","12881","17421","24057","33977","31972","17139","125114","10057","7819","12202","18185","29224","30485","17142","171872","20905","9258","16550","25010","38720","39444","21984","180238","16928","9960","18439","26929","41864","41824","24294","190839","16571","11712","20656","30743","44908","42623","23626","176219","13092","10730","19066","27927","41773","41324","22309","146081","11894","9145","15526","23312","34835","33149","18218","154415","13593","9490","16622","24778","36437","34718","18777","163472","9985","9441","16391","25033","39625","40250","22749","207594","21318","14768","23733","33476","46685","43991","23623","178122","12798","9963","18185","27175","42256","43119","24625","143840","10863","8654","15654","21457","32957","34621","19632","134022","11350","8599","14518","19642","29552","32053","18309","166365","17964","13178","19359","25531","35445","35465","19424","194682","24063","10058","20218","28910","40515","45100","25818",
"경상북도","고령군","감소","주민등록인구","30025","2799","2043","1824","3204","5528","6946","7681","30006","2787","2015","1830","3210","5516","6967","7681","30050","2792","1994","1847","3198","5519","6994","7706","30190","2781","2011","1883","3203","5534","7061","7717","30272","2777","2004","1919","3189","5546","7098","7739","30254","2767","1990","1917","3177","5538","7111","7754","30231","2751","1980","1911","3169","5555","7109","7756","30200","2741","1959","1909","3158","5546","7108","7779","30200","2728","1940","1918","3140","5539","7112","7823","30154","2718","1925","1917","3135","5509","7106","7844","30125","2705","1905","1911","3120","5493","7134","7857","30062","2676","1892","1901","3106","5480","7128","7879","30041","2679","1882","1889","3095","5470","7118","7908","29997","2654","1866","1876","3097","5442","7127","7935","29977","2635","1852","1862","3083","5422","7124","7999","29952","2631","1837","1866","3062","5394","7164","7998","29914","2622","1829","1878","3023","5386","7174","8002","29874","2603","1810","1880","3008","5388","7172","8013","29812","2574","1795","1867","3001","5355","7178","8042","29750","2557","1775","1855","2979","5329","7197","8058","29662","2528","1757","1844","2960","5309","7183","8081","29617","2503","1741","1848","2924","5293","7197","8111","29596","2493","1745","1844","2897","5268","7211","8138","29667","2522","1742","1852","2897","5257","7218","8179","29648","2525","1722","1847","2900","5244","7219","8191","29625","2492","1708","1857","2889","5209","7246","8224","29608","2478","1699","1856","2861","5211","7269","8234",
"경상북도","고령군","감소","체류인구","105977","9172","6459","11692","18219","27062","24486","8887","140837","16965","11871","16535","24264","33780","27241","10180","164853","24042","8624","18508","27872","37852","34128","13827","154092","12842","8162","16894","26160","39199","35261","15575","165482","14231","9641","18208","28947","41629","36852","15974","148733","11019","8524","16543","25929","38652","34061","14005","121175","9803","7444","13760","21340","31266","27016","10546","129924","12207","7764","15288","23270","32551","28108","10736","169377","16635","12727","20218","29290","40818","35157","14533","155993","13022","8050","17446","26956","39487","35798","15233","145672","10852","7624","15664","24861","37604","34036","15031","112706","8382","6415","12424","18840","29100","27144","10401","123332","15278","10209","14743","20717","28392","24785","9208","93034","7340","5168","9537","14848","23668","23289","9184","139719","18209","6618","13855","21636","33183","32256","13961","147944","14232","7303","15648","23534","36355","34600","16272","158572","13881","9059","17862","27379","39403","35391","15597","143986","10420","8080","16273","24585","36268","34093","14269","113990","9248","6501","12807","20004","29365","25913","10150","122517","10964","6869","13995","21536","30996","27465","10692","131671","7383","6832","13788","21813","34204","33010","14643","175753","18742","12156","21070","30281","41282","36735","15487","146270","10232","7346","15502","24001","36879","35847","16462","111742","8267","5996","12847","18265","27594","27343","11428","101915","8747","5957","11701","16445","24201","24772","10093","134305","15393","10561","16539","22348","30132","28159","11174","162521","21505","7448","17317","25722","35203","37768","17558",
"경상북도","고령군","감소","외국인","1734","45","660","639","187","111","66","26","1758","45","665","647","198","112","65","26","1801","45","680","670","201","115","64","26","1864","46","709","700","203","116","64","26","1997","47","720","770","251","116","67","26","2022","49","715","783","263","119","67","26","1979","55","711","747","252","118","69","27","1881","55","710","691","214","119","66","26","1892","54","712","704","212","119","65","26","1964","59","747","724","225","115","68","26","1969","61","764","710","226","114","68","26","2017","65","777","739","232","113","68","23","2098","67","790","789","245","115","69","23","2083","63","785","789","240","114","69","23","2176","61","788","833","291","115","64","24","2342","65","820","925","333","115","60","24","2353","68","824","916","341","119","58","27","2359","69","840","913","334","117","59","27","2279","72","849","852","307","115","58","26","2148","72","846","772","263","112","56","27","2139","74","852","759","260","112","57","25","2224","73","871","815","271","110","59","25","2256","73","872","839","277","109","61","25","2431","74","916","955","295","106","60","25","2459","78","920","970","297","107","62","25","2435","79","909","963","294","104","60","26","2553","80","911","1045","327","101","63","26",
"경상북도","성주군","감소","계","178949","16594","13202","20144","28502","41670","38680","20158","219987","25124","20345","26324","36194","48788","41899","21312","213838","16444","14542","23380","32566","48998","51063","26845","223452","15274","13962","22976","32491","51411","56564","30774","256220","25247","17692","29508","40681","57563","56808","28721","227992","20345","16487","26946","35908","51712","50912","25683","235332","26056","19108","29301","37399","50886","48507","24074","287709","37621","27392","39173","46867","58102","52774","25780","263529","27272","23173","33079","42218","57456","53215","27116","222473","18801","13988","26430","35423","50674","50873","26284","212576","16498","14289","23416","33143","49551","48979","26700","190668","15661","14239","21739","29890","44228","42917","21995","213148","26681","19333","26133","34232","45611","40203","20954","159916","12037","11290","17579","24061","37340","37159","20448","201345","15464","13299","21730","29653","45838","48704","26657","211855","13584","13607","21974","29911","48619","54084","30076","260227","26936","17696","31707","40329","55849","57586","30124","218973","19178","15269","26532","32896","48293","50003","26801","236062","26737","18804","30917","36712","49137","48681","25072","267797","33848","22871","35512","42524","54457","52015","26569","204877","13059","13260","23005","30749","47236","50117","27451","268053","30665","21505","34173","41916","55432","54976","29386","205722","15280","13116","22835","30517","46588","49262","28124","180182","14331","12563","20301","26556","40460","42392","23579","174349","16425","12521","19544","25995","38581","39328","21954","214747","25315","19116","26326","33234","45107","42606","23043","199019","14097","12924","21357","28730","43462","49487","28961",
"경상북도","성주군","감소","주민등록인구","42038","3619","2586","2952","4152","7548","10452","10729","42001","3597","2538","2942","4133","7566","10472","10753","41971","3615","2494","2935","4123","7533","10486","10785","41936","3600","2464","2942","4097","7508","10521","10804","41862","3586","2422","2941","4080","7476","10519","10838","41818","3563","2395","2947","4046","7459","10541","10867","41724","3538","2357","2944","4047","7423","10543","10872","41691","3540","2328","2942","4045","7408","10538","10890","41591","3527","2295","2935","4019","7387","10543","10885","41516","3515","2280","2925","3982","7352","10581","10881","41471","3502","2266","2929","3961","7298","10618","10897","41452","3488","2255","2921","3962","7280","10627","10919","41396","3460","2235","2895","3950","7240","10625","10991","41286","3429","2181","2877","3943","7219","10628","11009","41214","3393","2153","2868","3920","7198","10595","11087","41150","3381","2137","2866","3897","7163","10585","11121","41097","3365","2120","2846","3878","7122","10604","11162","41029","3339","2098","2821","3880","7101","10600","11190","40984","3326","2084","2808","3864","7071","10623","11208","40952","3316","2060","2819","3856","7025","10617","11259","40872","3290","2023","2808","3829","7008","10626","11288","40779","3267","2008","2776","3822","6947","10640","11319","40719","3242","1997","2756","3820","6903","10657","11344","40720","3246","2004","2746","3820","6883","10671","11350","40636","3216","1962","2740","3814","6853","10648","11403","40571","3209","1934","2734","3800","6818","10652","11424","40554","3190","1908","2729","3785","6771","10685","11486",
"경상북도","성주군","감소","체류인구","135198","12928","9940","16530","24205","34019","28158","9419","176244","21471","17125","22708","31913","41118","31358","10550","170110","12772","11371","19755","28293","41360","40509","16050","179750","11622","10821","19335","28241","43797","45975","19959","212472","21603","14555","25802","36436","49985","46219","17872","184190","16720","13367","23171","31674","44153","40301","14805","191113","22452","15967","25236","33005","43364","37897","13191","243821","34012","24297","35303","42563","50598","42169","14879","219915","23676","20123","29318","38000","49972","42606","16220","178951","15212","10949","22705","31247","43223","40223","15392","169106","12913","11247","19703","29005","42154","38292","15792","147178","12092","11185","18020","25750","36849","32218","11065","169733","23135","16312","22446","30109","38277","29503","9950","116594","8517","8325","13905","19938","30023","26458","9426","158103","11980","10355","18084","25553","38539","38035","15557","168275","10112","10542","18104","25794","41354","43427","18942","215976","23480","14479","27442","36098","48619","46910","18948","174593","15739","12042","22184","28614","41086","39331","15596","191749","23314","15582","26616","32442","41958","37985","13850","223960","30430","19770","31462","38347","47329","41325","15296","161218","9657","10222","19025","26614","40132","39418","16150","224756","27284","18573","30384","37809","48389","44264","18053","162568","11918","10206","19115","26433","39591","38538","16767","136839","10958","9590","16503","22440","33479","31654","12215","131187","13077","9612","15804","21913","31631","28613","10536","171616","21970","16257","22554","29144","38197","31890","11604","155899","10762","10105","17586","24645","36601","38738","17461",
"경상북도","성주군","감소","외국인","1713","47","676","662","145","103","70","10","1742","56","682","674","148","104","69","9","1757","57","677","690","150","105","68","10","1766","52","677","699","153","106","68","11","1886","58","715","765","165","102","70","11","1984","62","725","828","188","100","70","11","2495","66","784","1121","347","99","67","11","2197","69","767","928","259","96","67","11","2023","69","755","826","199","97","66","11","2006","74","759","800","194","99","69","11","1999","83","776","784","177","99","69","11","2038","81","799","798","178","99","72","11","2019","86","786","792","173","94","75","13","2036","91","784","797","180","98","73","13","2028","91","791","778","180","101","74","13","2430","91","928","1004","220","102","72","13","3154","91","1097","1419","353","108","72","14","3351","100","1129","1527","402","106","72","15","3329","97","1138","1493","406","108","73","14","2885","102","1041","1231","321","103","73","14","2787","112","1015","1172","306","96","73","13","2518","114","924","1013","285","96","72","14","2435","120","913","964","264","94","67","13","2623","127","969","1052","296","98","67","14","2526","132","947","1000","268","97","67","15","2560","136","925","1038","290","92","64","15","2566","145","911","1042","300","90","64","14",
"경상북도","봉화군","감소","계","97013","10345","6329","8520","14613","22339","21515","13351","132151","18861","11745","13181","21796","28825","23784","13959","106358","8466","6292","9490","15698","25663","25302","15448","124907","9169","6623","10046","16660","30043","32340","20025","148724","13845","8446","12877","21548","35309","35454","21245","134041","10687","7717","11718","19168","32312","33215","19224","139316","15019","9078","12664","20679","32543","31727","17606","174528","19745","11421","16437","26438","41499","38825","20163","173234","19585","13532","17705","26723","39714","36050","19925","158380","11594","7662","12846","20904","38020","42885","24468","142780","11196","7631","12089","20152","34947","36014","20751","106772","10571","6701","10616","16256","23902","23840","14887","121866","17317","10219","11758","19044","26255","23203","14069","86797","8255","5260","7420","12245","19488","20478","13651","97337","*","5734","8396","13525","22982","23681","*","111865","7867","6022","8885","14256","26528","29555","18752","151265","15073","8566","13377","21649","34761","35872","21967","126657","*","7091","11004","17246","29935","32469","*","139400","*","8791","12684","19682","31587","32904","*","160825","*","10120","14790","23458","37361","37061","*","121723","*","6662","10505","15970","29202","32204","*","202403","*","14018","20183","29119","43929","46257","*","140634","*","6915","11600","18925","33458","37356","*","103958","*","5849","10464","14931","22723","24141","*","96349","*","5820","8182","12913","21313","22961","*","124779","17148","10819","12267","19017","26394","24022","15112","95940","6583","5515","8007","12254","22091","24691","16798",
"경상북도","봉화군","감소","주민등록인구","29531","2646","1588","1479","2704","4973","7452","8689","29432","2585","1562","1464","2684","4955","7466","8716","29356","2559","1528","1454","2669","4943","7479","8724","29393","2615","1518","1453","2641","4958","7468","8740","29323","2607","1493","1453","2623","4940","7471","8736","29249","2596","1479","1454","2600","4939","7434","8747","29197","2584","1464","1442","2594","4921","7414","8778","29115","2580","1445","1436","2568","4902","7405","8779","29082","2565","1435","1427","2565","4879","7415","8796","28992","2548","1430","1421","2550","4843","7420","8780","28934","2543","1411","1424","2533","4831","7416","8776","28836","2529","1397","1415","2491","4819","7415","8770","28719","2494","1384","1412","2442","4811","7386","8790","28594","2451","1350","1393","2429","4783","7387","8801","28588","2476","1352","1389","2412","4730","7366","8863","28588","2498","1342","1396","2403","4709","7352","8888","28551","2501","1339","1390","2393","4690","7333","8905","28508","2493","1317","1384","2384","4679","7334","8917","28452","2476","1297","1378","2363","4660","7341","8937","28371","2450","1290","1371","2343","4626","7342","8949","28322","2441","1269","1365","2335","4625","7315","8972","28307","2424","1279","1367","2308","4606","7317","9006","28315","2412","1270","1370","2300","4611","7322","9030","28315","2416","1274","1368","2291","4600","7324","9042","28252","2394","1275","1345","2286","4574","7305","9073","28158","2351","1261","1337","2266","4537","7330","9076","28174","2360","1261","1339","2271","4494","7329","9120",
"경상북도","봉화군","감소","체류인구","67095","7693","4651","6939","11852","17293","14018","4648","102328","16270","10092","11617","19050","23798","16273","5228","76600","5899","4667","7932","12964","20649","17781","6709","95078","6546","4999","8473","13946","25015","24828","11270","118919","11231","6839","11284","18837","30296","27938","12494","103906","8084","6096","9916","16314","27298","25736","10462","109228","12428","7473","10875","17828","27543","24269","8812","144522","17158","9838","14658","23606","36518","31376","11368","143308","17013","11966","15955","23912","34757","28592","11113","128667","9040","6109","11146","18177","33097","35425","15672","113405","8646","6125","10537","17537","30045","28557","11958","77533","8033","5206","9100","13698","19013","16385","6099","92762","14818","8742","10248","16538","21377","15776","5262","57812","5799","3818","5930","9748","14636","13048","4833","68345","5162","4286","6898","11049","18181","16272","6496","82838","5364","4580","7365","11776","21746","22160","9847","122063","12567","7105","11751","19104","29998","28493","13045","96971","6713","5606","9142","14475","25179","25088","10768","109782","12106","7328","10831","16941","26850","25515","10212","131290","15595","8661","12958","20733","32652","29671","11020","92250","4821","5226","8686","13256","24492","24843","10927","173045","20167","12587","18405","26474","39238","38894","17281","111834","7822","5546","10066","16534","28782","29989","13095","75228","7620","4483","8965","12575","18061","16772","6751","67678","7703","4455","6701","10562","16677","15610","5972","96203","14792","9467","10794","16688","21796","16645","6021","67339","4217","4164","6529","9918","17535","17312","7663",
"경상북도","봉화군","감소","외국인","387","6","90","102","57","73","45","14","391","6","91","100","62","72","45","15","402","8","97","104","65","71","42","15","436","8","106","120","73","70","44","15","482","7","114","140","88","73","45","15","886","7","142","348","254","75","45","15","891","7","141","347","257","79","44","16","891","7","138","343","264","79","44","16","844","7","131","323","246","78","43","16","721","6","123","279","177","80","40","16","441","7","95","128","82","71","41","17","403","9","98","101","67","70","40","18","385","5","93","98","64","67","41","17","391","5","92","97","68","69","43","17","404","*","96","109","64","71","43","*","439","5","100","124","77","73","43","17","651","5","122","236","152","73","46","17","1178","*","168","478","387","77","47","*","1166","*","166","475","378","77","48","*","1164","*","169","461","382","83","48","*","1151","*","167","454","379","85","46","*","1051","*","152","411","337","85","46","*","485","*","99","164","91","65","45","*","415","*","92","131","65","62","45","*","419","*","90","136","65","62","46","*","418","5","91","136","63","61","47","15","427","6","90","139","65","62","50","15",
"경상북도","울진군","감소","계","259232","32167","19938","26629","42836","55252","53294","29118","262771","35693","23181","29022","45365","55132","48359","26018","245012","19846","16849","24565","37223","54832","57563","34133","245288","15702","15463","22302","33823","53026","62100","42870","272555","24556","17757","26940","40846","59021","63250","40186","264989","24049","18764","28207","41205","58168","60305","34291","285195","35377","22958","34187","47894","59366","55620","29793","385800","52188","31783","49276","65963","80874","71468","34248","292005","31466","24975","35239","47333","62582","58415","31995","274069","21932","16875","26516","40468","59008","66153","43117","256472","19434","16765","24875","37313","56094","62030","39961","239722","22365","18361","26225","37032","51716","52609","31415","287247","38813","24949","32521","46872","59460","55055","29578","229547","27134","16598","23012","36651","48091","49374","28687","257662","21196","17585","25842","37582","56657","61581","37218","220781","13750","14339","21044","29438","48124","56090","37997","297901","30678","19580","30990","45460","63103","66384","41705","267314","22830","18235","28938","39601","58187","62693","36830","297809","36554","23922","35889","48051","60602","59878","32913","389370","52052","31753","50186","64477","78616","74998","37288","215087","14541","15675","24461","31406","46214","50739","32050","321415","38148","25168","35543","50152","64015","66281","42108","257680","18958","15663","24120","36823","55807","64360","41949","232976","20053","16565","25340","34346","49541","54231","32901","283587","33048","20643","29387","44046","59746","61949","34767","293124","38004","24676","33103","48363","60304","57072","31602","243101","18608","15967","25061","35225","52904","58350","36985",
"경상북도","울진군","감소","주민등록인구","46561","5660","3886","3747","5552","8150","9160","10406","46463","5626","3848","3738","5511","8155","9181","10404","46390","5583","3840","3739","5479","8122","9190","10437","46339","5535","3808","3755","5454","8125","9216","10446","46296","5514","3778","3763","5421","8138","9231","10451","46280","5503","3779","3770","5405","8127","9231","10465","46241","5483","3767","3768","5390","8126","9239","10468","46173","5446","3737","3777","5370","8093","9258","10492","46112","5426","3713","3779","5353","8081","9260","10500","46150","5403","3744","3789","5333","8092","9261","10528","46166","5401","3749","3799","5316","8108","9251","10542","46124","5402","3723","3821","5261","8104","9257","10556","46106","5398","3696","3818","5230","8123","9257","10584","45985","5353","3648","3830","5194","8117","9262","10581","46045","5341","3644","3882","5166","8108","9256","10648","46012","5322","3600","3920","5151","8088","9298","10633","46012","5309","3596","3917","5128","8086","9321","10655","45999","5289","3590","3937","5106","8087","9331","10659","45955","5268","3574","3935","5092","8101","9327","10658","45919","5232","3568","3947","5082","8067","9344","10679","45925","5255","3553","3936","5079","8049","9356","10697","45930","5235","3563","3950","5074","8027","9364","10717","45911","5221","3526","3983","5063","8020","9359","10739","45896","5207","3518","3998","5044","7998","9377","10754","45853","5185","3504","3991","5033","8001","9371","10768","45962","5170","3532","3996","5009","8060","9387","10808","46030","5114","3558","4032","4977","8059","9393","10897",
"경상북도","울진군","감소","체류인구","211516","26493","15648","22403","37163","47043","44084","18684","215138","30051","18922","24799","39734","46915","39130","15586","197454","14247","12597","20347","31621","46648","48325","23668","197785","10151","11243","18071","28244","44840","52836","32398","225107","19027","13576","22705","35298","50825","53969","29708","217562","18532","14579","23972","35670","49986","51024","23799","237817","29880","18793","29959","42371","51183","46333","19298","338461","46730","27638","45022","60457","72723","62162","23729","244710","26027","20859","30978","41838","54438","49105","21465","226731","16516","12724","22242","34995","50851","56845","32558","209096","14019","12601","20583","31853","47920","52733","29387","192391","16949","14232","21904","31628","43546","43305","20828","239948","33401","20853","28208","41497","51274","45751","18965","182375","21766","12557","18692","31310","39913","40062","18075","210442","15840","13557","21470","32273","48486","52279","26536","173606","8414","10373","16629","24148","39967","46746","27330","250736","25355","15633","26574","40193","54948","57017","31015","220149","17527","14296","24490","34355","50032","53316","26133","250696","31272","19999","31453","42819","52431","50508","22214","342278","46806","27835","45727","59254","70480","65608","26568","168009","9273","11781","20024","26185","38095","41338","21312","274341","32899","21261","31098","44942","55918","56871","31352","210630","13723","11794","19654","31615","47718","54954","31172","185947","14830","12705","20869","29157","41473","44806","22108","236594","27847","16787","24930","38866","51672","52531","23960","246024","32815","20796","28642","43205","52170","47640","20756","195932","13473","12067","20563","30098","44770","48910","26050",
"경상북도","울진군","감소","외국인","1155","14","404","479","121","59","50","28","1170","16","411","485","120","62","48","28","1168","16","412","479","123","62","48","28","1164","16","412","476","125","61","48","26","1152","15","403","472","127","58","50","27","1147","14","406","465","130","55","50","27","1137","14","398","460","133","57","48","27","1166","12","408","477","136","58","48","27","1183","13","403","482","142","63","50","30","1188","13","407","485","140","65","47","31","1210","14","415","493","144","66","46","32","1207","14","406","500","143","66","47","31","1193","14","400","495","145","63","47","29","1187","15","393","490","147","61","50","31","1175","15","384","490","143","63","46","34","1163","14","366","495","139","69","46","34","1153","14","351","499","139","69","46","35","1166","14","349","511","140","68","46","38","1158","14","349","501","140","70","43","41","1173","14","350","512","141","69","46","41","1153","13","341","501","142","70","45","41","1144","14","344","495","136","70","46","39","1139","14","343","483","145","69","47","38","1133","16","342","473","145","70","48","39","1140","16","352","466","147","73","47","39","1138","19","348","465","149","74","45","38","1139","21","342","466","150","75","47","38",
"경상북도","울릉군","감소","계","21972","*","3143","2739","3252","4377","4052","*","22297","*","2884","2891","3364","4431","4047","*","32626","*","3034","3459","4124","7843","8632","*","67569","*","3649","4450","6599","17999","22894","*","82549","*","4446","5487","8413","21919","27198","*","70108","*","5434","6514","9026","18134","19464","*","48915","*","5536","6265","7360","10360","9137","*","65839","*","8053","9626","10005","14274","11921","*","53220","*","5170","6687","7362","11951","12349","*","60315","*","5014","5766","7501","14973","16728","*","35439","*","3585","3938","4768","8202","8772","*","21826","*","3078","3228","3112","4027","4054","*","22182","*","3060","2959","3086","4104","4056","*","20924","*","2844","2886","3104","4070","3860","*","33215","*","3002","3605","4032","7898","8794","*","56957","*","3358","4316","5902","14457","18310","*","75078","*","4497","5732","7792","18576","23608","*","61484","*","5231","6380","7893","14933","16328","*","53694","*","6322","7288","8258","11028","10088","*","66392","*","8453","10425","9619","13409","12255","*","44772","*","4288","5573","5617","10160","11454","*","48485","*","4280","5141","6046","10540","12659","*","30260","*","3029","3290","3952","6528","7866","*","19029","*","2566","2870","2727","3504","3472","*","21345","*","2941","2666","3041","4003","3973","*","25664","*","2980","3301","3800","4956","5157","*","26428","*","2942","3160","3452","5274","6284","*",
"경상북도","울릉군","감소","주민등록인구","9031","747","777","798","1185","1812","1960","1752","9050","722","811","786","1182","1820","1967","1762","9070","724","788","800","1177","1829","1984","1768","9095","729","780","802","1179","1844","1981","1780","9118","725","767","798","1179","1874","1986","1789","9162","735","766","804","1186","1887","1997","1787","9207","748","777","817","1195","1875","2001","1794","9188","743","763","813","1192","1885","1993","1799","9169","737","760","814","1181","1894","1991","1792","9158","732","750","816","1171","1883","2017","1789","9144","737","749","812","1166","1877","2011","1792","9099","735","754","811","1159","1853","2009","1778","9063","732","743","818","1149","1847","2001","1773","9026","709","732","817","1146","1838","2006","1778","9040","700","716","839","1131","1840","2017","1797","9017","696","707","831","1131","1823","2015","1814","9001","691","704","818","1136","1820","2028","1804","9022","701","695","827","1153","1824","2016","1806","8921","697","671","807","1139","1803","2007","1797","8860","678","654","801","1121","1802","2005","1799","8821","674","657","808","1100","1783","1993","1806","8757","659","648","789","1085","1767","2002","1807","8715","659","647","781","1075","1747","1998","1808","8696","659","648","774","1060","1749","2001","1805","8706","658","648","772","1058","1748","2009","1813","8724","662","648","771","1056","1748","2018","1821","8744","655","641","779","1048","1755","2038","1828",
"경상북도","울릉군","감소","체류인구","12812","1385","2344","1906","2057","2553","2049","517","13121","1553","2050","2072","2172","2599","2039","637","23423","692","2222","2628","2936","5998","6606","2341","58328","1978","2846","3613","5409","16135","20865","7481","73290","3334","3659","4654","7224","20025","25165","9229","60803","2961","4647","5674","7830","16228","17420","6043","39569","5207","4736","5414","6153","8469","7090","2501","56507","6357","7266","8776","8801","12373","9882","3051","43908","3178","4386","5836","6169","10041","10313","3984","51009","2580","4236","4913","6318","13074","14665","5222","26147","1266","2810","3085","3590","6310","6716","2369","12580","987","2301","2374","1939","2161","2000","818","12974","1403","2295","2099","1923","2244","2010","999","11751","1142","2091","2025","1944","2218","1810","522","24020","830","2262","2718","2884","6045","6733","2548","47774","1579","2628","3429","4753","12620","16252","6513","65913","3474","3772","4858","6637","16743","21537","8892","52292","3121","4512","5494","6721","13096","14269","5078","44615","5371","5632","6428","7101","9212","8038","2834","57370","6398","7781","9567","8479","11594","10208","3342","35794","1470","3614","4710","4500","8364","9419","3717","39572","3105","3613","4298","4944","8761","10616","4235","21390","1100","2363","2455","2860","4769","5828","2015","10181","785","1898","2043","1650","1743","1432","631","12489","1404","2275","1841","1966","2244","1924","836","16788","1728","2313","2477","2728","3197","3100","1244","17531","737","2282","2325","2387","3508","4209","2083",
"경상북도","울릉군","감소","외국인","129","*","22","35","10","12","43","*","126","*","23","33","10","12","41","*","133","*","24","31","11","16","42","*","146","*","23","35","11","20","48","*","141","*","20","35","10","20","47","*","143","*","21","36","10","19","47","*","139","*","23","34","12","16","46","*","144","*","24","37","12","16","46","*","143","*","24","37","12","16","45","*","148","*","28","37","12","16","46","*","148","*","26","41","12","15","45","*","147","*","23","43","14","13","45","*","145","*","22","42","14","13","45","*","147","*","21","44","14","14","44","*","155","*","24","48","17","13","44","*","166","*","23","56","18","14","43","*","164","*","21","56","19","13","43","*","170","*","24","59","19","13","43","*","158","*","19","53","18","13","43","*","162","*","18","57","19","13","42","*","157","*","17","55","17","13","42","*","156","*","19","54","17","12","41","*","155","*","19","54","17","12","40","*","152","*","20","53","17","12","39","*","150","*","18","53","17","11","40","*","152","*","19","53","16","11","39","*","153","*","19","56","17","11","37","*",
"경상남도","통영시","관심","계","466839","54461","43567","53873","85504","102013","85724","41698","493157","68813","52585","59675","92377","100431","79170","40105","508519","50291","41515","56458","89001","115179","104715","51359","520982","47720","38929","54533","86617","116620","113749","62814","539755","60832","44262","60787","94834","116789","106108","56143","529102","50612","42967","62162","98187","121466","104093","49615","487475","59003","46323","60969","94304","104275","82157","40445","600954","76380","60486","78625","113687","127292","99000","45484","534444","64026","52869","71195","99738","109377","91177","46063","532426","52687","41027","63698","97458","116185","105622","55749","567721","51462","47544","71219","102806","125175","112362","57151","495720","47739","42673","57897","89344","111772","97339","48954","538559","69029","54609","67593","98565","113565","90343","44855","411650","47825","39425","45697","73106","88946","75621","41030","488251","48704","40569","53209","82078","109970","101216","52505","484143","40460","34937","49560","75871","107216","111306","64793","592484","70492","46196","66687","103692","125829","116295","63293","518508","47756","41025","59719","93078","118969","104648","53312","484173","56971","44901","60232","91544","103297","83509","43720","604026","74551","57091","75813","111892","130230","104609","49840","449911","38948","35724","53054","79387","101450","92602","48747","649068","81687","56448","80621","118522","132427","115716","63648","512466","42236","38097","56296","90521","116329","109984","59003","468757","43788","39338","53531","82605","104825","92973","51697","464412","51006","40826","51782","82296","102762","88217","47523","499605","67409","51253","60509","89638","102368","82952","45476","465702","43471","37134","50009","76504","103125","99946","55512",
"경상남도","통영시","관심","주민등록인구","120327","18932","9203","10086","19307","21827","22344","18628","119963","18781","9120","9964","19227","21824","22350","18697","119767","18680","9055","9892","19175","21787","22392","18786","119591","18593","9033","9828","19094","21763","22426","18854","119434","18528","9016","9768","19018","21734","22465","18905","119349","18450","9005","9727","18970","21772","22465","18960","119227","18385","8998","9665","18900","21809","22423","19047","119047","18298","8986","9625","18819","21805","22401","19113","118896","18230","8959","9586","18749","21787","22377","19208","118751","18147","8966","9508","18637","21818","22395","19280","118612","18080","8941","9455","18589","21816","22380","19351","118481","18028","8907","9414","18505","21786","22406","19435","118250","17902","8895","9320","18388","21829","22366","19550","117944","17766","8834","9231","18277","21823","22374","19639","117792","17696","8787","9184","18177","21730","22376","19842","117692","17596","8785","9162","18118","21692","22403","19936","117645","17544","8776","9143","18034","21730","22410","20008","117545","17521","8731","9116","17962","21732","22375","20108","117355","17449","8702","9061","17873","21733","22360","20177","117240","17396","8676","9018","17806","21748","22310","20286","117099","17312","8653","8981","17749","21749","22256","20399","116924","17240","8640","8945","17677","21754","22202","20466","116777","17167","8621","8913","17584","21753","22192","20547","116667","17125","8574","8872","17511","21743","22218","20624","116419","17022","8527","8797","17391","21749","22214","20719","116208","16921","8469","8730","17290","21712","22243","20843","115968","16823","8386","8714","17172","21656","22235","20982",
"경상남도","통영시","관심","체류인구","343061","35482","33266","42423","65821","79864","63192","23014","369672","49985","42329","48320","72773","78284","56627","21353","385150","31562","31294","45139","69432","93075","82129","32518","397840","29077","28762","43304","67129","94540","91127","43901","416823","42257","34137","49637","75428","94737","83450","37177","406224","32114","32829","51036","78834","99382","81438","30591","364684","40566","36186","49877","75025","82154","59542","21335","478338","58030","50355","67570","94489","105181","76404","26309","411949","45742","42771","60154","80599","87282","68607","26795","410028","34485","30911","52721","78411","94065","83029","36406","445395","33322","37448","60252","83793","103060","89782","37736","373522","29651","32628","46969","70402","89685","74730","29455","416605","51066","44589","56763","79743","91437","67767","25240","289923","29995","29455","34919","54370","66824","53035","21325","366673","30943","30641","42480","63437","87947","78628","32597","362731","22804","25027","38880","57306","85232","88692","44790","471170","52888","36322","56047","85218","103806","93671","43218","397361","30176","31210","49133","74697","96948","82056","33140","363252","39461","35132","49712","73250","81281","60936","23481","483191","57097","47344","65313","93662","108195","82089","29491","329149","21583","25971","42558","61203","79416","70134","28285","528255","64392","46653","70053","100347","110391","93302","43118","391635","25014","28286","45693","72393","94283","87575","38391","347986","26605","29569","42936","64540","82783","70544","31009","343881","33926","31108","41249","64349","80715","65794","26740","379261","50423","41599","50008","71797","80363","60502","24569","345639","26584","27587","39543","58770","81184","77503","34467",
"경상남도","통영시","관심","외국인","3451","47","1098","1364","376","322","188","56","3522","47","1136","1391","377","323","193","55","3602","49","1166","1427","394","317","194","55","3551","50","1134","1401","394","317","196","59","3498","47","1109","1382","388","318","193","61","3529","48","1133","1399","383","312","190","64","3564","52","1139","1427","379","312","192","63","3569","52","1145","1430","379","306","195","62","3599","54","1139","1455","390","308","193","60","3647","55","1150","1469","410","302","198","63","3714","60","1155","1512","424","299","200","64","3717","60","1138","1514","437","301","203","64","3704","61","1125","1510","434","299","210","65","3783","64","1136","1547","459","299","212","66","3786","65","1141","1545","464","293","212","66","3720","60","1125","1518","447","292","211","67","3669","60","1098","1497","440","293","214","67","3602","59","1084","1470","419","289","217","64","3566","61","1067","1459","421","283","213","62","3595","58","1071","1482","424","287","210","63","3663","53","1100","1515","435","285","212","63","3889","55","1155","1623","498","282","212","64","4054","55","1190","1690","544","293","217","65","4104","58","1195","1723","554","299","211","64","4112","58","1191","1736","556","298","209","64","4136","65","1185","1771","551","293","207","64","4095","64","1161","1752","562","285","208","63",
"경상남도","사천시","관심","계","422582","48423","39564","52272","72658","89328","75704","44634","463533","61859","48737","59520","81707","94481","74535","42695","478288","43663","39526","56852","78183","102239","96374","61450","507990","42638","38716","55851","79539","106151","105987","79109","503755","54090","41663","60836","86877","106644","93134","60511","447313","46845","39275","56558","78369","96547","81478","48241","475899","51932","43229","61436","89477","102539","80633","46653","553859","68855","50512","71968","98172","116154","96378","51821","517786","60727","51394","69731","92297","107188","86701","49748","553521","69817","43666","71311","100619","110683","96197","61227","465960","41328","38988","55624","80034","102256","89867","57862","436732","42943","39954","53897","74682","95691","80395","49170","482945","63973","49990","62289","82437","98913","78876","46467","385472","40457","34761","45916","63594","82691","73281","44771","446113","39755","35770","52297","71390","98381","91289","57230","494187","40062","36279","53885","74510","104119","105329","80002","536342","60456","41520","64627","90680","111736","100409","66914","447172","45285","37102","56861","75994","96127","84444","51359","457782","53166","40596","59798","81954","95773","78963","47532","527854","65477","46193","68846","91192","109243","93906","52997","424071","36287","34510","51806","70115","93283","83861","54209","563157","68614","51406","74633","98076","114238","96129","60060","450258","38004","35931","52390","73871","98476","90673","60912","418894","39340","35835","51394","68160","91095","80303","52768","416422","46328","36732","51127","66842","87637","78187","49569","464457","61993","46189","61064","77323","93108","76645","48136","430024","36139","33538","50511","66119","92347","89195","62175",
"경상남도","사천시","관심","주민등록인구","109073","16542","9674","10370","16540","19041","18288","18618","108978","16471","9624","10312","16512","19094","18299","18666","108943","16398","9609","10319","16447","19109","18334","18727","108979","16359","9575","10320","16402","19141","18397","18785","108923","16307","9514","10334","16352","19192","18390","18834","108865","16241","9490","10352","16278","19232","18407","18865","108792","16181","9485","10322","16216","19293","18355","18940","108701","16101","9487","10274","16158","19346","18341","18994","108650","16052","9423","10311","16125","19360","18321","19058","108595","16027","9352","10329","16109","19358","18308","19112","108580","15993","9314","10342","16083","19356","18308","19184","108504","15971","9256","10311","16008","19380","18341","19237","108420","15952","9233","10290","15928","19388","18307","19322","108107","15839","9079","10240","15838","19405","18305","19401","108082","15790","9058","10282","15761","19379","18236","19576","108082","15740","9030","10291","15721","19393","18250","19657","108030","15697","9019","10288","15666","19370","18268","19722","108036","15644","9020","10303","15644","19378","18269","19778","108151","15642","9022","10325","15585","19454","18288","19835","108226","15587","8995","10355","15540","19510","18288","19951","108166","15558","8954","10343","15489","19488","18323","20011","108038","15508","8918","10343","15414","19489","18315","20051","107970","15447","8889","10333","15401","19486","18297","20117","107935","15426","8895","10333","15292","19477","18362","20150","107954","15439","8874","10352","15219","19508","18370","20192","107889","15345","8808","10345","15185","19526","18424","20256","107784","15213","8785","10378","15101","19446","18517","20344",
"경상남도","사천시","관심","체류인구","310506","31758","29033","40752","55714","70050","57232","25968","351511","45261","38242","48054","64782","75144","56052","23977","366220","27131","29021","45346","61311","82886","77854","42670","395906","26136","28257","44359","62716","86767","87402","60270","391725","37637","31252","49348","70104","87206","74552","41626","335292","30463","28863","45016","61669","77070","62886","29325","363919","35605","32818","49914","72831","82999","62091","27661","441955","52608","40102","60479","81579","96559","77853","32776","405900","44536","41033","58188","75729","87581","68195","30638","441622","53651","33373","59718","84032","91081","77705","42061","354054","25196","28744","43991","63470","82658","71376","38618","324906","26836","29779","42294","58181","76074","61869","29873","371207","47880","39842","50716","66022","79276","60386","27085","274050","24485","24768","34392","47271","63033","54789","25311","334654","23824","25777","40700","55138","78754","72865","37595","382744","24181","26313","42286","58311","84474","86893","60285","424923","44617","31539","53022","74534","92120","81958","47133","335754","29497","27124","45244","59863","76506","66000","31520","346225","37381","30611","48150","65871","76078","60498","27636","416167","49743","36220","57138","75142","89495","75443","32986","312406","20581","24564","40095","54107","73558","65366","34135","451627","52956","41502","62929","82137","94509","77647","39946","338774","22406","26047","40678","57945","78753","72211","40733","307346","23758","25919","39649","52319","71377","61771","32554","304824","30735","26818","39362","51065","67886","59645","29313","352977","46490","36354","49334","61589","73345","58048","27818","318616","20758","23723","38713","50471","72670","70514","41767",
"경상남도","사천시","관심","외국인","3003","123","857","1150","404","237","184","48","3044","127","871","1154","413","243","184","52","3125","134","896","1187","425","244","186","53","3105","143","884","1172","421","243","188","54","3107","146","897","1154","421","246","192","51","3156","141","922","1190","422","245","185","51","3188","146","926","1200","430","247","187","52","3203","146","923","1215","435","249","184","51","3236","139","938","1232","443","247","185","52","3304","139","941","1264","478","244","184","54","3326","139","930","1291","481","242","183","60","3322","136","919","1292","493","237","185","60","3318","141","915","1283","487","249","183","60","3315","133","914","1284","485","253","187","59","3377","141","935","1315","491","248","188","59","3361","141","936","1308","478","252","186","60","3389","142","962","1317","480","246","183","59","3382","144","958","1314","487","243","175","61","3406","143","963","1323","498","241","177","61","3461","147","978","1353","510","238","175","60","3499","148","992","1368","519","237","172","63","3492","150","986","1361","525","240","167","63","3514","151","995","1379","525","237","165","62","3613","156","1021","1412","549","241","170","64","3644","154","1040","1413","558","243","172","64","3591","158","1027","1385","549","237","173","62","3624","168","1030","1420","547","231","164","64",
"경상남도","밀양시","감소","계","402993","43503","32504","48736","66119","89200","81740","41192","489908","62578","45196","62774","83386","104534","88631","42808","487154","52153","37299","62419","80409","107011","98778","49085","507270","50575","38406","62418","81002","112455","106538","55875","584077","65590","43105","72049","96327","126419","118604","61982","501319","56332","37727","63015","81724","109967","101919","50636","496361","63846","41820","64148","82507","103422","94099","46518","632865","94570","60170","88191","108186","120544","108971","52233","519545","62280","47291","68383","85940","107848","97192","50612","497813","52825","34713","59197","79542","110742","105724","55070","534192","53412","37570","61791","83879","120483","116260","60797","430178","42560","34543","52874","67362","93664","91394","47781","458667","60111","43475","59956","74587","93791","83342","43406","375660","36963","29700","44107","59016","82751","80387","42735","464733","50136","33698","56197","73746","101405","98182","51367","452618","39951","32028","53354","69186","99770","101215","57113","584677","70788","43755","71272","96120","123686","116771","62284","480606","52827","35954","60047","77459","102542","99092","52685","504028","68058","42515","67881","81653","99531","95014","49376","612672","90266","54957","85078","102832","116586","108225","54728","445550","42439","32040","52648","70206","98287","96875","53055","595518","76265","48606","75180","97694","122344","113697","61732","568684","54392","36576","62306","87157","128036","129713","70503","412581","41957","31072","48480","61796","87081","91078","51116","398666","41276","30884","49690","61469","84095","84727","46527","483020","58826","43681","63518","78583","98341","91526","48545","471680","46216","34691","55398","73087","102177","103771","56340",
"경상남도","밀양시","감소","주민등록인구","101956","11689","7545","7822","11974","17539","22799","22588","101806","11620","7455","7796","11937","17546","22822","22630","101649","11544","7377","7788","11900","17490","22846","22704","101535","11495","7341","7765","11853","17462","22874","22745","101360","11446","7318","7736","11786","17365","22903","22806","101253","11405","7250","7752","11749","17338","22889","22870","101145","11352","7215","7743","11683","17319","22883","22950","100945","11307","7140","7738","11632","17245","22874","23009","100802","11273","7090","7715","11587","17227","22838","23072","100748","11228","7055","7714","11547","17214","22861","23129","100708","11181","7040","7713","11489","17199","22853","23233","100691","11172","7015","7706","11440","17145","22885","23328","100544","11105","6968","7674","11376","17127","22854","23440","100290","11006","6839","7651","11362","17067","22837","23528","100262","11000","6840","7639","11307","17024","22741","23711","100169","10963","6811","7644","11271","16983","22722","23775","100077","10928","6751","7643","11250","16894","22757","23854","99956","10876","6718","7622","11238","16883","22728","23891","99787","10804","6670","7599","11196","16846","22734","23938","99629","10755","6629","7589","11154","16794","22682","24026","99477","10702","6603","7574","11119","16714","22671","24094","99425","10691","6598","7549","11079","16685","22670","24153","99347","10643","6585","7525","11054","16620","22679","24241","99252","10595","6580","7514","10992","16561","22687","24323","99087","10503","6542","7511","10939","16530","22661","24401","98901","10428","6486","7462","10957","16416","22664","24488","98775","10389","6393","7463","10916","16295","22673","24646",
"경상남도","밀양시","감소","체류인구","296937","31709","22958","39609","53818","71475","58803","18566","384004","50857","35753","53655","71122","86800","65674","20142","381185","40510","27875","53163","68169","89334","75790","26344","401366","38977","29024","53146","68798","94804","83524","33092","478319","54042","33742","62781","84186","108866","95564","39137","395626","44826","28395","53721","69624","92440","78894","27727","390977","52393","32578","54995","70488","85911","71083","23528","527728","83163","51035","79051","96222","103110","85962","29185","414393","50904","38172","59152","74015","90431","74219","27501","392628","41491","25594","49934","67647","93337","82723","31902","428824","42120","28414","52380","72021","103098","93268","37523","324877","31278","25445","43497","55544","76329","68371","24413","353271","48893","34356","50467","62804","76470","60355","19927","270450","25847","20692","34600","47240","65490","57414","19166","359351","39028","24649","46550","62006","84192","75308","27616","347478","28874","23056","43793","57490","82604","78361","33299","479469","59741","34818","61608","84425","106605","93878","38393","375701","41827","27107","50517","65791","85476","76226","28757","399470","57131","33733","58517","70048","82497","72141","25403","508286","79380","46206","75756","91264","99608","85406","30666","341153","31592","23273","43242","58667","81387","74067","28925","491134","65421","39849","65788","86173","105473","90889","37541","464079","43595","27729","52739","75662","111228","106901","46224","307831","31201","22201","38749","50336","70326","68262","26755","293963","30608","22013","39889","50063","67373","61932","22087","378494","48228","34886","53739","67156","81736","68731","24018","366891","35652","25873","45378","61674","85692","80967","31655",
"경상남도","밀양시","감소","외국인","4100","105","2001","1305","327","186","138","38","4098","101","1988","1323","327","188","135","36","4320","99","2047","1468","340","187","142","37","4369","103","2041","1507","351","189","140","38","4398","102","2045","1532","355","188","137","39","4440","101","2082","1542","351","189","136","39","4239","101","2027","1410","336","192","133","40","4192","100","1995","1402","332","189","135","39","4350","103","2029","1516","338","190","135","39","4437","106","2064","1549","348","191","140","39","4660","111","2116","1698","369","186","139","41","4610","110","2083","1671","378","190","138","40","4852","113","2151","1815","407","194","133","39","4920","110","2169","1856","414","194","136","41","5120","108","2209","2008","433","189","133","40","4971","114","2161","1917","425","183","132","39","5131","119","2186","2021","445","187","136","37","4949","124","2129","1908","430","183","138","37","4771","123","2112","1765","409","188","139","35","4757","131","2122","1733","414","184","137","36","4920","145","2164","1832","420","186","137","36","4959","153","2159","1843","442","186","138","38","5258","154","2262","2042","441","188","133","38","5498","161","2291","2217","468","194","129","38","5616","165","2329","2290","467","192","134","39","5625","170","2309","2317","470","189","131","39","6014","175","2425","2557","497","190","131","39",
"경상남도","의령군","감소","계","108373","13680","6102","11464","17376","24349","22223","13179","143385","18392","12504","15991","23782","33113","25739","13864","137978","15607","7270","13491","21766","32392","30669","16782","163221","24104","7990","14345","23285","36216","37244","20036","166165","27441","9145","15437","24157","36804","34184","18998","138508","19518","7302","12901","20354","31750","30218","16464","126752","20294","7205","12527","18683","28055","25699","14289","132919","18470","7542","14622","20872","29360","27009","15045","170664","27166","12275","17383","25100","37466","33393","17881","186462","29509","8128","17963","27027","40411","41210","22213","149200","23405","7361","12473","20244","33339","32930","19448","121614","21030","6536","10543","17464","26711","24810","14521","123733","16256","10468","13239","18468","27778","23850","13674","91928","8328","5430","8623","13579","21333","21224","13413","120733","10995","5976","11000","16492","27429","30537","18305","166670","26543","7089","15532","22540","34446","38390","22129","166286","27205","8435","16212","23898","34963","34792","20781","139951","20196","7017","13429","19164","31287","31189","17669","114475","15919","6536","10968","15769","25443","25082","14758","126693","16278","6915","13656","20224","28105","26001","15515","135312","17482","6331","12083","18339","30816","31425","18837","215475","37127","13381","24348","32968","42970","42055","22627","147716","20856","6693","12767","19937","33029","33527","20907","117866","19306","5813","10310","15728","25128","25596","15985","98035","10912","5485","9658","13987","21433","22336","14223","130570","15687","10668","14689","19731","28500","26110","15186","121482","10874","5661","10792","15943","26863","31659","19691",
"경상남도","의령군","감소","주민등록인구","25440","2186","1458","1495","2402","4289","6101","7509","25395","2173","1435","1480","2402","4283","6120","7502","25351","2169","1395","1495","2380","4264","6140","7508","25354","2162","1396","1497","2362","4271","6147","7519","25314","2148","1397","1478","2359","4268","6135","7529","25257","2138","1373","1491","2345","4246","6129","7535","25241","2135","1360","1491","2321","4252","6135","7547","25230","2122","1370","1483","2317","4239","6128","7571","25168","2101","1364","1477","2302","4236","6103","7585","25135","2096","1364","1464","2304","4208","6108","7591","25092","2077","1365","1462","2292","4208","6102","7586","25150","2093","1381","1476","2294","4195","6107","7604","25094","2080","1370","1472","2271","4174","6117","7610","25000","2075","1351","1451","2254","4153","6094","7622","24945","2062","1336","1446","2232","4140","6052","7677","24908","2049","1326","1432","2224","4129","6027","7721","24871","2042","1321","1427","2215","4124","6010","7732","24854","2043","1306","1428","2206","4122","6012","7737","24800","2014","1313","1427","2191","4109","6000","7746","24755","2005","1298","1429","2180","4092","6003","7748","24671","1996","1282","1405","2171","4074","5980","7763","24640","1995","1268","1402","2167","4076","5972","7760","24627","1973","1283","1388","2164","4073","5978","7768","24636","1969","1294","1385","2153","4054","5992","7789","24591","1965","1290","1376","2154","4042","5983","7781","24531","1943","1284","1365","2157","4034","5967","7781","24503","1938","1254","1355","2144","4008","5992","7812",
"경상남도","의령군","감소","체류인구","82202","11464","4379","9717","14900","19991","16089","5662","117285","16194","10810","14263","21311","28764","19589","6354","111930","13412","5614","11752","19323","28063","24499","9266","137163","21915","6326","12600","20860","31886","31066","12509","140107","25266","7469","13691","21731","32476","28015","11460","112520","17347","5664","11151","17939","27441","24056","8921","100757","18122","5562","10778","16289","23742","19529","6735","106927","16311","5885","12879","18485","25055","20846","7467","144704","25027","10612","15634","22726","33163","27254","10288","160507","27371","6458","16212","24651","36136","35064","14614","123266","21286","5688","10709","17876","29064","26790","11853","95607","18898","4849","8750","15089","22450","18665","6907","97793","14140","8798","11445","16126","23536","17694","6054","66078","6215","3784","6849","11248","17113","15091","5780","94949","8894","4353","9241","14179","23224","24444","10615","140925","24455","5475","13794","20229","30255","32322","14394","140592","25123","6832","14490","21593","30777","28741","13036","114298","18111","5427","11733","16868","27104","25135","9920","88836","13863","4920","9253","13486","21273","19041","7000","101085","14228","5306","11925","17959","23955","19958","7755","109765","15439","4738","10360","16078","26686","25403","11062","189925","35084","11791","22606","30709","38839","36042","14855","122098","18835","5072","10987","17671","28898","27508","13127","92247","17288","4191","8529","13478","21014","19564","8183","72444","8896","3856","7892","11728","17331","16311","6429","105058","13695","9045","12947","17472","24407","20102","7391","95983","8884","4068","9051","13694","22796","25626","11865",
"경상남도","의령군","감소","외국인","731","30","265","252","74","69","33","8","705","25","259","248","69","66","30","8","697","26","261","244","63","65","30","8","704","27","268","248","63","59","31","8","744","27","279","268","67","60","34","9","731","33","265","259","70","63","33","8","754","37","283","258","73","61","35","7","762","37","287","260","70","66","35","7","792","38","299","272","72","67","36","8","820","42","306","287","72","67","38","8","842","42","308","302","76","67","38","9","857","39","306","317","81","66","38","10","846","36","300","322","71","68","39","10","850","38","295","323","77","67","39","11","839","39","287","313","81","65","41","13","837","39","288","306","87","62","41","14","823","40","282","295","90","62","41","13","799","42","284","268","90","61","42","12","839","42","303","288","92","61","41","12","853","45","311","302","85","58","40","12","876","47","311","318","90","56","42","12","910","48","322","340","92","55","41","12","991","48","338","392","102","58","41","12","983","49","328","396","97","60","40","13","1000","51","339","390","105","60","42","13","981","49","339","377","102","59","41","14","996","52","339","386","105","59","41","14",
"경상남도","함안군","감소","계","240025","20964","19976","26714","42354","57316","48840","23862","284362","32184","27780","33964","49590","63815","52130","24900","266658","21734","20312","29469","45640","64392","57123","27989","287893","22879","20280","31148","47365","68537","64453","33231","330802","27956","26208","37268","54066","79396","71239","34669","287805","22752","22302","31351","47360","70189","63653","30198","284573","23697","22253","30276","46452","69904","62574","29416","273326","26111","22315","30942","46305","64723","55992","26937","306521","30133","28183","36388","51645","69537","60596","30038","299818","24174","22209","32232","48330","71285","67298","34290","301897","24759","22020","32853","48653","70566","67545","35503","257599","21377","20352","28763","43501","61048","55245","27313","272439","30654","25981","32494","45602","60571","51362","25775","224722","18307","17718","24176","36896","53396","48961","25268","257161","19455","18956","27966","41747","61584","57497","29955","281766","21103","20025","30241","44696","66175","64412","35113","360223","31058","26108","39854","55840","85116","80804","41443","288234","21354","22429","31646","45209","69038","65644","32914","268335","22114","21878","29366","42946","63688","58655","29689","268341","25150","21624","30638","44002","61855","55977","29094","266825","18315","19579","28990","42985","63934","60899","32123","328563","32930","28385","39358","53032","72826","66524","35509","289699","21838","20603","31618","45645","67093","66117","36785","250637","19835","18859","27508","40204","58819","55105","30308","244663","21185","18881","27719","40113","57150","52054","27562","281593","29835","26183","34411","46174","61874","54593","28522","261508","19064","18885","28807","41537","60846","59935","32434",
"경상남도","함안군","감소","주민등록인구","60077","8269","4330","4299","8089","10838","12173","12079","59975","8237","4270","4271","8035","10848","12189","12125","59804","8154","4209","4234","7986","10830","12187","12204","59625","8083","4171","4226","7916","10793","12222","12214","59517","8056","4143","4202","7861","10789","12243","12223","59408","8018","4107","4190","7838","10782","12216","12257","59358","8009","4093","4168","7832","10753","12222","12281","59244","7955","4079","4137","7793","10729","12230","12321","59102","7901","4048","4121","7754","10706","12213","12359","59009","7871","4047","4104","7697","10700","12217","12373","58926","7851","4026","4091","7630","10696","12220","12412","58842","7790","4006","4075","7576","10669","12250","12476","58849","7768","3998","4067","7525","10696","12274","12521","58599","7682","3914","4028","7461","10691","12241","12582","58451","7601","3873","3997","7418","10666","12220","12676","58354","7587","3842","3957","7381","10643","12216","12728","58236","7520","3830","3958","7355","10585","12229","12759","58138","7492","3821","3944","7334","10541","12243","12763","57995","7453","3800","3904","7311","10508","12228","12791","57851","7419","3756","3882","7265","10486","12202","12841","57725","7388","3722","3871","7232","10445","12213","12854","57681","7359","3713","3872","7187","10441","12224","12885","57625","7329","3689","3859","7172","10409","12230","12937","57558","7324","3644","3838","7138","10381","12248","12985","57548","7326","3640","3815","7087","10384","12246","13050","57345","7220","3611","3791","7025","10339","12258","13101","57208","7125","3576","3786","6968","10283","12300","13170",
"경상남도","함안군","감소","체류인구","176156","12554","14150","21055","33873","46247","36531","11747","220545","23803","21983","28319","41164","52735","39804","12738","202895","13432","14533","23812","37249","53324","44801","15745","224250","14652","14507","25478","39030","57510","52097","20976","267264","19756","20470","31606","45783","68382","58862","22405","224325","14596","16558","25690","39098","59180","51303","17900","221100","15537","16511","24625","38191","58927","50215","17093","209938","18002","16584","25295","38083","53772","43628","14573","243240","22080","22473","30734","43455","58609","48249","17639","236613","16155","16519","26571","40190","60360","54943","21875","238751","16758","16348","27189","40580","59643","55186","23049","194495","13440","14679","23092","35484","50150","42855","14795","209273","22739","20296","26808","37632","49642","38946","13210","161737","10470","12106","18491","28973","42473","36582","12642","194281","11693","13377","22294","33862","50687","45136","17231","218911","13358","14455","24567","36835","55307","52052","22336","297382","23370","20499","34140","47996","74312","68430","28635","225474","13689","16832","25926","37378","58286","53261","20102","205715","14480","16301","23681","35138","52975","46292","16849","205798","17537","16067","24947","36241","51162","43640","16203","204310","10732","14024","23268","35232","53282","48554","19218","266013","25366","22845","33568","45318","62182","54163","22572","227146","14307","15081","25807","37926","56480","53749","23796","188118","12309","13374","21692","32518","48235","42720","17271","182123","13656","13387","21907","32474","46567","39673","14460","219261","22412","20728","28627","38587","51336","42199","15371","199265","11737","13460","23004","33985","50365","47499","19215",
"경상남도","함안군","감소","외국인","3792","141","1496","1360","392","231","136","36","3842","144","1527","1374","391","232","137","37","3959","148","1570","1423","405","238","135","40","4018","144","1602","1444","419","234","134","41","4021","144","1595","1460","422","225","134","41","4072","138","1637","1471","424","227","134","41","4115","151","1649","1483","429","224","137","42","4144","154","1652","1510","429","222","134","43","4179","152","1662","1533","436","222","134","40","4196","148","1643","1557","443","225","138","42","4220","150","1646","1573","443","227","139","42","4262","147","1667","1596","441","229","140","42","4317","147","1687","1619","445","233","142","44","4386","155","1698","1657","462","232","138","44","4429","161","1706","1675","467","231","141","48","4501","158","1728","1717","480","225","144","49","4605","168","1779","1756","489","219","145","49","4622","173","1776","1776","497","211","140","49","4625","181","1777","1781","497","205","135","49","4692","194","1801","1809","496","207","135","50","4790","195","1833","1851","521","207","132","51","4869","205","1827","1918","527","203","137","52","4928","202","1833","1952","547","204","138","52","4961","202","1841","1978","548","203","137","52","4992","203","1854","1997","552","199","135","52","4987","203","1844","1993","562","199","136","50","5035","202","1849","2017","584","198","136","49",
"경상남도","창녕군","감소","계","251713","27563","16512","28187","42506","55730","52753","28462","302976","39642","25263","35949","51442","64622","56900","29158","305518","28535","18294","34011","48924","70709","68966","36079","413116","32958","22236","43841","60691","97946","103435","52007","328223","30424","20801","36877","52508","74898","73735","38980","273674","24041","17374","31277","44297","62696","61523","32465","249479","24171","16759","28169","41153","56656","53337","29234","261032","27729","18266","30788","43899","58281","53457","28613","318952","35425","24871","38279","53105","70635","63661","32975","301714","25622","17166","33382","49513","70752","68436","36843","298375","26429","16982","30935","48117","69594","68727","37591","271820","25464","15977","29814","44921","61926","61037","32681","301641","41146","23811","36053","50053","61638","57979","30960","230787","22758","14326","24873","36576","50796","52086","29372","282227","25525","16708","30380","43982","64253","65279","36100","364404","26464","18910","35933","50911","85958","94943","51285","337960","33876","21918","38520","52857","74010","75742","41036","279627","24113","18254","32009","44553","61713","63297","35689","231753","21816","15701","26112","36837","51414","50972","28901","247191","25637","16757","28154","40036","54232","52796","29581","252746","19378","15044","26374","39686","58253","60016","33995","344408","38638","25975","39684","55888","74166","70820","39237","294628","24474","16683","30666","45651","67256","69366","40533","261007","22929","14959","26884","40060","57867","62283","36024","267086","29212","16312","28888","42791","56333","59358","34190","312266","37536","24871","36780","50170","64758","62950","35201","289803","24096","16741","30246","44445","64674","69628","39973",
"경상남도","창녕군","감소","주민등록인구","57003","6027","3413","3897","6182","9931","13229","14324","56891","6010","3362","3855","6177","9883","13246","14358","56848","5987","3322","3855","6140","9842","13309","14393","56722","5959","3290","3825","6096","9815","13329","14408","56569","5924","3226","3826","6044","9773","13350","14426","56487","5888","3202","3822","6015","9753","13364","14443","56415","5856","3176","3789","6004","9716","13387","14487","56280","5814","3146","3777","5986","9654","13395","14508","56246","5807","3131","3763","5969","9628","13399","14549","56138","5774","3117","3731","5923","9624","13382","14587","56067","5743","3123","3707","5892","9602","13382","14618","56085","5793","3106","3728","5868","9562","13391","14637","56040","5823","3089","3695","5841","9533","13368","14691","55797","5727","3029","3659","5801","9520","13345","14716","55707","5711","2984","3664","5775","9457","13307","14809","55571","5678","2966","3656","5727","9437","13263","14844","55522","5673","2948","3650","5716","9399","13245","14891","55377","5652","2920","3630","5704","9366","13204","14901","55171","5600","2875","3624","5645","9333","13174","14920","55083","5594","2843","3601","5623","9329","13157","14936","55010","5557","2829","3610","5593","9267","13151","15003","54891","5530","2808","3597","5570","9225","13110","15051","54836","5508","2811","3603","5545","9176","13103","15090","54900","5511","2812","3602","5563","9145","13124","15143","54924","5555","2769","3585","5574","9148","13113","15180","54883","5554","2726","3555","5604","9106","13124","15214","54743","5503","2684","3539","5564","9049","13111","15293",
"경상남도","창녕군","감소","체류인구","191390","21285","12033","23185","35900","45520","39364","14103","242769","33374","20832","30989","44856","54459","43494","14765","245178","22294","13869","28945","42339","60584","55498","21649","352843","26742","17832","38773","54147","87843","89944","37560","268026","24245","16438","31779","45989","64835","60225","24515","213582","17898","13038","26212","37801","52652","47998","17982","189531","18066","12436","23200","34690","46643","39789","14707","201166","21664","13922","25824","37453","48337","39901","14066","259211","29370","20565","33376","46690","60719","50103","18387","242146","19603","12893","28532","43159","60844","54898","22217","238698","20440","12636","25998","41785","59715","55190","22934","212181","19427","11675","24883","38611","52092","47490","18003","242029","35078","19533","31143","43763","51830","44456","16225","171415","16783","10107","20012","30315","41002","38585","14611","222806","19563","12478","25445","37734","54525","51816","21245","305101","20534","14695","31002","44702","76250","81525","36393","278689","27951","17719","33585","46651","64345","62340","26097","220508","18202","14095","27105","38342","52092","49933","20740","172886","15957","11595","21264","30678","41823","37636","13933","188423","19789","12693","23314","33906","44646","39482","14595","194012","13564","10988","21502","33585","48727","46703","18943","285744","32846","21917","34808","49804","64681","57549","24139","235948","18703","12593","25734","39598","57822","56106","25393","202228","17145","10870","21924","33993","48465","49000","20830","208281","23382","12268","23946","36713","46925","46086","18959","253536","31705","20896","31885","44056","55392","49666","19936","231121","18325","12811","25289","38351","55365","56355","24625",
"경상남도","창녕군","감소","외국인","3320","251","1066","1105","424","279","160","35","3316","258","1069","1105","409","280","160","35","3492","254","1103","1211","445","283","159","37","3551","257","1114","1243","448","288","162","39","3628","255","1137","1272","475","290","160","39","3605","255","1134","1243","481","291","161","40","3533","249","1147","1180","459","297","161","40","3586","251","1198","1187","460","290","161","39","3495","248","1175","1140","446","288","159","39","3430","245","1156","1119","431","284","156","39","3610","246","1223","1230","440","277","155","39","3554","244","1196","1203","442","272","156","41","3572","245","1189","1215","449","275","155","44","3575","248","1190","1202","460","274","156","45","3714","251","1246","1271","473","271","156","46","3732","252","1249","1275","482","271","155","48","3749","252","1251","1285","490","266","157","48","3742","259","1239","1274","507","255","160","48","3696","259","1231","1224","514","258","162","48","3685","254","1221","1239","507","257","157","50","3724","257","1227","1262","508","259","162","49","3773","262","1250","1279","514","260","161","47","3844","263","1279","1329","508","258","157","50","3879","273","1277","1358","504","257","159","51","3881","275","1275","1357","504","260","159","51","3847","277","1249","1340","510","260","160","51","3939","268","1246","1418","530","260","162","55",
"경상남도","고성군","감소","계","226882","24139","16176","23190","39148","52766","46783","24679","275856","34708","24149","29941","48205","61620","51020","26212","272058","24748","16019","28453","47064","64833","60254","30686","268195","29119","15143","27301","44408","61706","58767","31752","284773","31952","17528","31004","49603","64965","58162","31559","279565","26685","16296","28883","47607","67993","61532","30569","255151","26077","16449","26453","45263","60308","53140","27461","277632","33995","18471","30481","48830","62660","54920","28274","308053","34628","24442","35240","54179","69198","59253","31113","358373","46416","18877","62398","64337","68863","63277","34204","283919","27229","16752","33317","49339","64007","59656","33618","235519","23196","15330","24109","40544","55857","49405","27078","254123","34212","21767","28038","42722","55016","46648","25718","194517","18051","12188","18130","30598","45297","44528","25725","233614","21498","13338","23016","37795","55107","53411","29448","235948","20147","13067","23254","38014","55914","54159","31392","283888","33361","17228","31949","49601","62644","57044","32062","264655","25481","15211","26447","42968","62548","59403","32596","238730","23589","14849","24218","39619","55574","52023","28858","258681","31642","17021","27331","43840","57240","52514","29092","240516","18922","14071","23246","39000","57052","55442","32784","389520","56419","26310","68106","70273","69767","64096","34549","267240","26500","14257","32765","45033","57956","56454","34274","219625","19956","13708","21625","35644","51408","48288","28996","207505","21144","13818","20028","33012","47546","44957","26999","248310","30655","20767","26777","40344","54028","48144","27597","232657","20409","13075","21452","36090","53867","55341","32423",
"경상남도","고성군","감소","주민등록인구","49306","5616","3236","2918","5625","8737","10803","12371","49196","5576","3181","2880","5599","8729","10846","12385","49048","5566","3136","2835","5558","8687","10834","12432","48929","5550","3094","2828","5530","8669","10825","12433","48791","5523","3054","2812","5475","8634","10832","12461","48660","5496","3022","2802","5452","8606","10807","12475","48597","5482","3010","2777","5439","8588","10788","12513","48463","5442","2992","2748","5419","8589","10746","12527","48356","5425","2947","2736","5410","8573","10718","12547","48264","5399","2933","2719","5391","8548","10709","12565","48175","5373","2926","2704","5375","8508","10699","12590","48005","5314","2913","2692","5271","8508","10712","12595","47913","5264","2911","2671","5256","8500","10692","12619","47719","5197","2833","2652","5220","8463","10689","12665","47651","5187","2824","2634","5168","8403","10687","12748","47610","5212","2802","2608","5150","8357","10708","12773","47586","5202","2790","2602","5140","8344","10700","12808","47511","5187","2779","2593","5124","8340","10670","12818","47398","5145","2740","2594","5082","8335","10666","12836","47298","5108","2721","2563","5064","8320","10669","12853","47241","5087","2690","2546","5066","8278","10692","12882","47150","5061","2677","2523","5041","8251","10691","12906","47094","5037","2661","2522","5017","8230","10697","12930","47099","5037","2641","2528","4993","8209","10722","12969","47018","4985","2606","2529","4948","8215","10706","13029","46901","4953","2564","2502","4919","8177","10737","13049","46842","4942","2528","2497","4899","8115","10769","13092",
"경상남도","고성군","감소","체류인구","176013","18491","12407","19684","33333","43911","35909","12277","225076","29095","20430","26461","42415","52777","40100","13797","221404","19143","12326","25018","41312","56038","49344","18222","217661","23530","11494","23873","38682","52930","47866","19287","234356","26390","13912","27572","43933","56225","47257","19067","229240","21148","12701","25442","41957","59277","50652","18063","204897","20556","12870","23046","39620","51610","42279","14916","227525","28514","14916","27115","43206","53963","44097","15713","258042","29160","20919","31888","48562","60518","48463","18532","308422","40975","15357","59052","58732","60208","52494","21603","234035","21811","13244","29958","43753","55391","48886","20991","185775","17838","11828","20733","35065","47244","38620","14447","204416","28905","18247","24651","37251","46411","35884","13065","144964","12809","8747","14723","25163","36730","33767","13025","184118","16266","9908","19617","32407","46603","42651","16665","186546","14887","9684","19912","32643","47455","43379","18585","234502","28111","13864","28602","44242","54196","46270","19218","215389","20247","11869","23131","37628","54107","48660","19746","189633","18400","11572","20922","34321","47140","41286","15992","209691","26489","13772","24074","38556","48817","41773","16209","191584","13790","10860","19999","33716","48672","44675","19873","340658","51314","23094","64868","65022","61415","53331","21614","218382","21418","11039","29502","39800","49624","45682","21316","170734","14873","10495","18344","30434","43098","37492","15998","158585","16111","10602","16677","27848","39231","34174","13941","199491","25654","17600","23431","35203","45754","37332","14519","183858","15418","9942","18086","30958","45654","44498","19302",
"경상남도","고성군","감소","외국인","1563","32","533","588","190","118","71","31","1584","37","538","600","191","114","74","30","1606","39","557","600","194","108","76","32","1605","39","555","600","196","107","76","32","1626","39","562","620","195","106","73","31","1665","41","573","639","198","110","73","31","1657","39","569","630","204","110","73","32","1644","39","563","618","205","108","77","34","1655","43","576","616","207","107","72","34","1687","42","587","627","214","107","74","36","1709","45","582","655","211","108","71","37","1739","44","589","684","208","105","73","36","1794","43","609","716","215","105","72","34","1834","45","608","755","215","104","72","35","1845","45","606","765","220","101","73","35","1792","48","581","734","221","102","72","34","1800","48","574","745","219","104","74","36","1755","47","563","723","216","101","73","32","1699","44","537","702","216","99","71","30","1692","45","528","694","220","103","72","30","1691","45","521","701","218","102","75","29","1712","44","539","715","210","101","74","29","1764","45","557","741","216","102","75","28","1792","46","572","753","217","101","74","29","1902","48","610","822","216","100","77","29","1918","48","603","844","222","97","75","29","1957","49","605","869","233","98","74","29",
"경상남도","남해군","감소","계","254175","28237","23767","28341","42347","56802","48282","26399","295386","38416","30688","33421","49463","63482","51624","28292","299832","24552","23569","33032","46743","71731","66243","33962","298099","23624","21394","32819","44834","68010","67458","39959","317643","38188","24102","37474","53287","66803","61656","36132","286361","33933","23585","35393","49142","60982","53278","30049","288929","38869","26996","37377","53085","59809","46544","26249","404715","61280","40661","54847","74338","82487","60225","30878","324328","41190","32390","44417","57511","66136","53402","29282","300825","31274","21661","37332","53710","65530","57830","33488","265595","21653","19225","29293","44923","61478","55481","33541","238683","22245","21734","28066","39681","55065","45512","26378","287454","37842","29817","35141","47128","61487","49621","26418","205706","20196","17583","21096","30526","44412","44900","26994","257179","20953","18981","27711","37844","59930","59444","32316","272681","21328","18588","29324","38909","61559","63730","39244","344334","43917","25946","41032","57452","73393","65098","37496","279249","28956","22278","34901","46223","60389","55123","31378","303326","42628","27168","40164","55976","60364","48360","28665","387600","57595","36923","52535","70498","77837","59943","32268","258806","24118","19775","33492","42925","56023","51863","30611","405132","53852","34853","52299","71720","82791","69891","39725","269450","20751","18417","29831","44794","62431","57953","35273","237741","22495","20409","28204","38272","53715","46661","27985","252441","29635","20961","27621","40283","55154","49789","28998","297711","38623","30317","35615","48215","62507","52196","30237","267529","19422","19419","28615","37483","61042","63303","38244",
"경상남도","남해군","감소","주민등록인구","40699","3910","2552","2139","3889","6668","8967","12574","40549","3873","2484","2111","3861","6671","8961","12588","40479","3886","2455","2111","3844","6617","8990","12576","40391","3858","2414","2108","3823","6590","8990","12608","40346","3849","2394","2110","3805","6578","9009","12601","40303","3828","2396","2095","3793","6585","9009","12597","40248","3802","2402","2083","3776","6585","8988","12612","40166","3770","2368","2087","3762","6556","8984","12639","40060","3750","2339","2077","3736","6556","8984","12618","39939","3730","2316","2065","3712","6539","8990","12587","39918","3734","2301","2072","3683","6546","8988","12594","39832","3696","2302","2052","3644","6550","9006","12582","39730","3683","2266","2048","3616","6535","8997","12585","39598","3650","2203","2052","3594","6507","8987","12605","39565","3634","2217","2046","3566","6478","8956","12668","39526","3632","2203","2052","3546","6456","8947","12690","39481","3621","2193","2058","3519","6434","8928","12728","39431","3601","2176","2052","3498","6434","8936","12734","39352","3581","2125","2054","3483","6442","8918","12749","39282","3561","2108","2046","3476","6416","8915","12760","39296","3541","2133","2060","3459","6407","8899","12797","39624","3564","2196","2069","3490","6467","9004","12834","40437","3749","2304","2135","3568","6620","9158","12903","40770","3779","2344","2144","3594","6680","9259","12970","40874","3780","2355","2156","3597","6713","9243","13030","40887","3785","2313","2176","3566","6681","9311","13055","41054","3882","2317","2208","3541","6677","9339","13090",
"경상남도","남해군","감소","체류인구","212777","24320","20990","25984","38351","50082","39252","13798","254143","34536","27979","31094","45494","56760","42604","15676","258638","20652","20867","30708","42797","65063","57193","21358","257012","19753","18736","30508","40913","61368","58410","27323","276596","34326","21457","35161","49389","60171","52588","23503","245367","30092","20937","33096","45262","54346","44211","17424","247998","35053","24348","35094","49222","53175","37497","13609","363867","57496","38049","52563","70486","75880","51183","18211","283578","37425","29804","42143","53684","59528","44358","16636","260159","27529","19094","35045","49899","58939","48780","20873","224858","17904","16646","26954","41124","54879","46431","20919","197993","18534","19160","25727","35901","48459","36442","13768","246865","34145","27281","32809","43369","54897","40559","13805","165259","16531","15110","18766","26793","37851","35848","14361","216786","17301","16500","25407","34141","53396","50423","19618","232342","17679","16123","27013","35239","55049","54719","26521","304021","40281","23477","38714","53802","66907","56104","24736","239020","25342","19833","32599","42604","53905","46124","18612","263208","39034","24783","37868","52382","53872","39384","15884","347545","54021","34551","50244","66911","71370","50971","19476","218707","20564","17374","31173","39343","49564","42908","17782","364648","50275","32377","49926","68103","76271","60835","26860","228039","16989","15799","27335","41078","55756","48744","22338","195966","18704","17744","25688","34520","46979","37349","14982","210560","25845","18286","25087","36531","48381","40495","15935","255830","34829","27689","33070","44491","55767","42835","17148","225507","15526","16789","26063","33788","54307","53912","25121",
"경상남도","남해군","감소","외국인","699","7","225","218","107","52","63","27","694","7","225","216","108","51","59","28","715","14","247","213","102","51","60","28","696","13","244","203","98","52","58","28","701","13","251","203","93","54","59","28","691","13","252","202","87","51","58","28","683","14","246","200","87","49","59","28","682","14","244","197","90","51","58","28","690","15","247","197","91","52","60","28","727","15","251","222","99","52","60","28","819","15","278","267","116","53","62","28","858","15","272","287","136","56","64","28","859","14","270","284","143","55","65","28","849","15","270","278","139","54","65","28","828","18","264","258","137","56","65","30","813","17","262","259","124","54","64","33","832","15","276","260","131","52","66","32","798","13","269","250","121","50","63","32","766","13","260","242","111","50","58","32","773","13","264","245","111","51","57","32","803","13","268","259","123","52","56","32","860","13","280","304","127","53","52","31","974","13","314","361","148","55","51","32","1005","12","321","372","158","56","53","33","1007","10","320","378","155","60","51","33","994","9","315","369","158","59","50","34","968","14","313","344","154","58","52","33",
"경상남도","하동군","감소","계","165454","17075","11745","15673","24550","38392","36319","21699","215593","27478","19813","21868","33878","48829","40610","23116","463528","26636","25352","40175","60081","120858","126696","63730","301889","16373","15654","25316","37804","71862","82287","52592","253488","21069","15565","23420","35732","60147","60733","36822","217752","18500","14238","22100","32504","52008","49901","28502","215718","24267","16582","22797","32205","48201","45622","26044","299318","39639","25615","34580","46326","64904","58068","30185","254091","28447","21856","28000","37780","56480","52012","29516","245320","17519","13539","22116","33518","58463","62664","37501","255162","17404","14110","22230","34661","62010","66279","38467","167246","14782","11190","16329","24456","39238","37491","23759","196576","*","18039","20960","29629","43403","36176","*","139840","*","9210","12396","18956","32422","32560","*","281703","16559","14528","23079","34606","70623","78025","44284","269639","14522","13742","23020","33092","62866","73555","48841","252137","*","15924","24716","34669","57292","58992","*","203179","16533","13188","20556","27690","47212","48331","29669","209125","24801","15966","22797","30608","44600","43923","26431","259095","32849","20611","29380","38333","55650","52430","29842","177265","11199","10813","16841","23555","41835","44425","28596","293123","32972","22438","31572","42463","63020","62542","38115","241391","16136","12929","21365","31498","56277","63559","39627","159108","13289","9915","15098","22086","36626","37148","24948","148851","14707","9719","14247","20902","33548","33454","22275","202968","25671","17609","21961","30266","44204","38967","24289","309530","18292","14700","26816","37879","75468","86292","50083",
"경상남도","하동군","감소","주민등록인구","41486","3734","2467","2222","3849","7549","9879","11786","41385","3695","2439","2222","3808","7551","9876","11794","41326","3672","2408","2215","3802","7508","9900","11821","41300","3655","2395","2228","3774","7483","9917","11848","41229","3628","2375","2217","3758","7464","9921","11866","41154","3618","2346","2200","3748","7446","9915","11881","41054","3588","2317","2181","3717","7440","9924","11887","40984","3571","2311","2162","3701","7416","9921","11902","40909","3539","2291","2147","3687","7398","9916","11931","40878","3530","2272","2144","3682","7411","9920","11919","40825","3516","2249","2138","3662","7399","9904","11957","40765","3491","2241","2131","3612","7410","9912","11968","40679","3473","2222","2133","3551","7396","9907","11997","40574","3442","2184","2111","3527","7375","9903","12032","40506","3406","2170","2119","3490","7294","9934","12093","40462","3389","2177","2116","3464","7261","9930","12125","40398","3377","2147","2142","3433","7254","9897","12148","40322","3360","2126","2134","3416","7262","9855","12169","40279","3330","2119","2136","3386","7270","9863","12175","40243","3322","2092","2127","3378","7254","9839","12231","40170","3301","2058","2112","3376","7252","9823","12248","40106","3281","2054","2109","3361","7214","9829","12258","40040","3267","2041","2116","3346","7177","9848","12245","39974","3253","2027","2121","3325","7132","9848","12268","39942","3236","2024","2110","3302","7121","9843","12306","39835","3188","1999","2098","3277","7079","9850","12344","39769","3144","1969","2097","3236","7079","9862","12382",
"경상남도","하동군","감소","체류인구","123293","13335","9069","13235","20597","30766","26386","9904","173526","23777","17168","19427","29962","41201","30679","11311","421433","22956","22726","37702","56142","113267","116742","51898","259825","12710","13044","22826","33901","64298","72312","40733","211490","17434","12980","20938","31838","52601","50755","24944","175833","14875","11679","19640","28617","44483","39931","16609","173937","20673","14068","20369","28356","40683","35644","14144","257586","36061","23104","32163","42488","57410","48092","18267","212347","24902","19334","25573","33930","49001","42039","17568","203587","13983","11032","19679","29668","50971","52687","25567","213481","13882","11628","19793","30832","54534","56316","26495","125591","11285","8716","13878","20663","31754","27519","11775","155054","23147","15592","18530","25909","35937","26207","9733","98379","8618","6794","9970","15243","24977","22597","10179","240214","13148","12102","20602","30909","63249","68033","32172","228253","11128","11330","20565","29438","55525","63568","36698","210824","20154","13548","22234","31049","49961","49035","24844","161942","13168","10822","18089","24095","39871","38415","17482","167964","21463","13618","20335","27060","37251","34001","14237","217961","29519","18284","26925","34793","48314","42533","17593","136101","7888","8496","14372","19975","34496","34543","16330","251988","29682","20111","29096","38888","55719","52652","25839","200302","12859","10601","18882","27929","49017","53650","27364","118017","10024","7579","12577","18526","29411","27240","12662","107839","11459","7405","11757","17375","26337","23552","9955","162094","22472","15331","19497","26764","37038","29060","11931","268656","15139","12442","24313","34404","68298","76373","37687",
"경상남도","하동군","감소","외국인","675","6","209","216","104","77","54","9","682","6","206","219","108","77","55","11","769","8","218","258","137","83","54","11","764","8","215","262","129","81","58","11","769","7","210","265","136","82","57","12","765","7","213","260","139","79","55","12","727","6","197","247","132","78","54","13","748","7","200","255","137","78","55","16","835","6","231","280","163","81","57","17","855","6","235","293","168","81","57","15","856","6","233","299","167","77","59","15","890","6","233","320","181","74","60","16","843","*","225","297","169","70","62","*","887","*","232","315","186","70","60","*","983","5","256","358","207","80","58","19","924","5","235","339","190","80","57","18","915","*","229","340","187","77","60","*","915","5","240","333","179","79","61","18","882","8","229","326","162","79","59","19","891","8","235","328","162","82","58","18","994","10","259","357","204","87","59","18","1029","9","273","367","214","87","61","18","1049","10","287","367","223","83","61","18","1117","12","309","400","235","83","60","18","1070","12","290","380","225","90","59","14","1039","11","279","366","225","87","57","14","1105","9","289","406","239","91","57","14",
"경상남도","산청군","감소","계","166910","15595","11380","15161","24823","41407","38215","20327","201890","25194","19217","20744","31057","46992","38341","20344","190156","15626","11803","16902","27184","47839","45711","25092","267060","15329","12341","19708","33245","67269","74724","44444","285352","25016","15636","23608","39861","70804","71303","39125","240822","20050","15767","23248","35489","59916","56844","29508","290196","33689","22171","29197","43179","66765","64041","31154","429215","60579","38111","47691","68435","93210","83141","38048","274751","28918","22335","28625","40421","63714","59820","30919","261379","18299","12863","22107","35399","65271","68356","39085","235225","17583","12710","19670","31902","57983","61066","34312","172525","15867","11559","16090","25476","41793","39584","22158","193817","25377","17433","19952","28524","44241","37788","20502","135565","10757","8796","11467","17982","33008","33343","20212","167893","12808","10790","15402","23257","41015","40977","23643","203129","11464","9578","15478","24332","49215","57141","35922","276675","25668","15585","24199","38194","66280","68266","38483","218769","18054","12719","21221","31285","53122","52934","29433","291176","30223","24155","32333","43577","65298","63464","32126","336913","42635","28650","38041","52028","73576","68892","33092","188864","12039","11177","17105","25637","46686","47782","28439","273266","28571","20699","27995","39248","62477","60198","34078","217050","14545","11456","17718","28356","52903","57567","34505","157402","12508","9708","14107","21927","38039","38132","22981","156568","13816","10086","13930","21182","37562","38165","21827","187659","21791","17104","19898","26700","42031","38401","21733","168495","12487","9975","14706","22060","39309","43325","26632",
"경상남도","산청군","감소","주민등록인구","33723","2847","1973","1742","2915","6075","8234","9937","33692","2833","1960","1706","2904","6085","8255","9949","33657","2820","1929","1710","2882","6069","8285","9962","33598","2798","1888","1705","2858","6074","8317","9958","33551","2785","1852","1713","2825","6078","8319","9979","33514","2770","1844","1704","2807","6074","8309","10006","33470","2762","1824","1699","2792","6057","8325","10011","33408","2765","1790","1700","2778","6027","8315","10033","33373","2760","1775","1693","2777","6020","8295","10053","33345","2743","1776","1704","2765","6003","8273","10081","33308","2725","1772","1711","2751","5987","8277","10085","33259","2719","1773","1714","2697","5972","8287","10097","33203","2696","1755","1690","2675","5976","8269","10142","33141","2663","1719","1681","2669","5956","8284","10169","33158","2663","1718","1681","2671","5916","8285","10224","33157","2644","1712","1695","2666","5905","8288","10247","33122","2643","1688","1698","2661","5863","8288","10281","33086","2620","1689","1681","2647","5850","8291","10308","33023","2606","1657","1676","2632","5840","8312","10300","32992","2582","1654","1676","2619","5833","8287","10341","32918","2548","1633","1674","2603","5809","8288","10363","32848","2527","1628","1655","2594","5780","8287","10377","32766","2504","1626","1646","2568","5753","8284","10385","32745","2487","1633","1637","2555","5719","8326","10388","32739","2470","1632","1635","2573","5664","8350","10415","32679","2440","1607","1626","2559","5631","8389","10427","32662","2430","1580","1621","2549","5595","8408","10479",
"경상남도","산청군","감소","체류인구","132363","12733","9114","13141","21820","35265","29925","10363","167356","22347","16945","18751","28073","40842","30029","10368","155640","12792","9549","14902","24217","41708","37370","15103","232585","12517","10126","17702","30301","61130","66350","34459","250913","22215","13464","21585","36945","64660","62926","29119","206422","17263","13607","21233","32589","53778","48478","19474","255827","30909","20038","27182","40283","60644","55657","21114","394898","57796","36008","45670","65554","87119","74765","27986","240453","26133","20249","26599","37536","57632","51467","20838","227106","15531","10780","20067","32520","59205","60026","28978","200948","14834","10607","17598","29040","51935","52735","24200","138305","13124","9453","14017","22674","35764","31242","12033","159602","22658","15330","17866","25746","38206","29465","10331","101398","8071","6721","9388","15206","26992","25006","10014","133696","10123","8710","13317","20479","35038","32640","13388","168928","8799","7503","13368","21562","43251","48803","25643","242517","23004","13541","22087","35427","60359","59930","28169","184680","15414","10689","19142","28525","47218","44598","19093","257166","27596","22163","30272","40827","59405","55110","21793","302946","40032","26665","35976","49295","67695","60565","22719","154960","9469","9207","15041","22923","40822","39456","18043","239413","26024","18716","25946","36546","56642","51871","23668","183226","12020","9466","15643","25671","47095","49244","24087","123444","9997","7652","11956","19249","32263","29767","12560","122602","11322","8021","11773","18490","31843","29774","11379","153740","19327","15062","17748","24016","36345","29967","11274","134566","10032","7943","12559","19382","33658","34870","16121",
"경상남도","산청군","감소","외국인","824","15","293","278","88","67","56","27","842","14","312","287","80","65","57","27","859","14","325","290","85","62","56","27","877","14","327","301","86","65","57","27","888","16","320","310","91","66","58","27","886","17","316","311","93","64","57","28","899","18","309","316","104","64","59","29","909","18","313","321","103","64","61","29","925","25","311","333","108","62","58","28","928","25","307","336","114","63","57","26","969","24","331","361","111","61","54","27","961","24","333","359","105","57","55","28","1012","23","348","396","103","59","54","29","1026","23","356","398","107","60","53","29","1039","22","362","404","107","61","52","31","1044","21","363","415","104","59","50","32","1036","21","356","414","106","58","48","33","1003","20","341","398","113","54","45","32","987","21","335","385","118","53","42","33","975","21","331","389","114","48","40","32","986","22","337","390","111","55","38","33","1005","20","355","394","108","55","40","33","1058","21","364","429","117","55","39","33","1213","24","423","514","123","57","39","33","1227","24","433","522","119","55","41","33","1240","24","435","524","125","55","45","32","1267","25","452","526","129","56","47","32",
"경상남도","함양군","감소","계","133064","13088","8917","11826","20810","33171","28576","16676","159213","21119","14825","15995","25982","36798","28007","16487","136694","11558","8978","11789","20170","34507","30951","18740","163292","11931","9125","12839","21499","40297","41389","26211","198461","17467","11182","16140","27763","49743","48026","28141","184723","13878","10580","15434","25207","48204","46472","24947","215811","20119","12129","16247","27090","52524","56759","30942","286540","30681","19078","23826","38105","69476","69792","35581","216615","22308","16533","20018","31171","52400","48137","26048","211510","14606","10008","15618","26277","53216","57869","33917","186139","14451","10125","14759","24922","45937","47270","28678","131859","11602","8778","11506","19186","32077","30041","18669","161354","*","14049","16016","25856","37000","29878","*","108512","*","7208","9347","15173","26333","24488","*","126118","9663","8020","10548","17200","31956","30065","18666","151625","10155","8277","11190","18664","36617","40101","26620","195391","*","11310","16592","27560","48154","46311","*","175420","13411","10159","14734","23560","45069","43628","24860","215046","20069","12565","16883","26422","50345","56973","31789","258113","26306","16040","21584","32783","61202","65372","34826","185914","10899","9546","14328","22821","46833","51513","29975","224334","24696","16688","21581","31785","51687","49274","28624","172963","11762","9027","13322","22036","42653","45761","28402","121325","9326","7856","10869","16509","29133","28708","18923","128868","12271","7926","11167","18289","30595","30106","18514","148153","18130","13665","15255","22106","34082","28022","16894","121210","8846","7330","10450","15989","29106","29989","19500",
"경상남도","함양군","감소","주민등록인구","36873","4042","2393","2152","3655","6449","8065","10117","36726","3997","2343","2123","3634","6452","8082","10095","36645","3966","2317","2132","3607","6437","8080","10106","36601","3947","2293","2134","3572","6449","8105","10101","36532","3924","2276","2136","3551","6449","8092","10104","36503","3902","2280","2137","3527","6452","8086","10119","36441","3885","2259","2122","3509","6431","8105","10130","36369","3852","2249","2110","3493","6408","8124","10133","36307","3832","2238","2094","3481","6381","8127","10154","36258","3812","2231","2075","3479","6364","8117","10180","36170","3801","2206","2068","3455","6357","8103","10180","36131","3783","2197","2063","3425","6347","8134","10182","36002","3737","2176","2049","3390","6327","8128","10195","35895","3737","2116","2011","3394","6312","8113","10212","35863","3724","2090","2009","3380","6267","8137","10256","35839","3702","2080","2018","3361","6256","8140","10282","35813","3690","2071","2023","3355","6237","8118","10319","35760","3677","2056","2017","3348","6231","8092","10339","35679","3661","2036","1998","3324","6227","8094","10339","35617","3648","2031","1985","3321","6202","8081","10349","35553","3637","2013","1986","3303","6183","8065","10366","35544","3650","2015","1984","3297","6175","8063","10360","35506","3645","2007","1976","3281","6149","8054","10394","35472","3632","2007","1975","3257","6124","8060","10417","35414","3601","1992","1983","3232","6107","8049","10450","35388","3574","1968","1976","3216","6094","8074","10486","35322","3536","1953","1979","3185","6054","8085","10530",
"경상남도","함양군","감소","체류인구","95699","9034","6409","9526","17074","26653","20457","6546","121993","17111","12365","13719","22270","30280","19869","6379","99531","7581","6541","9494","16473","28003","22817","8621","126101","7974","6697","10507","17819","33775","33231","16097","161251","13533","8758","13765","24076","43216","39880","18024","147540","9966","8151","13062","21540","41674","38332","14814","178669","16223","9724","13879","23434","46015","48595","20798","249487","26817","16687","21479","34469","62991","61609","25434","179624","18463","14150","17691","27544","45944","39952","15880","174592","10782","7633","13325","22654","46784","49693","23722","149386","10638","7782","12509","21350","39517","39109","18484","95207","7808","6455","9286","15666","25671","21848","8473","124853","17880","11753","13819","22375","30618","21692","6715","72109","5966","4969","7183","11684","19966","16320","6020","89730","5927","5805","8380","13720","25631","21874","8393","115124","6439","6047","8940","15175","30291","31910","16321","158871","14629","9074","14323","24066","41846","38138","16795","138901","9721","7922","12448","20057","38763","35487","14504","178560","16396","10332","14608","22925","44037","48829","21433","221702","22646","13818","19319","29296","54923","57240","24460","149564","7250","7338","12064","19352","40574","43395","19592","188013","21035","14483","19327","28326","45438","41158","18247","136806","8106","6864","11138","18614","36439","37654","17991","85274","5681","5705","8699","13148","22956","20595","8489","92878","8657","5792","8996","14949","24434","22004","8046","112199","14544","11558","13093","18781","27937","19896","6391","85288","5296","5225","8271","12695","22997","21851","8953",
"경상남도","함양군","감소","외국인","492","12","115","148","81","69","54","13","494","11","117","153","78","66","56","13","518","11","120","163","90","67","54","13","590","10","135","198","108","73","53","13","678","10","148","239","136","78","54","13","680","10","149","235","140","78","54","14","701","11","146","246","147","78","59","14","684","12","142","237","143","77","59","14","684","13","145","233","146","75","58","14","660","12","144","218","144","68","59","15","583","12","137","182","117","63","58","14","521","11","126","157","95","59","59","14","499","*","120","148","91","55","58","*","508","*","123","153","95","55","55","*","525","12","125","159","100","58","54","17","662","14","150","232","128","70","51","17","707","*","165","246","139","71","55","*","759","13","181","269","155","75","49","17","807","12","197","277","173","81","50","17","794","12","191","280","166","77","51","17","797","12","195","278","166","76","53","17","777","11","190","270","162","74","53","17","651","11","156","208","141","65","53","17","579","13","144","195","104","53","53","17","576","13","142","188","108","54","53","18","566","12","139","186","109","51","52","17","600","14","152","200","109","55","53","17",
"경상남도","거창군","감소","계","189982","25763","14957","20485","30760","40773","35194","22050","216739","30890","21850","24075","35531","46561","36128","21704","186657","18077","13732","17608","28502","44627","39793","24319","213057","20058","13944","19257","30284","51350","48965","29198","243182","24261","15629","21621","35620","59296","54745","32010","214150","20191","14909","19906","31026","51961","48596","27561","226991","26569","16381","21584","32801","51973","49570","28113","286356","34828","21261","28477","42757","65545","61299","32189","304919","32876","25170","32436","46256","73173","62698","32310","317817","24522","18943","26330","43021","83582","78613","42807","238023","20251","15060","20326","32222","57172","58051","34941","177827","19568","13699","17898","26474","40303","36689","23196","223058","36157","20705","26055","36268","44804","36790","22280","150633","16686","12203","14827","21747","33009","31141","21020","174441","17246","12918","16698","24873","40006","38027","24672","209878","18931","13701","19508","28082","48774","49621","31261","255537","26600","16951","23272","35043","59261","58635","35776","211174","18814","14210","19459","28317","51011","49848","29514","225124","25261","15691","21530","31510","49864","51202","30066","266672","32187","19104","26169","37940","60448","58637","32187","284008","19078","16095","23203","36124","72548","75326","41634","387282","38559","28092","36140","51445","91405","92575","49066","240657","18640","13850","19223","30826","57077","63047","37994","173353","17939","12304","17066","24310","38353","38143","25238","182468","25725","13218","18765","27860","37212","36309","23380","207868","28624","19606","23164","31514","43632","37897","23430","171693","16296","11454","15846","23525","38639","39697","26236",
"경상남도","거창군","감소","주민등록인구","59909","8569","5027","4427","6992","10227","11389","13278","59851","8609","4920","4412","6966","10253","11399","13292","60030","8697","4951","4427","6961","10226","11434","13334","59971","8672","4891","4422","6938","10228","11451","13369","59931","8638","4870","4439","6902","10232","11443","13407","59867","8598","4844","4451","6886","10212","11443","13433","59817","8564","4834","4468","6859","10192","11450","13450","59774","8530","4801","4481","6830","10174","11463","13495","59737","8518","4796","4493","6792","10165","11455","13518","59720","8523","4794","4472","6769","10180","11451","13531","59700","8517","4790","4459","6734","10175","11487","13538","59588","8469","4716","4481","6715","10144","11492","13571","59514","8413","4654","4492","6725","10156","11458","13616","59452","8434","4569","4488","6721","10099","11475","13666","59446","8444","4560","4504","6700","10003","11506","13729","59493","8481","4594","4515","6651","10000","11528","13724","59435","8445","4585","4515","6623","9978","11524","13765","59360","8410","4532","4518","6606","9989","11515","13790","59268","8359","4484","4536","6572","9994","11509","13814","59197","8318","4456","4533","6555","9985","11524","13826","59160","8304","4436","4544","6550","9950","11545","13831","59168","8289","4435","4553","6553","9952","11537","13849","59152","8271","4417","4542","6544","9952","11551","13875","58980","8191","4379","4515","6552","9866","11575","13902","58898","8179","4317","4517","6517","9868","11557","13943","58737","8122","4252","4468","6481","9825","11584","14005","58909","8265","4278","4467","6426","9810","11607","14056",
"경상남도","거창군","감소","체류인구","129266","17154","9708","15787","23652","30467","23743","8755","156063","22251","16715","19367","28443","36227","24666","8394","125776","9341","8565","12871","21419","34321","28294","10966","152234","11350","8830","14530","23220","41044","37448","15811","182410","15590","10530","16884","28600","48986","43235","18585","153379","11562","9816","15128","24007","41670","37087","14109","166242","17976","11290","16772","25808","41701","38052","14643","225651","26270","16202","23658","35788","55289","49768","18676","244252","24334","20110","27611","39328","62923","51172","18774","257139","15979","13870","21511","36111","73317","67095","29257","177417","11716","9995","15556","25354","46914","46497","21385","117393","11082","8725","13135","19639","30075","25130","9607","162578","27727","15760","21207","29410","34564","25264","8647","90188","8235","7336","9965","14890","22829","19596","7337","114019","8788","8072","11816","18038","29927","26452","10925","149306","10426","8804","14560","21273","38700","38023","17520","195012","18128","12063","18325","28249","49210","47044","21994","150703","10378","9380","14480","21541","40950","38266","15707","164742","16877","10912","16526","24772","39797","39623","16235","206371","23841","14346","21197","31213","50388","47044","18342","223765","10746","11367","18231","29400","62523","63714","27784","327041","30242","23370","31160","44725","81380","80969","35195","180506","10342","9160","14296","24134","47057","51421","24096","113446","9723","7670","12195","17628","28421","26495","11314","122468","17521","8609","13790","21180","27275","24679","9415","147986","20478","15053","18212","24860","33738","26240","9404","111657","8009","6883","10905","16924","28760","28019","12157",
"경상남도","거창군","감소","외국인","807","40","222","271","116","79","62","17","825","30","215","296","122","81","63","18","851","39","216","310","122","80","65","19","852","36","223","305","126","78","66","18","841","33","229","298","118","78","67","18","904","31","249","327","133","79","66","19","932","29","257","344","134","80","68","20","931","28","258","338","139","82","68","18","930","24","264","332","136","85","71","18","958","20","279","347","141","85","67","19","906","18","275","311","134","83","67","18","846","17","258","282","120","84","67","18","966","17","291","356","133","84","68","17","993","17","298","374","136","81","70","17","976","14","286","378","135","76","69","18","1079","24","303","433","158","74","70","17","1090","27","303","432","171","73","67","17","1111","26","298","461","170","72","67","17","1114","25","295","468","166","73","70","17","1104","28","302","439","172","75","69","19","1083","28","292","428","174","75","67","19","1073","28","287","427","167","73","69","22","999","27","273","385","148","68","75","23","927","25","255","356","130","66","73","22","1102","25","292","458","163","69","73","22","1145","24","301","484","173","69","73","21","1127","22","293","474","175","69","71","23",
"경상남도","합천군","감소","계","177390","21099","12080","17549","28242","39947","36203","22270","247449","33025","21976","26468","39721","55201","45973","25085","229924","21115","14316","22883","35957","55815","51447","28389","276934","20260","13977","22119","37012","68450","73164","41952","366848","32559","20296","30475","50162","90949","91545","50862","234299","21650","16130","22717","35702","56147","52467","29486","203122","21913","17748","19943","29085","46278","42792","25363","260112","31779","27064","30438","37989","54447","50380","28015","285351","30828","23059","29362","43204","67145","59412","32342","329837","28707","17848","31426","50269","83454","76188","41945","270889","22444","14313","23790","39998","65947","65877","38520","175019","16394","11033","16321","25245","41158","40622","24246","206105","29353","18367","21665","31668","44287","37889","22875","146623","13576","8608","12413","19992","33291","35725","23018","192100","16224","11766","18810","28724","45436","44096","27044","229451","16040","11791","20112","29611","54689","59219","37989","368704","32587","18446","31655","49871","88765","94763","52616","219111","20121","13727","21885","31849","50451","50532","30546","199957","21235","16049","19065","28405","45098","43690","26416","245909","32697","20812","27014","36695","51931","48855","27905","216852","14192","12502","18952","29918","53022","55294","32973","366353","42341","25698","38612","56013","82460","78004","43226","272202","22059","14106","23593","38257","65430","68488","40268","173831","14844","9977","15395","23950","39656","42834","27175","158996","17000","10009","14727","23160","35053","36163","22883","221704","27888","18538","23870","32845","47661","45084","25819","195103","14338","11763","18996","28214","45596","47331","28865",
"경상남도","합천군","감소","주민등록인구","41096","3290","2309","2078","3526","6822","9862","13209","40999","3265","2277","2058","3503","6821","9864","13211","40956","3237","2249","2072","3481","6793","9903","13221","40879","3223","2214","2066","3451","6764","9931","13230","40800","3215","2195","2049","3458","6719","9932","13232","40756","3205","2183","2052","3461","6695","9925","13235","40655","3187","2164","2051","3434","6675","9901","13243","40564","3175","2150","2039","3424","6640","9903","13233","40440","3159","2127","2041","3399","6613","9866","13235","40380","3145","2122","2038","3378","6592","9868","13237","40312","3132","2107","2038","3355","6567","9863","13250","40225","3116","2097","2024","3340","6536","9863","13249","40133","3093","2070","2022","3326","6521","9832","13269","39938","3039","2021","1989","3322","6488","9822","13257","39869","3033","1987","1983","3325","6450","9820","13271","39825","3028","1969","1984","3307","6423","9806","13308","39723","3012","1947","1976","3283","6385","9804","13316","39649","2992","1931","1978","3253","6375","9793","13327","39540","2969","1938","1950","3237","6350","9783","13313","39473","2953","1921","1940","3238","6316","9787","13318","39386","2925","1899","1934","3226","6305","9765","13332","39311","2901","1883","1923","3228","6239","9765","13372","39264","2897","1862","1922","3209","6213","9791","13370","39190","2886","1863","1909","3184","6174","9810","13364","39135","2878","1853","1905","3179","6157","9790","13373","39011","2826","1819","1919","3150","6103","9809","13385","38996","2816","1795","1917","3156","6071","9790","13451",
"경상남도","합천군","감소","체류인구","135447","17795","9500","15143","24626","33047","26295","9041","205613","29746","19431","24086","36128","48304","36062","11856","188135","17865","11795","20491","32387","48947","41498","15150","235209","17024","11483","19732","33469","61611","63184","28706","325210","29332","17828","28107","46607","84157","81565","37614","192684","18435","13678","20334","32132","49377","42493","16235","161542","18715","15303","17530","25521","39526","32842","12105","218618","28592","24635","28033","34434","47730","40428","14766","243975","27657","20660","26946","39667","60456","49499","19091","288542","25551","15460","29026","46756","76781","66273","28695","229670","19299","11940","21393","36508","59303","55969","25258","133900","13262","8666","13940","21789","34546","30712","10985","165099","26243","16040","19287","28235","37688","28010","9595","105792","10518","6317","10065","16560","26728","25854","9750","151346","13174","9518","16468","25286","38910","34228","13762","188717","12994","9547","17763","26188","48190","49366","24669","328018","29557","16221","29288","46448","82302","84913","39288","178481","17112","11519","19497","28451","44000","40695","17207","159385","18248","13827","16694","24994","38667","33864","13092","205413","29727","18614","24652","33284","45537","39023","14576","176427","11249","10326","16592","26509","46637","45486","19629","326012","39425","23537","36276","52597","76141","68195","29842","231890","19146","11940","21245","34879","59139","58654","26886","133590","11939","7802","13042","20613","33411","32983","13800","118785","14102","7834","12372","19821","28824","26332","9499","181627","25042","16399","21498","29546","41487","35233","12423","155034","11500","9647","16621","24913","39452","37498","15403",
"경상남도","합천군","감소","외국인","847","14","271","328","90","78","46","20","837","14","268","324","90","76","47","18","833","13","272","320","89","75","46","18","846","13","280","321","92","75","49","16","838","12","273","319","97","73","48","16","859","10","269","331","109","75","49","16","925","11","281","362","130","77","49","15","930","12","279","366","131","77","49","16","936","12","272","375","138","76","47","16","915","11","266","362","135","81","47","13","907","13","266","359","135","77","45","12","894","16","270","357","116","76","47","12","873","17","257","356","107","78","47","11","893","19","270","359","110","75","49","11","885","17","261","359","113","76","48","11","909","18","275","365","116","76","47","12","963","18","278","391","140","78","46","12","981","17","277","410","145","76","44","12","1032","18","284","421","174","81","43","11","1023","17","277","422","173","78","45","11","1039","18","277","426","183","80","43","12","1030","15","278","413","188","80","44","12","1048","16","304","426","169","78","43","12","1051","19","312","444","153","71","41","11","1076","20","322","450","160","72","41","11","1066","20","320","453","149","71","42","11","1073","22","321","458","145","73","43","11",
